Rank,Category,Final_Score,Similarity_Score,Skill_Match_Score,Missing_Skills
1,AUTOMOBILE,40.32450267859102,46.17786096941574,26.666666666666668,"['mysql', 'aws', 'linux', 'pandas', 'git', 'python', 'data pipeline', 'data pipelines', 'postgresql', 'apache spark', 'spark']"
2,INFORMATION-TECHNOLOGY,31.92489949380854,25.606999276869345,46.666666666666664,"['mysql', 'pandas', 'git', 'data pipeline', 'data pipelines', 'postgresql', 'apache spark', 'spark']"
3,DIGITAL-MEDIA,26.40863913143906,23.440913044912943,33.33333333333333,"['aws', 'data warehousing', 'data warehouse', 'linux', 'pandas', 'data pipeline', 'data pipelines', 'postgresql', 'apache spark', 'spark']"
4,AUTOMOBILE,26.33346180330448,20.476374004720686,40.0,"['aws', 'data warehousing', 'etl', 'data warehouse', 'linux', 'git', 'data pipeline', 'postgresql', 'data pipelines']"
5,ENGINEERING,25.782293747409312,22.54613392487045,33.33333333333333,"['mysql', 'aws', 'etl', 'linux', 'git', 'data pipeline', 'data pipelines', 'postgresql', 'apache spark', 'spark']"
6,AGRICULTURE,25.013664230032838,21.448091757189776,33.33333333333333,"['mysql', 'data warehousing', 'etl', 'data warehouse', 'linux', 'git', 'data pipelines', 'postgresql', 'apache spark', 'spark']"
7,CONSULTANT,24.54284188660963,23.632631266585186,26.666666666666668,"['aws', 'data warehousing', 'etl', 'linux', 'pandas', 'git', 'data pipeline', 'data pipelines', 'postgresql', 'apache spark', 'spark']"
8,DESIGNER,21.426168536424058,19.180240766320082,26.666666666666668,"['aws', 'data warehousing', 'etl', 'data warehouse', 'pandas', 'git', 'data pipeline', 'data pipelines', 'postgresql', 'apache spark', 'spark']"
9,CONSULTANT,21.269820807382242,21.814029724831776,20.0,"['mysql', 'aws', 'data warehousing', 'linux', 'pandas', 'git', 'python', 'data pipeline', 'data pipelines', 'postgresql', 'apache spark', 'spark']"
10,INFORMATION-TECHNOLOGY,20.912394858894025,21.303421226991464,20.0,"['mysql', 'data warehousing', 'etl', 'data warehouse', 'pandas', 'sql', 'git', 'data pipeline', 'data pipelines', 'postgresql', 'apache spark', 'spark']"
11,INFORMATION-TECHNOLOGY,20.42586956398227,17.75124223426039,26.666666666666668,"['data warehousing', 'etl', 'data warehouse', 'pandas', 'git', 'python', 'data pipeline', 'data pipelines', 'postgresql', 'apache spark', 'spark']"
12,AVIATION,19.52276078254607,10.746801117922956,40.0,"['aws', 'data warehousing', 'etl', 'data warehouse', 'pandas', 'data pipeline', 'data pipelines', 'apache spark', 'spark']"
13,SALES,18.976535878807084,18.537908398295837,20.0,"['aws', 'etl', 'data warehouse', 'linux', 'pandas', 'git', 'python', 'data pipeline', 'data pipelines', 'postgresql', 'apache spark', 'spark']"
14,INFORMATION-TECHNOLOGY,18.600145016377688,9.428778594825268,40.0,"['data warehousing', 'etl', 'data warehouse', 'pandas', 'python', 'data pipeline', 'data pipelines', 'apache spark', 'spark']"
15,CONSULTANT,18.598021151554754,12.282887359363938,33.33333333333333,"['aws', 'data warehousing', 'etl', 'pandas', 'python', 'data pipeline', 'data pipelines', 'postgresql', 'apache spark', 'spark']"
16,INFORMATION-TECHNOLOGY,17.056397669608113,12.93771095658302,26.666666666666668,"['aws', 'data warehousing', 'etl', 'pandas', 'git', 'python', 'data pipeline', 'data pipelines', 'postgresql', 'apache spark', 'spark']"
17,AGRICULTURE,16.839450096081002,15.484928708687146,20.0,"['mysql', 'aws', 'data warehousing', 'etl', 'data warehouse', 'linux', 'git', 'data pipeline', 'data pipelines', 'postgresql', 'apache spark', 'spark']"
18,ENGINEERING,16.652137677453965,18.07448239636281,13.333333333333334,"['mysql', 'aws', 'data warehousing', 'data warehouse', 'linux', 'pandas', 'python', 'git', 'data pipeline', 'spark', 'postgresql', 'apache spark', 'data pipelines']"
19,ENGINEERING,16.391600291019103,9.130857558598722,33.33333333333333,"['mysql', 'aws', 'data warehousing', 'etl', 'data warehouse', 'pandas', 'data pipeline', 'data pipelines', 'apache spark', 'spark']"
20,BANKING,16.135451511672013,8.764930730960021,33.33333333333333,"['data warehousing', 'etl', 'data warehouse', 'pandas', 'python', 'data pipeline', 'data pipelines', 'postgresql', 'apache spark', 'spark']"
21,ENGINEERING,15.349929616048627,7.642756594355185,33.33333333333333,"['mysql', 'data warehousing', 'data warehouse', 'linux', 'pandas', 'data pipeline', 'data pipelines', 'postgresql', 'apache spark', 'spark']"
22,CONSULTANT,14.865608704985894,12.66515529283699,20.0,"['aws', 'data warehousing', 'etl', 'data warehouse', 'pandas', 'git', 'python', 'data pipeline', 'data pipelines', 'postgresql', 'apache spark', 'spark']"
23,ADVOCATE,14.725385742835526,12.464836775479323,20.0,"['mysql', 'data warehousing', 'etl', 'data warehouse', 'pandas', 'git', 'python', 'data pipeline', 'data pipelines', 'postgresql', 'apache spark', 'spark']"
24,BANKING,14.567123770979238,12.238748244256056,20.0,"['mysql', 'aws', 'etl', 'linux', 'pandas', 'git', 'python', 'data pipeline', 'data pipelines', 'postgresql', 'apache spark', 'spark']"
25,CONSULTANT,14.52149690658089,9.316424152258415,26.666666666666668,"['data warehousing', 'etl', 'data warehouse', 'pandas', 'git', 'python', 'data pipeline', 'data pipelines', 'postgresql', 'apache spark', 'spark']"
26,INFORMATION-TECHNOLOGY,14.11685731222537,11.595510446036245,20.0,"['aws', 'data warehousing', 'etl', 'data warehouse', 'pandas', 'git', 'python', 'data pipeline', 'data pipelines', 'postgresql', 'apache spark', 'spark']"
27,DIGITAL-MEDIA,14.099538304408359,8.713626149154798,26.666666666666668,"['aws', 'data warehousing', 'etl', 'linux', 'pandas', 'python', 'data pipeline', 'data pipelines', 'postgresql', 'apache spark', 'spark']"
28,INFORMATION-TECHNOLOGY,14.082934977647378,8.689907110924826,26.666666666666668,"['aws', 'data warehousing', 'etl', 'linux', 'pandas', 'python', 'data pipeline', 'data pipelines', 'postgresql', 'apache spark', 'spark']"
29,INFORMATION-TECHNOLOGY,14.00049181730319,14.286416881861703,13.333333333333334,"['mysql', 'aws', 'data warehousing', 'etl', 'data warehouse', 'linux', 'pandas', 'git', 'data pipeline', 'spark', 'postgresql', 'apache spark', 'data pipelines']"
30,INFORMATION-TECHNOLOGY,13.995347096092763,8.564781565846804,26.666666666666668,"['aws', 'data warehousing', 'etl', 'linux', 'pandas', 'python', 'data pipeline', 'data pipelines', 'postgresql', 'apache spark', 'spark']"
31,AVIATION,13.976984505142294,8.538549293060422,26.666666666666668,"['mysql', 'data warehousing', 'etl', 'data warehouse', 'pandas', 'python', 'data pipeline', 'data pipelines', 'postgresql', 'apache spark', 'spark']"
32,INFORMATION-TECHNOLOGY,13.937621667657467,8.482316668082095,26.666666666666668,"['mysql', 'aws', 'linux', 'pandas', 'git', 'python', 'data pipeline', 'data pipelines', 'postgresql', 'apache spark', 'spark']"
33,AVIATION,13.831587338276515,11.187981911823593,20.0,"['mysql', 'aws', 'data warehousing', 'etl', 'data warehouse', 'pandas', 'git', 'data pipeline', 'data pipelines', 'postgresql', 'apache spark', 'spark']"
34,CONSULTANT,13.812445311728322,5.4463504453261775,33.33333333333333,"['aws', 'data warehousing', 'etl', 'data warehouse', 'pandas', 'data pipeline', 'data pipelines', 'postgresql', 'apache spark', 'spark']"
35,INFORMATION-TECHNOLOGY,13.794305084452976,11.134721549218538,20.0,"['mysql', 'aws', 'data warehousing', 'data warehouse', 'linux', 'pandas', 'python', 'data pipeline', 'data pipelines', 'postgresql', 'apache spark', 'spark']"
36,INFORMATION-TECHNOLOGY,13.455856038457409,10.651222912082014,20.0,"['mysql', 'aws', 'data warehousing', 'etl', 'linux', 'pandas', 'python', 'data pipeline', 'data pipelines', 'postgresql', 'apache spark', 'spark']"
37,INFORMATION-TECHNOLOGY,13.207791140757774,10.296844486796822,20.0,"['aws', 'data warehousing', 'etl', 'data warehouse', 'linux', 'pandas', 'python', 'data pipeline', 'data pipelines', 'postgresql', 'apache spark', 'spark']"
38,ARTS,13.205516045059275,7.4364514929418215,26.666666666666668,"['aws', 'etl', 'data warehouse', 'linux', 'pandas', 'git', 'python', 'data pipeline', 'postgresql', 'apache spark', 'data pipelines']"
39,CONSULTANT,13.003518308338622,7.147883297626604,26.666666666666668,"['aws', 'data warehousing', 'etl', 'data warehouse', 'pandas', 'python', 'data pipeline', 'data pipelines', 'postgresql', 'apache spark', 'spark']"
40,ENGINEERING,12.829521243316211,4.042173204737447,33.33333333333333,"['mysql', 'aws', 'data warehousing', 'etl', 'data warehouse', 'data pipeline', 'data pipelines', 'postgresql', 'apache spark', 'spark']"
41,INFORMATION-TECHNOLOGY,12.77292692829622,9.67560989756603,20.0,"['mysql', 'aws', 'data warehousing', 'etl', 'data warehouse', 'pandas', 'python', 'data pipeline', 'data pipelines', 'postgresql', 'apache spark', 'spark']"
42,INFORMATION-TECHNOLOGY,12.65868410452932,9.512405863613314,20.0,"['mysql', 'aws', 'data warehousing', 'etl', 'data warehouse', 'linux', 'pandas', 'data pipeline', 'data pipelines', 'postgresql', 'apache spark', 'spark']"
43,FITNESS,12.643784474680569,9.491120678115099,20.0,"['mysql', 'aws', 'data warehousing', 'etl', 'data warehouse', 'pandas', 'git', 'data pipeline', 'data pipelines', 'postgresql', 'apache spark', 'spark']"
44,CONSULTANT,12.503440506405305,9.290629294864722,20.0,"['mysql', 'aws', 'data warehousing', 'etl', 'data warehouse', 'linux', 'pandas', 'data pipeline', 'data pipelines', 'postgresql', 'apache spark', 'spark']"
45,HR,12.364891651872336,6.235559502674765,26.666666666666668,"['mysql', 'etl', 'data warehouse', 'pandas', 'git', 'python', 'data pipeline', 'data pipelines', 'postgresql', 'apache spark', 'spark']"
46,CONSULTANT,12.2393995979453,11.77057085420757,13.333333333333334,"['mysql', 'aws', 'data warehousing', 'etl', 'data warehouse', 'pandas', 'python', 'git', 'data pipeline', 'spark', 'postgresql', 'apache spark', 'data pipelines']"
47,INFORMATION-TECHNOLOGY,12.10962901170928,8.728041445298974,20.0,"['aws', 'data warehousing', 'etl', 'data warehouse', 'pandas', 'git', 'python', 'data pipeline', 'data pipelines', 'postgresql', 'apache spark', 'spark']"
48,INFORMATION-TECHNOLOGY,11.882442140983613,8.403488772833734,20.0,"['aws', 'data warehousing', 'etl', 'data warehouse', 'pandas', 'git', 'python', 'data pipeline', 'data pipelines', 'postgresql', 'apache spark', 'spark']"
49,CONSULTANT,11.8658860665041,8.379837237862999,20.0,"['aws', 'data warehousing', 'etl', 'data warehouse', 'pandas', 'git', 'python', 'data pipeline', 'data pipelines', 'postgresql', 'apache spark', 'spark']"
50,ENGINEERING,11.738405296244892,5.3405789946355595,26.666666666666668,"['mysql', 'aws', 'data warehousing', 'etl', 'data warehouse', 'pandas', 'data pipeline', 'data pipelines', 'postgresql', 'apache spark', 'spark']"
51,PUBLIC-RELATIONS,11.568421790774394,7.954888272534849,20.0,"['mysql', 'aws', 'data warehousing', 'etl', 'data warehouse', 'pandas', 'python', 'data pipeline', 'data pipelines', 'postgresql', 'apache spark', 'spark']"
52,DESIGNER,11.474420901379869,7.820601287685528,20.0,"['aws', 'data warehousing', 'etl', 'data warehouse', 'linux', 'pandas', 'python', 'data pipeline', 'data pipelines', 'postgresql', 'apache spark', 'spark']"
53,ENGINEERING,11.088693393198314,7.269561990283306,20.0,"['mysql', 'aws', 'data warehousing', 'etl', 'data warehouse', 'pandas', 'sql', 'data pipeline', 'data pipelines', 'postgresql', 'apache spark', 'spark']"
54,ADVOCATE,11.061502255336352,7.2307175076233605,20.0,"['mysql', 'aws', 'data warehousing', 'etl', 'linux', 'pandas', 'python', 'data pipeline', 'data pipelines', 'postgresql', 'apache spark', 'spark']"
55,INFORMATION-TECHNOLOGY,11.01206751987844,12.874382171254917,6.666666666666667,"['mysql', 'aws', 'data warehousing', 'etl', 'data warehouse', 'linux', 'pandas', 'python', 'git', 'data pipeline', 'spark', 'postgresql', 'apache spark', 'data pipelines']"
56,ENGINEERING,10.907356830379495,7.010509757684992,20.0,"['mysql', 'aws', 'etl', 'data warehouse', 'pandas', 'git', 'python', 'data pipeline', 'data pipelines', 'postgresql', 'apache spark', 'spark']"
57,CONSULTANT,10.861260721397228,6.944658173424612,20.0,"['mysql', 'data warehousing', 'etl', 'data warehouse', 'pandas', 'git', 'python', 'data pipeline', 'data pipelines', 'postgresql', 'apache spark', 'spark']"
58,BANKING,10.766270889361646,9.666101270516636,13.333333333333334,"['mysql', 'aws', 'data warehousing', 'etl', 'data warehouse', 'pandas', 'python', 'git', 'data pipeline', 'spark', 'postgresql', 'apache spark', 'data pipelines']"
59,BUSINESS-DEVELOPMENT,10.739006743295553,9.627152490422219,13.333333333333334,"['mysql', 'aws', 'data warehousing', 'etl', 'data warehouse', 'linux', 'pandas', 'git', 'data pipeline', 'spark', 'postgresql', 'apache spark', 'data pipelines']"
60,INFORMATION-TECHNOLOGY,10.71309429095918,6.7329918442274,20.0,"['aws', 'data warehousing', 'etl', 'data warehouse', 'pandas', 'git', 'python', 'data pipeline', 'data pipelines', 'postgresql', 'apache spark', 'spark']"
61,INFORMATION-TECHNOLOGY,10.571536910648781,9.3879098723554,13.333333333333334,"['mysql', 'aws', 'data warehousing', 'etl', 'data warehouse', 'pandas', 'python', 'git', 'data pipeline', 'spark', 'postgresql', 'apache spark', 'data pipelines']"
62,CONSULTANT,10.523346696736303,3.6047809953375753,26.666666666666668,"['aws', 'data warehousing', 'etl', 'data warehouse', 'pandas', 'python', 'data pipeline', 'data pipelines', 'postgresql', 'apache spark', 'spark']"
63,CONSULTANT,10.44044600971317,9.2006371567331,13.333333333333334,"['mysql', 'aws', 'data warehousing', 'etl', 'data warehouse', 'linux', 'pandas', 'python', 'data pipeline', 'spark', 'postgresql', 'apache spark', 'data pipelines']"
64,DESIGNER,10.439056907043337,6.341509867204769,20.0,"['aws', 'data warehousing', 'etl', 'data warehouse', 'linux', 'pandas', 'python', 'data pipeline', 'data pipelines', 'postgresql', 'apache spark', 'spark']"
65,HEALTHCARE,10.432308186752174,6.3318688382173915,20.0,"['mysql', 'aws', 'data warehousing', 'etl', 'pandas', 'git', 'python', 'data pipeline', 'data pipelines', 'postgresql', 'apache spark', 'spark']"
66,CONSULTANT,10.310089811397155,6.157271159138795,20.0,"['mysql', 'data warehousing', 'etl', 'data warehouse', 'pandas', 'git', 'python', 'data pipeline', 'data pipelines', 'postgresql', 'apache spark', 'spark']"
67,BPO,10.258978977099357,6.084255681570512,20.0,"['mysql', 'aws', 'data warehousing', 'etl', 'data warehouse', 'pandas', 'python', 'data pipeline', 'data pipelines', 'postgresql', 'apache spark', 'spark']"
68,APPAREL,10.222411866626262,8.889159809466088,13.333333333333334,"['mysql', 'aws', 'data warehousing', 'etl', 'data warehouse', 'linux', 'pandas', 'python', 'data pipeline', 'spark', 'postgresql', 'apache spark', 'data pipelines']"
69,FINANCE,10.021987455464314,8.602839222091879,13.333333333333334,"['mysql', 'aws', 'data warehousing', 'etl', 'linux', 'pandas', 'python', 'git', 'data pipeline', 'spark', 'postgresql', 'apache spark', 'data pipelines']"
70,ENGINEERING,9.888166734113469,8.411666763019241,13.333333333333334,"['mysql', 'aws', 'data warehousing', 'etl', 'data warehouse', 'linux', 'pandas', 'git', 'data pipeline', 'spark', 'postgresql', 'apache spark', 'data pipelines']"
71,AUTOMOBILE,9.872751857417224,8.389645510596036,13.333333333333334,"['mysql', 'aws', 'data warehousing', 'etl', 'data warehouse', 'linux', 'pandas', 'git', 'data pipeline', 'spark', 'postgresql', 'apache spark', 'data pipelines']"
72,DESIGNER,9.865010794355127,8.378586849078754,13.333333333333334,"['mysql', 'aws', 'data warehousing', 'etl', 'data warehouse', 'linux', 'pandas', 'python', 'data pipeline', 'spark', 'postgresql', 'apache spark', 'data pipelines']"
73,BANKING,9.794102344047255,11.134431920067508,6.666666666666667,"['mysql', 'aws', 'data warehousing', 'etl', 'data warehouse', 'linux', 'pandas', 'python', 'git', 'data pipeline', 'spark', 'postgresql', 'apache spark', 'data pipelines']"
74,INFORMATION-TECHNOLOGY,9.650279665029885,8.071828092899835,13.333333333333334,"['mysql', 'aws', 'data warehousing', 'etl', 'data warehouse', 'pandas', 'python', 'git', 'data pipeline', 'spark', 'postgresql', 'apache spark', 'data pipelines']"
75,INFORMATION-TECHNOLOGY,9.64940312580321,5.213433036861727,20.0,"['mysql', 'data warehousing', 'etl', 'data warehouse', 'linux', 'pandas', 'python', 'data pipeline', 'data pipelines', 'postgresql', 'apache spark', 'spark']"
76,INFORMATION-TECHNOLOGY,9.35767735668735,7.653824795267646,13.333333333333334,"['mysql', 'aws', 'data warehousing', 'etl', 'data warehouse', 'linux', 'pandas', 'git', 'data pipeline', 'spark', 'postgresql', 'apache spark', 'data pipelines']"
77,HEALTHCARE,9.311422546454521,7.587746494935031,13.333333333333334,"['mysql', 'aws', 'data warehousing', 'etl', 'data warehouse', 'linux', 'pandas', 'python', 'git', 'data pipeline', 'spark', 'apache spark', 'data pipelines']"
78,INFORMATION-TECHNOLOGY,9.252419517043233,4.646313595776048,20.0,"['aws', 'data warehousing', 'etl', 'data warehouse', 'pandas', 'git', 'python', 'data pipeline', 'data pipelines', 'postgresql', 'apache spark', 'spark']"
79,INFORMATION-TECHNOLOGY,9.225309137371408,7.464727339102013,13.333333333333334,"['mysql', 'aws', 'data warehousing', 'etl', 'linux', 'pandas', 'python', 'git', 'data pipeline', 'spark', 'postgresql', 'apache spark', 'data pipelines']"
80,HEALTHCARE,9.193841620549058,10.276916600784368,6.666666666666667,"['mysql', 'aws', 'data warehousing', 'etl', 'data warehouse', 'linux', 'pandas', 'python', 'git', 'data pipeline', 'spark', 'postgresql', 'apache spark', 'data pipelines']"
81,DESIGNER,9.172490771080785,4.532129672972551,20.0,"['mysql', 'aws', 'data warehousing', 'etl', 'data warehouse', 'pandas', 'sql', 'data pipeline', 'data pipelines', 'postgresql', 'apache spark', 'spark']"
82,INFORMATION-TECHNOLOGY,9.162802750461847,10.23257535780264,6.666666666666667,"['mysql', 'aws', 'data warehousing', 'etl', 'data warehouse', 'linux', 'pandas', 'python', 'git', 'data pipeline', 'spark', 'postgresql', 'apache spark', 'data pipelines']"
83,INFORMATION-TECHNOLOGY,9.09612916536469,7.280184521949559,13.333333333333334,"['mysql', 'aws', 'data warehousing', 'etl', 'data warehouse', 'pandas', 'python', 'git', 'data pipeline', 'spark', 'postgresql', 'apache spark', 'data pipelines']"
84,CONSULTANT,9.043644270810532,7.205206101157902,13.333333333333334,"['mysql', 'aws', 'data warehousing', 'etl', 'data warehouse', 'pandas', 'python', 'git', 'data pipeline', 'spark', 'postgresql', 'apache spark', 'data pipelines']"
85,HEALTHCARE,9.020986199293942,10.029980284705632,6.666666666666667,"['mysql', 'aws', 'data warehousing', 'etl', 'data warehouse', 'pandas', 'sql', 'python', 'git', 'data pipeline', 'spark', 'postgresql', 'apache spark', 'data pipelines']"
86,CONSULTANT,8.988744538780082,9.983920769685831,6.666666666666667,"['mysql', 'aws', 'data warehousing', 'etl', 'data warehouse', 'linux', 'pandas', 'python', 'git', 'data pipeline', 'spark', 'postgresql', 'apache spark', 'data pipelines']"
87,BUSINESS-DEVELOPMENT,8.815036408102618,6.878623440146598,13.333333333333334,"['mysql', 'aws', 'data warehousing', 'etl', 'data warehouse', 'linux', 'pandas', 'git', 'data pipeline', 'spark', 'postgresql', 'apache spark', 'data pipelines']"
88,BANKING,8.725048715715605,6.750069593879438,13.333333333333334,"['mysql', 'aws', 'data warehousing', 'etl', 'data warehouse', 'linux', 'pandas', 'git', 'data pipeline', 'spark', 'postgresql', 'apache spark', 'data pipelines']"
89,ENGINEERING,8.703827918536561,3.862611312195087,20.0,"['mysql', 'data warehousing', 'etl', 'data warehouse', 'pandas', 'sql', 'git', 'data pipeline', 'data pipelines', 'postgresql', 'apache spark', 'spark']"
90,ENGINEERING,8.703341545661713,3.8619164938024477,20.0,"['aws', 'data warehousing', 'etl', 'data warehouse', 'pandas', 'git', 'python', 'data pipeline', 'data pipelines', 'postgresql', 'apache spark', 'spark']"
91,DIGITAL-MEDIA,8.63385982919547,3.762656898850673,20.0,"['aws', 'data warehousing', 'etl', 'data warehouse', 'linux', 'pandas', 'python', 'data pipeline', 'data pipelines', 'postgresql', 'apache spark', 'spark']"
92,INFORMATION-TECHNOLOGY,8.62598187351549,9.465688390736416,6.666666666666667,"['mysql', 'aws', 'data warehousing', 'etl', 'data warehouse', 'linux', 'pandas', 'python', 'git', 'data pipeline', 'spark', 'postgresql', 'apache spark', 'data pipelines']"
93,ENGINEERING,8.583612353221177,3.690874790315969,20.0,"['mysql', 'aws', 'data warehousing', 'etl', 'data warehouse', 'pandas', 'python', 'data pipeline', 'data pipelines', 'postgresql', 'apache spark', 'spark']"
94,ENGINEERING,8.514949599221143,3.5927851417444923,20.0,"['aws', 'data warehousing', 'etl', 'data warehouse', 'pandas', 'git', 'python', 'data pipeline', 'data pipelines', 'postgresql', 'apache spark', 'spark']"
95,DESIGNER,8.483842948926796,6.405489927038281,13.333333333333334,"['mysql', 'aws', 'data warehousing', 'etl', 'data warehouse', 'linux', 'pandas', 'python', 'data pipeline', 'spark', 'postgresql', 'apache spark', 'data pipelines']"
96,ENGINEERING,8.455746975046429,6.365352821494899,13.333333333333334,"['mysql', 'aws', 'data warehousing', 'etl', 'data warehouse', 'linux', 'pandas', 'python', 'data pipeline', 'spark', 'postgresql', 'apache spark', 'data pipelines']"
97,INFORMATION-TECHNOLOGY,8.43674271776009,9.195346739657273,6.666666666666667,"['mysql', 'aws', 'data warehousing', 'etl', 'data warehouse', 'linux', 'pandas', 'python', 'git', 'data pipeline', 'spark', 'postgresql', 'apache spark', 'data pipelines']"
98,FINANCE,8.404785739846735,3.435408199781051,20.0,"['mysql', 'data warehousing', 'etl', 'linux', 'pandas', 'git', 'python', 'data pipeline', 'data pipelines', 'postgresql', 'apache spark', 'spark']"
99,BUSINESS-DEVELOPMENT,8.403471311216483,6.290673301737834,13.333333333333334,"['mysql', 'aws', 'data warehousing', 'etl', 'data warehouse', 'pandas', 'sql', 'git', 'data pipeline', 'spark', 'postgresql', 'apache spark', 'data pipelines']"
100,CONSULTANT,8.311102085854934,6.15871726550705,13.333333333333334,"['aws', 'data warehousing', 'etl', 'data warehouse', 'linux', 'pandas', 'python', 'git', 'data pipeline', 'spark', 'postgresql', 'apache spark', 'data pipelines']"
101,DIGITAL-MEDIA,8.137999574519277,5.911427963598969,13.333333333333334,"['mysql', 'data warehousing', 'etl', 'data warehouse', 'linux', 'pandas', 'git', 'python', 'data pipeline', 'data pipelines', 'postgresql', 'apache spark', 'spark']"
102,INFORMATION-TECHNOLOGY,8.10914220960335,5.870203156576215,13.333333333333334,"['mysql', 'aws', 'data warehousing', 'etl', 'linux', 'pandas', 'python', 'git', 'data pipeline', 'spark', 'postgresql', 'apache spark', 'data pipelines']"
103,INFORMATION-TECHNOLOGY,8.04258486613849,8.63226409448356,6.666666666666667,"['mysql', 'aws', 'data warehousing', 'etl', 'data warehouse', 'pandas', 'sql', 'python', 'git', 'data pipeline', 'spark', 'postgresql', 'apache spark', 'data pipelines']"
104,DIGITAL-MEDIA,8.025380814570664,5.750544020815233,13.333333333333334,"['mysql', 'aws', 'data warehousing', 'etl', 'data warehouse', 'linux', 'pandas', 'python', 'data pipeline', 'spark', 'postgresql', 'apache spark', 'data pipelines']"
105,CONSULTANT,8.006286868732822,5.723266955332602,13.333333333333334,"['mysql', 'aws', 'data warehousing', 'etl', 'linux', 'pandas', 'python', 'git', 'data pipeline', 'spark', 'postgresql', 'apache spark', 'data pipelines']"
106,INFORMATION-TECHNOLOGY,7.99707064465044,2.8529580637863425,20.0,"['mysql', 'aws', 'data warehousing', 'etl', 'data warehouse', 'pandas', 'sql', 'python', 'data pipeline', 'postgresql', 'apache spark', 'data pipelines']"
107,ADVOCATE,7.940802188503372,5.6297174121476745,13.333333333333334,"['mysql', 'aws', 'data warehousing', 'etl', 'data warehouse', 'pandas', 'sql', 'git', 'data pipeline', 'spark', 'postgresql', 'apache spark', 'data pipelines']"
108,CONSULTANT,7.9133035828829,5.5904336898327145,13.333333333333334,"['mysql', 'data warehousing', 'etl', 'data warehouse', 'linux', 'pandas', 'git', 'python', 'data pipeline', 'data pipelines', 'postgresql', 'apache spark', 'spark']"
109,BUSINESS-DEVELOPMENT,7.83684866439339,5.481212377704843,13.333333333333334,"['mysql', 'aws', 'data warehousing', 'etl', 'data warehouse', 'linux', 'pandas', 'python', 'data pipeline', 'spark', 'postgresql', 'apache spark', 'data pipelines']"
110,INFORMATION-TECHNOLOGY,7.819508377477666,5.456440539253809,13.333333333333334,"['mysql', 'aws', 'data warehousing', 'etl', 'data warehouse', 'pandas', 'git', 'python', 'data pipeline', 'data pipelines', 'postgresql', 'apache spark', 'spark']"
111,CONSULTANT,7.664477378325985,5.234967683322838,13.333333333333334,"['mysql', 'aws', 'data warehousing', 'etl', 'linux', 'pandas', 'python', 'git', 'data pipeline', 'spark', 'postgresql', 'apache spark', 'data pipelines']"
112,INFORMATION-TECHNOLOGY,7.627613630057847,5.182305185796925,13.333333333333334,"['mysql', 'aws', 'data warehousing', 'etl', 'data warehouse', 'pandas', 'python', 'git', 'data pipeline', 'spark', 'postgresql', 'apache spark', 'data pipelines']"
113,AVIATION,7.510504931688157,5.0150070452687965,13.333333333333334,"['mysql', 'aws', 'data warehousing', 'etl', 'data warehouse', 'linux', 'pandas', 'sql', 'data pipeline', 'spark', 'postgresql', 'apache spark', 'data pipelines']"
114,INFORMATION-TECHNOLOGY,7.485127949566738,4.97875421366677,13.333333333333334,"['mysql', 'aws', 'data warehousing', 'etl', 'data warehouse', 'pandas', 'python', 'git', 'data pipeline', 'spark', 'postgresql', 'apache spark', 'data pipelines']"
115,ENGINEERING,7.484859188055247,7.83551312579321,6.666666666666667,"['mysql', 'aws', 'data warehousing', 'data warehouse', 'linux', 'pandas', 'sql', 'python', 'git', 'data pipeline', 'spark', 'postgresql', 'apache spark', 'data pipelines']"
116,DIGITAL-MEDIA,7.46779519991924,2.0968502855989146,20.0,"['aws', 'data warehousing', 'etl', 'data warehouse', 'pandas', 'git', 'python', 'data pipeline', 'data pipelines', 'postgresql', 'apache spark', 'spark']"
117,ADVOCATE,7.458770329245471,7.798243327493531,6.666666666666667,"['mysql', 'aws', 'data warehousing', 'etl', 'data warehouse', 'linux', 'pandas', 'python', 'git', 'data pipeline', 'spark', 'postgresql', 'apache spark', 'data pipelines']"
118,ENGINEERING,7.454590554476498,4.935129363537854,13.333333333333334,"['mysql', 'aws', 'data warehousing', 'etl', 'data warehouse', 'pandas', 'sql', 'python', 'data pipeline', 'spark', 'postgresql', 'apache spark', 'data pipelines']"
119,INFORMATION-TECHNOLOGY,7.38752233793443,4.839317625620615,13.333333333333334,"['mysql', 'aws', 'data warehousing', 'etl', 'data warehouse', 'pandas', 'python', 'git', 'data pipeline', 'spark', 'postgresql', 'apache spark', 'data pipelines']"
120,BPO,7.359432872946409,7.656332675637728,6.666666666666667,"['mysql', 'aws', 'data warehousing', 'etl', 'data warehouse', 'linux', 'pandas', 'python', 'git', 'data pipeline', 'spark', 'postgresql', 'apache spark', 'data pipelines']"
121,INFORMATION-TECHNOLOGY,7.348740723839682,7.641058176913831,6.666666666666667,"['mysql', 'aws', 'data warehousing', 'etl', 'data warehouse', 'pandas', 'sql', 'python', 'git', 'data pipeline', 'spark', 'postgresql', 'apache spark', 'data pipelines']"
122,CONSULTANT,7.266225168083594,7.523178811547991,6.666666666666667,"['mysql', 'aws', 'data warehousing', 'data warehouse', 'linux', 'pandas', 'sql', 'python', 'git', 'data pipeline', 'spark', 'postgresql', 'apache spark', 'data pipelines']"
123,CONSULTANT,7.202355627434425,4.57479375347775,13.333333333333334,"['aws', 'data warehousing', 'etl', 'data warehouse', 'linux', 'pandas', 'python', 'git', 'data pipeline', 'spark', 'postgresql', 'apache spark', 'data pipelines']"
124,CONSULTANT,7.006823493005671,4.295462132865245,13.333333333333334,"['mysql', 'aws', 'data warehousing', 'etl', 'data warehouse', 'linux', 'pandas', 'git', 'data pipeline', 'spark', 'postgresql', 'apache spark', 'data pipelines']"
125,ENGINEERING,7.002133435666224,4.288762050951749,13.333333333333334,"['mysql', 'aws', 'data warehousing', 'etl', 'data warehouse', 'linux', 'pandas', 'git', 'data pipeline', 'spark', 'postgresql', 'apache spark', 'data pipelines']"
126,BANKING,6.999875151626081,7.142678788037259,6.666666666666667,"['mysql', 'aws', 'data warehousing', 'etl', 'data warehouse', 'linux', 'pandas', 'python', 'git', 'data pipeline', 'spark', 'postgresql', 'apache spark', 'data pipelines']"
127,PUBLIC-RELATIONS,6.9297494512104345,7.042499216014907,6.666666666666667,"['mysql', 'aws', 'data warehousing', 'etl', 'data warehouse', 'linux', 'pandas', 'python', 'git', 'data pipeline', 'spark', 'postgresql', 'apache spark', 'data pipelines']"
128,INFORMATION-TECHNOLOGY,6.840079847095883,6.914399781565547,6.666666666666667,"['mysql', 'aws', 'data warehousing', 'etl', 'data warehouse', 'linux', 'pandas', 'python', 'git', 'data pipeline', 'spark', 'postgresql', 'apache spark', 'data pipelines']"
129,INFORMATION-TECHNOLOGY,6.749795295532824,3.92827899361832,13.333333333333334,"['mysql', 'aws', 'data warehousing', 'etl', 'data warehouse', 'pandas', 'sql', 'python', 'data pipeline', 'spark', 'postgresql', 'apache spark', 'data pipelines']"
130,ADVOCATE,6.747331732666982,3.924759618095689,13.333333333333334,"['aws', 'data warehousing', 'etl', 'data warehouse', 'linux', 'pandas', 'python', 'git', 'data pipeline', 'spark', 'postgresql', 'apache spark', 'data pipelines']"
131,CONSTRUCTION,6.699871410413855,3.8569591577340785,13.333333333333334,"['mysql', 'data warehousing', 'etl', 'data warehouse', 'linux', 'pandas', 'sql', 'python', 'data pipeline', 'spark', 'postgresql', 'apache spark', 'data pipelines']"
132,ENGINEERING,6.699289901561359,3.8561284308019417,13.333333333333334,"['aws', 'data warehousing', 'etl', 'data warehouse', 'linux', 'pandas', 'python', 'git', 'data pipeline', 'spark', 'postgresql', 'apache spark', 'data pipelines']"
133,INFORMATION-TECHNOLOGY,6.649501863956533,9.499288377080761,0.0,"['mysql', 'aws', 'data warehousing', 'etl', 'data warehouse', 'linux', 'pandas', 'sql', 'python', 'git', 'data pipeline', 'spark', 'postgresql', 'apache spark', 'data pipelines']"
134,ENGINEERING,6.645326541056295,6.636180772937564,6.666666666666667,"['mysql', 'aws', 'data warehousing', 'etl', 'data warehouse', 'linux', 'pandas', 'sql', 'git', 'data pipeline', 'spark', 'postgresql', 'apache spark', 'data pipelines']"
135,DIGITAL-MEDIA,6.567947884531406,6.525639835044865,6.666666666666667,"['mysql', 'aws', 'data warehousing', 'etl', 'data warehouse', 'linux', 'pandas', 'sql', 'python', 'data pipeline', 'spark', 'postgresql', 'apache spark', 'data pipelines']"
136,INFORMATION-TECHNOLOGY,6.5488034640113995,6.498290662873428,6.666666666666667,"['mysql', 'aws', 'data warehousing', 'etl', 'data warehouse', 'linux', 'pandas', 'python', 'git', 'data pipeline', 'spark', 'postgresql', 'apache spark', 'data pipelines']"
137,AUTOMOBILE,6.524605861876848,6.46372265982407,6.666666666666667,"['mysql', 'data warehousing', 'etl', 'data warehouse', 'linux', 'pandas', 'sql', 'python', 'git', 'data pipeline', 'spark', 'postgresql', 'apache spark', 'data pipelines']"
138,CONSTRUCTION,6.488770632126029,3.555386617322899,13.333333333333334,"['mysql', 'data warehousing', 'etl', 'data warehouse', 'pandas', 'sql', 'python', 'git', 'data pipeline', 'spark', 'postgresql', 'apache spark', 'data pipelines']"
139,ENGINEERING,6.409517329816394,6.299310471166277,6.666666666666667,"['mysql', 'aws', 'data warehousing', 'etl', 'data warehouse', 'linux', 'pandas', 'sql', 'git', 'data pipeline', 'spark', 'postgresql', 'apache spark', 'data pipelines']"
140,CONSULTANT,6.4017469317822595,6.288209902546085,6.666666666666667,"['mysql', 'aws', 'data warehousing', 'etl', 'data warehouse', 'linux', 'pandas', 'python', 'git', 'data pipeline', 'spark', 'postgresql', 'apache spark', 'data pipelines']"
141,INFORMATION-TECHNOLOGY,6.391908089569281,3.4170115565275445,13.333333333333334,"['mysql', 'aws', 'data warehousing', 'etl', 'data warehouse', 'pandas', 'git', 'python', 'data pipeline', 'data pipelines', 'postgresql', 'apache spark', 'spark']"
142,CONSULTANT,6.3800975438035525,6.257282205433647,6.666666666666667,"['mysql', 'aws', 'data warehousing', 'etl', 'data warehouse', 'linux', 'pandas', 'python', 'git', 'data pipeline', 'spark', 'postgresql', 'apache spark', 'data pipelines']"
143,HEALTHCARE,6.35018843173732,6.214554902481886,6.666666666666667,"['mysql', 'aws', 'data warehousing', 'etl', 'data warehouse', 'linux', 'pandas', 'sql', 'python', 'data pipeline', 'spark', 'postgresql', 'apache spark', 'data pipelines']"
144,HR,6.346953534346751,6.209933620495359,6.666666666666667,"['mysql', 'data warehousing', 'etl', 'data warehouse', 'linux', 'pandas', 'sql', 'python', 'git', 'data pipeline', 'spark', 'postgresql', 'apache spark', 'data pipelines']"
145,HEALTHCARE,6.330461037889,6.18637291127,6.666666666666667,"['mysql', 'aws', 'data warehousing', 'etl', 'data warehouse', 'linux', 'pandas', 'python', 'git', 'data pipeline', 'spark', 'postgresql', 'apache spark', 'data pipelines']"
146,FINANCE,6.329321249629089,6.184744642327271,6.666666666666667,"['mysql', 'data warehousing', 'etl', 'data warehouse', 'linux', 'pandas', 'sql', 'python', 'git', 'data pipeline', 'spark', 'postgresql', 'apache spark', 'data pipelines']"
147,AVIATION,6.3292136506757295,6.184590929536757,6.666666666666667,"['mysql', 'aws', 'data warehousing', 'data warehouse', 'linux', 'pandas', 'sql', 'python', 'git', 'data pipeline', 'spark', 'postgresql', 'apache spark', 'data pipelines']"
148,BANKING,6.2917368175732555,6.131052596533222,6.666666666666667,"['mysql', 'aws', 'data warehousing', 'etl', 'data warehouse', 'linux', 'pandas', 'python', 'git', 'data pipeline', 'spark', 'postgresql', 'apache spark', 'data pipelines']"
149,ENGINEERING,6.283985318950079,3.2628361699286845,13.333333333333334,"['aws', 'data warehousing', 'etl', 'data warehouse', 'linux', 'pandas', 'python', 'git', 'data pipeline', 'spark', 'postgresql', 'apache spark', 'data pipelines']"
150,INFORMATION-TECHNOLOGY,6.218465568754452,6.026379383934931,6.666666666666667,"['mysql', 'aws', 'data warehousing', 'etl', 'data warehouse', 'linux', 'pandas', 'python', 'git', 'data pipeline', 'spark', 'postgresql', 'apache spark', 'data pipelines']"
151,BUSINESS-DEVELOPMENT,6.169952809604914,5.957075442292735,6.666666666666667,"['mysql', 'aws', 'data warehousing', 'etl', 'data warehouse', 'linux', 'pandas', 'python', 'git', 'data pipeline', 'spark', 'postgresql', 'apache spark', 'data pipelines']"
152,DIGITAL-MEDIA,6.1602488492780125,3.086069784682876,13.333333333333334,"['mysql', 'aws', 'data warehousing', 'etl', 'data warehouse', 'linux', 'pandas', 'python', 'data pipeline', 'spark', 'postgresql', 'apache spark', 'data pipelines']"
153,ADVOCATE,6.145269812068139,5.921814017240198,6.666666666666667,"['mysql', 'data warehousing', 'etl', 'data warehouse', 'linux', 'pandas', 'sql', 'python', 'git', 'data pipeline', 'spark', 'postgresql', 'apache spark', 'data pipelines']"
154,BANKING,6.1315124366464335,3.0450177666377627,13.333333333333334,"['mysql', 'aws', 'data warehousing', 'etl', 'data warehouse', 'pandas', 'python', 'git', 'data pipeline', 'spark', 'postgresql', 'apache spark', 'data pipelines']"
155,BPO,6.095720875552201,5.851029822217431,6.666666666666667,"['mysql', 'aws', 'data warehousing', 'etl', 'data warehouse', 'linux', 'pandas', 'python', 'git', 'data pipeline', 'spark', 'postgresql', 'apache spark', 'data pipelines']"
156,INFORMATION-TECHNOLOGY,6.00011373800482,5.714448197149743,6.666666666666667,"['mysql', 'aws', 'data warehousing', 'etl', 'data warehouse', 'linux', 'pandas', 'python', 'git', 'data pipeline', 'spark', 'postgresql', 'apache spark', 'data pipelines']"
157,CONSULTANT,5.999206331693771,2.856009045276816,13.333333333333334,"['mysql', 'aws', 'data warehousing', 'etl', 'linux', 'pandas', 'python', 'git', 'data pipeline', 'spark', 'postgresql', 'apache spark', 'data pipelines']"
158,ENGINEERING,5.989392646636784,2.8419894951954054,13.333333333333334,"['mysql', 'aws', 'data warehousing', 'etl', 'data warehouse', 'pandas', 'sql', 'python', 'data pipeline', 'spark', 'postgresql', 'apache spark', 'data pipelines']"
159,BANKING,5.944101950027086,5.634431357181551,6.666666666666667,"['mysql', 'aws', 'data warehousing', 'etl', 'data warehouse', 'linux', 'pandas', 'sql', 'git', 'data pipeline', 'spark', 'postgresql', 'apache spark', 'data pipelines']"
160,INFORMATION-TECHNOLOGY,5.938854189449197,2.769791699213138,13.333333333333334,"['mysql', 'aws', 'data warehousing', 'etl', 'data warehouse', 'pandas', 'python', 'git', 'data pipeline', 'spark', 'postgresql', 'apache spark', 'data pipelines']"
161,AUTOMOBILE,5.937643683102305,5.625205261574721,6.666666666666667,"['mysql', 'aws', 'data warehousing', 'etl', 'data warehouse', 'linux', 'pandas', 'python', 'git', 'data pipeline', 'spark', 'postgresql', 'apache spark', 'data pipelines']"
162,PUBLIC-RELATIONS,5.899270299604806,5.5703861422925804,6.666666666666667,"['mysql', 'data warehousing', 'etl', 'data warehouse', 'linux', 'pandas', 'sql', 'python', 'git', 'data pipeline', 'spark', 'postgresql', 'apache spark', 'data pipelines']"
163,DIGITAL-MEDIA,5.877787708935799,2.682553869908284,13.333333333333334,"['mysql', 'aws', 'data warehousing', 'etl', 'data warehouse', 'linux', 'pandas', 'python', 'data pipeline', 'spark', 'postgresql', 'apache spark', 'data pipelines']"
164,AVIATION,5.876107917340775,2.6801541676296785,13.333333333333334,"['mysql', 'aws', 'data warehousing', 'etl', 'linux', 'pandas', 'sql', 'python', 'data pipeline', 'spark', 'postgresql', 'apache spark', 'data pipelines']"
165,INFORMATION-TECHNOLOGY,5.821581673194427,2.6022595331348968,13.333333333333334,"['mysql', 'aws', 'data warehousing', 'etl', 'data warehouse', 'pandas', 'sql', 'python', 'data pipeline', 'spark', 'postgresql', 'apache spark', 'data pipelines']"
166,DIGITAL-MEDIA,5.813343252188855,2.5904903602697935,13.333333333333334,"['mysql', 'aws', 'data warehousing', 'etl', 'data warehouse', 'linux', 'pandas', 'python', 'data pipeline', 'spark', 'postgresql', 'apache spark', 'data pipelines']"
167,SALES,5.809724007638208,5.442462868054584,6.666666666666667,"['mysql', 'data warehousing', 'etl', 'data warehouse', 'linux', 'pandas', 'sql', 'python', 'git', 'data pipeline', 'spark', 'postgresql', 'apache spark', 'data pipelines']"
168,ENGINEERING,5.765350684327148,5.37907240618164,6.666666666666667,"['mysql', 'aws', 'data warehousing', 'etl', 'data warehouse', 'linux', 'pandas', 'python', 'git', 'data pipeline', 'spark', 'postgresql', 'apache spark', 'data pipelines']"
169,AVIATION,5.76401044620018,5.377157780285971,6.666666666666667,"['mysql', 'aws', 'data warehousing', 'etl', 'data warehouse', 'pandas', 'sql', 'python', 'git', 'data pipeline', 'spark', 'postgresql', 'apache spark', 'data pipelines']"
170,SALES,5.7563314362446505,2.50904490892093,13.333333333333334,"['mysql', 'aws', 'data warehousing', 'etl', 'pandas', 'sql', 'python', 'git', 'data pipeline', 'spark', 'postgresql', 'apache spark', 'data pipelines']"
171,CONSTRUCTION,5.7342846255641895,5.334692322234558,6.666666666666667,"['mysql', 'aws', 'data warehousing', 'data warehouse', 'linux', 'pandas', 'sql', 'python', 'git', 'data pipeline', 'spark', 'postgresql', 'apache spark', 'data pipelines']"
172,INFORMATION-TECHNOLOGY,5.688404477718791,2.4120063967411296,13.333333333333334,"['mysql', 'data warehousing', 'etl', 'data warehouse', 'linux', 'pandas', 'python', 'git', 'data pipeline', 'spark', 'postgresql', 'apache spark', 'data pipelines']"
173,AGRICULTURE,5.622451139170016,2.317787341671452,13.333333333333334,"['mysql', 'data warehousing', 'etl', 'data warehouse', 'linux', 'pandas', 'sql', 'python', 'data pipeline', 'spark', 'postgresql', 'apache spark', 'data pipelines']"
174,INFORMATION-TECHNOLOGY,5.610594011899273,8.015134302713248,0.0,"['mysql', 'aws', 'data warehousing', 'etl', 'data warehouse', 'linux', 'pandas', 'sql', 'python', 'git', 'data pipeline', 'spark', 'postgresql', 'apache spark', 'data pipelines']"
175,CONSTRUCTION,5.600531268969488,2.286473241384982,13.333333333333334,"['aws', 'data warehousing', 'etl', 'data warehouse', 'linux', 'pandas', 'python', 'git', 'data pipeline', 'spark', 'postgresql', 'apache spark', 'data pipelines']"
176,DIGITAL-MEDIA,5.59146360504834,2.2735194357833435,13.333333333333334,"['mysql', 'aws', 'data warehousing', 'etl', 'data warehouse', 'linux', 'pandas', 'python', 'data pipeline', 'spark', 'postgresql', 'apache spark', 'data pipelines']"
177,INFORMATION-TECHNOLOGY,5.58415174843588,2.263073926336971,13.333333333333334,"['mysql', 'aws', 'data warehousing', 'etl', 'data warehouse', 'pandas', 'git', 'python', 'data pipeline', 'data pipelines', 'postgresql', 'apache spark', 'spark']"
178,BUSINESS-DEVELOPMENT,5.537822175169277,2.196888821670395,13.333333333333334,"['mysql', 'data warehousing', 'etl', 'data warehouse', 'linux', 'pandas', 'sql', 'python', 'data pipeline', 'spark', 'postgresql', 'apache spark', 'data pipelines']"
179,ENGINEERING,5.533752525789727,7.905360751128182,0.0,"['mysql', 'aws', 'data warehousing', 'etl', 'data warehouse', 'linux', 'pandas', 'sql', 'python', 'git', 'data pipeline', 'spark', 'postgresql', 'apache spark', 'data pipelines']"
180,FINANCE,5.511712606293214,2.159589437561734,13.333333333333334,"['mysql', 'data warehousing', 'etl', 'data warehouse', 'linux', 'pandas', 'python', 'git', 'data pipeline', 'spark', 'postgresql', 'apache spark', 'data pipelines']"
181,FITNESS,5.49938904413926,2.141984348770372,13.333333333333334,"['mysql', 'data warehousing', 'etl', 'data warehouse', 'linux', 'pandas', 'sql', 'python', 'data pipeline', 'spark', 'postgresql', 'apache spark', 'data pipelines']"
182,DIGITAL-MEDIA,5.497605761894609,2.1394368027065838,13.333333333333334,"['mysql', 'data warehousing', 'etl', 'data warehouse', 'linux', 'pandas', 'sql', 'python', 'data pipeline', 'spark', 'postgresql', 'apache spark', 'data pipelines']"
183,INFORMATION-TECHNOLOGY,5.49281771457346,4.989739592247799,6.666666666666667,"['mysql', 'aws', 'data warehousing', 'etl', 'data warehouse', 'linux', 'pandas', 'python', 'git', 'data pipeline', 'spark', 'postgresql', 'apache spark', 'data pipelines']"
184,INFORMATION-TECHNOLOGY,5.49005519699014,2.1286502814144854,13.333333333333334,"['mysql', 'aws', 'data warehousing', 'etl', 'data warehouse', 'linux', 'pandas', 'python', 'data pipeline', 'spark', 'postgresql', 'apache spark', 'data pipelines']"
185,BANKING,5.489118960860058,4.984455658371512,6.666666666666667,"['mysql', 'aws', 'data warehousing', 'etl', 'data warehouse', 'linux', 'pandas', 'python', 'git', 'data pipeline', 'spark', 'postgresql', 'apache spark', 'data pipelines']"
186,HEALTHCARE,5.472413623244053,2.103448033205791,13.333333333333334,"['mysql', 'data warehousing', 'etl', 'data warehouse', 'linux', 'pandas', 'sql', 'python', 'data pipeline', 'spark', 'postgresql', 'apache spark', 'data pipelines']"
187,CONSULTANT,5.450277841808661,2.071825488298087,13.333333333333334,"['mysql', 'aws', 'data warehousing', 'etl', 'data warehouse', 'linux', 'pandas', 'python', 'data pipeline', 'spark', 'postgresql', 'apache spark', 'data pipelines']"
188,INFORMATION-TECHNOLOGY,5.431154665231228,4.901649521758897,6.666666666666667,"['mysql', 'aws', 'data warehousing', 'etl', 'data warehouse', 'linux', 'pandas', 'sql', 'git', 'data pipeline', 'spark', 'postgresql', 'apache spark', 'data pipelines']"
189,HEALTHCARE,5.411053350957037,4.8729333585100525,6.666666666666667,"['mysql', 'aws', 'data warehousing', 'etl', 'data warehouse', 'linux', 'pandas', 'python', 'git', 'data pipeline', 'spark', 'postgresql', 'apache spark', 'data pipelines']"
190,AVIATION,5.403449162201943,4.862070231717061,6.666666666666667,"['mysql', 'aws', 'data warehousing', 'etl', 'data warehouse', 'linux', 'pandas', 'sql', 'python', 'data pipeline', 'spark', 'postgresql', 'apache spark', 'data pipelines']"
191,AUTOMOBILE,5.369065638534341,7.670093769334773,0.0,"['mysql', 'aws', 'data warehousing', 'etl', 'data warehouse', 'linux', 'pandas', 'sql', 'python', 'git', 'data pipeline', 'spark', 'postgresql', 'apache spark', 'data pipelines']"
192,APPAREL,5.35976706672231,1.9425243810318713,13.333333333333334,"['mysql', 'data warehousing', 'etl', 'data warehouse', 'linux', 'pandas', 'sql', 'python', 'data pipeline', 'spark', 'postgresql', 'apache spark', 'data pipelines']"
193,ENGINEERING,5.354179810638305,4.791685443769008,6.666666666666667,"['mysql', 'aws', 'data warehousing', 'etl', 'data warehouse', 'linux', 'pandas', 'python', 'git', 'data pipeline', 'spark', 'postgresql', 'apache spark', 'data pipelines']"
194,ENGINEERING,5.338853287947449,1.9126475542106423,13.333333333333334,"['mysql', 'aws', 'data warehousing', 'etl', 'data warehouse', 'pandas', 'sql', 'python', 'data pipeline', 'spark', 'postgresql', 'apache spark', 'data pipelines']"
195,BUSINESS-DEVELOPMENT,5.320855512855304,4.744079304079006,6.666666666666667,"['mysql', 'aws', 'data warehousing', 'etl', 'data warehouse', 'linux', 'pandas', 'sql', 'python', 'data pipeline', 'spark', 'postgresql', 'apache spark', 'data pipelines']"
196,INFORMATION-TECHNOLOGY,5.263059645070955,1.8043709215299357,13.333333333333334,"['mysql', 'aws', 'data warehousing', 'etl', 'data warehouse', 'pandas', 'sql', 'python', 'data pipeline', 'spark', 'postgresql', 'apache spark', 'data pipelines']"
197,INFORMATION-TECHNOLOGY,5.225695060046765,1.75099294292395,13.333333333333334,"['mysql', 'data warehousing', 'etl', 'data warehouse', 'linux', 'pandas', 'python', 'git', 'data pipeline', 'spark', 'postgresql', 'apache spark', 'data pipelines']"
198,ENGINEERING,5.221851161793461,1.7455016597049442,13.333333333333334,"['mysql', 'aws', 'data warehousing', 'etl', 'data warehouse', 'pandas', 'sql', 'python', 'data pipeline', 'spark', 'postgresql', 'apache spark', 'data pipelines']"
199,CONSTRUCTION,5.213480361374648,4.590686230535212,6.666666666666667,"['mysql', 'aws', 'data warehousing', 'etl', 'data warehouse', 'linux', 'pandas', 'sql', 'python', 'data pipeline', 'spark', 'postgresql', 'apache spark', 'data pipelines']"
200,INFORMATION-TECHNOLOGY,5.203379444083627,4.576256348690896,6.666666666666667,"['mysql', 'aws', 'data warehousing', 'etl', 'data warehouse', 'linux', 'pandas', 'sql', 'python', 'git', 'data pipeline', 'postgresql', 'apache spark', 'data pipelines']"
201,AGRICULTURE,5.200318541676243,4.571883630966061,6.666666666666667,"['mysql', 'aws', 'data warehousing', 'data warehouse', 'linux', 'pandas', 'sql', 'python', 'git', 'data pipeline', 'spark', 'postgresql', 'apache spark', 'data pipelines']"
202,AVIATION,5.180679170422817,4.543827386318309,6.666666666666667,"['mysql', 'aws', 'data warehousing', 'etl', 'data warehouse', 'linux', 'pandas', 'sql', 'python', 'data pipeline', 'spark', 'postgresql', 'apache spark', 'data pipelines']"
203,SALES,5.166647640908202,1.6666394870117178,13.333333333333334,"['mysql', 'aws', 'data warehousing', 'etl', 'data warehouse', 'linux', 'pandas', 'python', 'data pipeline', 'spark', 'postgresql', 'apache spark', 'data pipelines']"
204,ACCOUNTANT,5.148214513314918,4.497449304735597,6.666666666666667,"['mysql', 'data warehousing', 'etl', 'data warehouse', 'linux', 'pandas', 'sql', 'python', 'git', 'data pipeline', 'spark', 'postgresql', 'apache spark', 'data pipelines']"
205,AGRICULTURE,5.137789074395396,4.482555820564851,6.666666666666667,"['mysql', 'aws', 'data warehousing', 'data warehouse', 'linux', 'pandas', 'sql', 'python', 'git', 'data pipeline', 'spark', 'postgresql', 'apache spark', 'data pipelines']"
206,CONSULTANT,5.130713799439792,4.472448284913988,6.666666666666667,"['mysql', 'aws', 'data warehousing', 'etl', 'data warehouse', 'linux', 'pandas', 'sql', 'python', 'data pipeline', 'spark', 'postgresql', 'apache spark', 'data pipelines']"
207,AGRICULTURE,5.1283255911114285,4.469036558730612,6.666666666666667,"['mysql', 'aws', 'data warehousing', 'etl', 'data warehouse', 'linux', 'pandas', 'python', 'git', 'data pipeline', 'spark', 'postgresql', 'apache spark', 'data pipelines']"
208,BANKING,5.126681645606067,1.609545208008667,13.333333333333334,"['mysql', 'aws', 'data warehousing', 'data warehouse', 'linux', 'pandas', 'sql', 'python', 'data pipeline', 'spark', 'postgresql', 'apache spark', 'data pipelines']"
209,CHEF,5.124346645417389,1.6062094934534132,13.333333333333334,"['mysql', 'data warehousing', 'etl', 'data warehouse', 'linux', 'pandas', 'sql', 'python', 'data pipeline', 'spark', 'postgresql', 'apache spark', 'data pipelines']"
210,CONSULTANT,5.11668266672763,4.4524038096109,6.666666666666667,"['mysql', 'aws', 'data warehousing', 'etl', 'data warehouse', 'linux', 'pandas', 'python', 'git', 'data pipeline', 'spark', 'postgresql', 'apache spark', 'data pipelines']"
211,ACCOUNTANT,5.0867937541156465,4.4097053630223515,6.666666666666667,"['mysql', 'aws', 'data warehousing', 'etl', 'data warehouse', 'linux', 'pandas', 'python', 'git', 'data pipeline', 'spark', 'postgresql', 'apache spark', 'data pipelines']"
212,ENGINEERING,5.073420027682424,4.390600039546321,6.666666666666667,"['mysql', 'aws', 'data warehousing', 'etl', 'data warehouse', 'linux', 'pandas', 'sql', 'python', 'data pipeline', 'spark', 'postgresql', 'apache spark', 'data pipelines']"
213,ACCOUNTANT,5.063909538711298,1.5198707695875677,13.333333333333334,"['mysql', 'data warehousing', 'etl', 'data warehouse', 'linux', 'pandas', 'python', 'git', 'data pipeline', 'spark', 'postgresql', 'apache spark', 'data pipelines']"
214,BPO,5.031711791785451,4.331016845407788,6.666666666666667,"['mysql', 'aws', 'data warehousing', 'etl', 'linux', 'pandas', 'sql', 'python', 'git', 'data pipeline', 'spark', 'postgresql', 'apache spark', 'data pipelines']"
215,APPAREL,5.002918426299065,4.289883466141521,6.666666666666667,"['mysql', 'aws', 'data warehousing', 'etl', 'data warehouse', 'linux', 'pandas', 'sql', 'python', 'data pipeline', 'spark', 'postgresql', 'apache spark', 'data pipelines']"
216,DESIGNER,4.993267401278871,4.276096287541244,6.666666666666667,"['mysql', 'data warehousing', 'etl', 'data warehouse', 'linux', 'pandas', 'sql', 'python', 'git', 'data pipeline', 'spark', 'postgresql', 'apache spark', 'data pipelines']"
217,FINANCE,4.990406058151378,4.272008654501969,6.666666666666667,"['mysql', 'data warehousing', 'etl', 'data warehouse', 'linux', 'pandas', 'sql', 'python', 'git', 'data pipeline', 'spark', 'postgresql', 'apache spark', 'data pipelines']"
218,CONSULTANT,4.970249038487079,4.243212912124399,6.666666666666667,"['mysql', 'aws', 'data warehousing', 'etl', 'data warehouse', 'linux', 'pandas', 'sql', 'python', 'data pipeline', 'spark', 'postgresql', 'apache spark', 'data pipelines']"
219,FITNESS,4.9690596837280365,4.241513833897195,6.666666666666667,"['mysql', 'data warehousing', 'etl', 'data warehouse', 'linux', 'pandas', 'sql', 'python', 'git', 'data pipeline', 'spark', 'postgresql', 'apache spark', 'data pipelines']"
220,CONSTRUCTION,4.968369354753625,4.240527649648036,6.666666666666667,"['mysql', 'aws', 'data warehousing', 'etl', 'data warehouse', 'linux', 'pandas', 'sql', 'python', 'data pipeline', 'spark', 'postgresql', 'apache spark', 'data pipelines']"
221,DIGITAL-MEDIA,4.955264349000365,4.221806212857665,6.666666666666667,"['mysql', 'aws', 'data warehousing', 'etl', 'data warehouse', 'linux', 'pandas', 'sql', 'python', 'data pipeline', 'spark', 'postgresql', 'apache spark', 'data pipelines']"
222,AGRICULTURE,4.953057054592747,1.3615100779896383,13.333333333333334,"['mysql', 'data warehousing', 'data warehouse', 'linux', 'pandas', 'sql', 'python', 'git', 'data pipeline', 'spark', 'postgresql', 'apache spark', 'data pipelines']"
223,AUTOMOBILE,4.93947913577836,4.199255908254799,6.666666666666667,"['mysql', 'aws', 'data warehousing', 'etl', 'data warehouse', 'linux', 'pandas', 'python', 'git', 'data pipeline', 'spark', 'postgresql', 'apache spark', 'data pipelines']"
224,INFORMATION-TECHNOLOGY,4.933424083218155,4.190605833168793,6.666666666666667,"['mysql', 'aws', 'data warehousing', 'etl', 'data warehouse', 'pandas', 'sql', 'python', 'git', 'data pipeline', 'spark', 'postgresql', 'apache spark', 'data pipelines']"
225,HR,4.913736360652422,4.162480515217746,6.666666666666667,"['mysql', 'data warehousing', 'etl', 'data warehouse', 'linux', 'pandas', 'sql', 'python', 'git', 'data pipeline', 'spark', 'postgresql', 'apache spark', 'data pipelines']"
226,HEALTHCARE,4.900748595568611,7.0010694222408745,0.0,"['mysql', 'aws', 'data warehousing', 'etl', 'data warehouse', 'linux', 'pandas', 'sql', 'python', 'git', 'data pipeline', 'spark', 'postgresql', 'apache spark', 'data pipelines']"
227,CONSTRUCTION,4.891294685626365,4.130420979466236,6.666666666666667,"['mysql', 'aws', 'data warehousing', 'etl', 'data warehouse', 'linux', 'pandas', 'sql', 'python', 'data pipeline', 'spark', 'postgresql', 'apache spark', 'data pipelines']"
228,AGRICULTURE,4.871755253830658,4.102507505472368,6.666666666666667,"['mysql', 'data warehousing', 'etl', 'data warehouse', 'linux', 'pandas', 'sql', 'python', 'git', 'data pipeline', 'spark', 'postgresql', 'apache spark', 'data pipelines']"
229,CONSULTANT,4.8711378437375785,4.101625491053684,6.666666666666667,"['mysql', 'aws', 'data warehousing', 'etl', 'data warehouse', 'linux', 'pandas', 'sql', 'python', 'data pipeline', 'spark', 'postgresql', 'apache spark', 'data pipelines']"
230,INFORMATION-TECHNOLOGY,4.866683587488717,1.2381194106981679,13.333333333333334,"['mysql', 'aws', 'data warehousing', 'etl', 'data warehouse', 'pandas', 'sql', 'python', 'data pipeline', 'spark', 'postgresql', 'apache spark', 'data pipelines']"
231,ARTS,4.860880669530301,4.086972385043287,6.666666666666667,"['mysql', 'aws', 'data warehousing', 'etl', 'data warehouse', 'linux', 'pandas', 'sql', 'python', 'data pipeline', 'spark', 'postgresql', 'apache spark', 'data pipelines']"
232,BANKING,4.854626501000853,4.078037858572648,6.666666666666667,"['mysql', 'aws', 'data warehousing', 'etl', 'data warehouse', 'linux', 'pandas', 'python', 'git', 'data pipeline', 'spark', 'postgresql', 'apache spark', 'data pipelines']"
233,CONSTRUCTION,4.785951074530725,1.122787249329608,13.333333333333334,"['mysql', 'data warehousing', 'etl', 'data warehouse', 'linux', 'pandas', 'sql', 'python', 'data pipeline', 'spark', 'postgresql', 'apache spark', 'data pipelines']"
234,INFORMATION-TECHNOLOGY,4.769221157268662,3.956030224669517,6.666666666666667,"['mysql', 'aws', 'data warehousing', 'etl', 'data warehouse', 'linux', 'pandas', 'python', 'git', 'data pipeline', 'spark', 'postgresql', 'apache spark', 'data pipelines']"
235,HEALTHCARE,4.730824698680704,3.901178140972434,6.666666666666667,"['mysql', 'data warehousing', 'etl', 'data warehouse', 'linux', 'pandas', 'sql', 'python', 'git', 'data pipeline', 'spark', 'postgresql', 'apache spark', 'data pipelines']"
236,DESIGNER,4.7277383145406855,3.8967690207724073,6.666666666666667,"['mysql', 'data warehousing', 'etl', 'data warehouse', 'linux', 'pandas', 'sql', 'python', 'git', 'data pipeline', 'spark', 'postgresql', 'apache spark', 'data pipelines']"
237,CONSULTANT,4.724470407220902,3.8921005817441454,6.666666666666667,"['mysql', 'aws', 'data warehousing', 'etl', 'data warehouse', 'linux', 'pandas', 'python', 'git', 'data pipeline', 'spark', 'postgresql', 'apache spark', 'data pipelines']"
238,ARTS,4.690808241597064,3.844011773710091,6.666666666666667,"['mysql', 'aws', 'data warehousing', 'etl', 'data warehouse', 'pandas', 'sql', 'python', 'git', 'data pipeline', 'spark', 'postgresql', 'apache spark', 'data pipelines']"
239,CONSULTANT,4.686455163188216,0.9806502331260231,13.333333333333334,"['mysql', 'data warehousing', 'etl', 'data warehouse', 'linux', 'pandas', 'sql', 'python', 'data pipeline', 'spark', 'postgresql', 'apache spark', 'data pipelines']"
240,INFORMATION-TECHNOLOGY,4.675870903586977,3.8226727194099674,6.666666666666667,"['mysql', 'aws', 'data warehousing', 'etl', 'data warehouse', 'linux', 'pandas', 'python', 'git', 'data pipeline', 'spark', 'postgresql', 'apache spark', 'data pipelines']"
241,FITNESS,4.642307730767713,0.9175824725253044,13.333333333333334,"['mysql', 'data warehousing', 'etl', 'data warehouse', 'linux', 'pandas', 'sql', 'python', 'data pipeline', 'spark', 'postgresql', 'apache spark', 'data pipelines']"
242,HR,4.638057290659177,3.7686532723702517,6.666666666666667,"['mysql', 'data warehousing', 'etl', 'data warehouse', 'linux', 'pandas', 'sql', 'python', 'git', 'data pipeline', 'spark', 'postgresql', 'apache spark', 'data pipelines']"
243,BANKING,4.626547924054716,3.7522113200781666,6.666666666666667,"['mysql', 'aws', 'data warehousing', 'etl', 'data warehouse', 'linux', 'pandas', 'python', 'git', 'data pipeline', 'spark', 'postgresql', 'apache spark', 'data pipelines']"
244,INFORMATION-TECHNOLOGY,4.619451040671585,3.7420729152451213,6.666666666666667,"['mysql', 'aws', 'data warehousing', 'etl', 'data warehouse', 'pandas', 'sql', 'python', 'git', 'data pipeline', 'spark', 'postgresql', 'apache spark', 'data pipelines']"
245,APPAREL,4.611911847920849,6.588445497029785,0.0,"['mysql', 'aws', 'data warehousing', 'etl', 'data warehouse', 'linux', 'pandas', 'sql', 'python', 'git', 'data pipeline', 'spark', 'postgresql', 'apache spark', 'data pipelines']"
246,DESIGNER,4.611157411259163,3.730224873227376,6.666666666666667,"['mysql', 'aws', 'data warehousing', 'etl', 'data warehouse', 'linux', 'pandas', 'python', 'git', 'data pipeline', 'spark', 'postgresql', 'apache spark', 'data pipelines']"
247,BANKING,4.610945210478398,3.7299217292548543,6.666666666666667,"['mysql', 'aws', 'data warehousing', 'etl', 'data warehouse', 'linux', 'pandas', 'python', 'git', 'data pipeline', 'spark', 'postgresql', 'apache spark', 'data pipelines']"
248,DESIGNER,4.607481094763928,6.582115849662755,0.0,"['mysql', 'aws', 'data warehousing', 'etl', 'data warehouse', 'linux', 'pandas', 'sql', 'python', 'git', 'data pipeline', 'spark', 'postgresql', 'apache spark', 'data pipelines']"
249,INFORMATION-TECHNOLOGY,4.591414745439595,3.7020210649137066,6.666666666666667,"['mysql', 'aws', 'data warehousing', 'etl', 'data warehouse', 'linux', 'pandas', 'python', 'git', 'data pipeline', 'spark', 'postgresql', 'apache spark', 'data pipelines']"
250,BANKING,4.564351880195892,6.520502685994132,0.0,"['mysql', 'aws', 'data warehousing', 'etl', 'data warehouse', 'linux', 'pandas', 'sql', 'python', 'git', 'data pipeline', 'spark', 'postgresql', 'apache spark', 'data pipelines']"
251,HR,4.563773161502309,3.6625330878604414,6.666666666666667,"['mysql', 'data warehousing', 'etl', 'data warehouse', 'linux', 'pandas', 'sql', 'python', 'git', 'data pipeline', 'spark', 'postgresql', 'apache spark', 'data pipelines']"
252,ADVOCATE,4.549109116740552,0.7844415953436459,13.333333333333334,"['mysql', 'aws', 'data warehousing', 'data warehouse', 'linux', 'pandas', 'sql', 'python', 'data pipeline', 'spark', 'postgresql', 'apache spark', 'data pipelines']"
253,ENGINEERING,4.528187040810922,3.6116957725870305,6.666666666666667,"['mysql', 'aws', 'data warehousing', 'etl', 'data warehouse', 'linux', 'pandas', 'sql', 'python', 'data pipeline', 'spark', 'postgresql', 'apache spark', 'data pipelines']"
254,TEACHER,4.512488040438617,6.446411486340882,0.0,"['mysql', 'aws', 'data warehousing', 'etl', 'data warehouse', 'linux', 'pandas', 'sql', 'python', 'git', 'data pipeline', 'spark', 'postgresql', 'apache spark', 'data pipelines']"
255,INFORMATION-TECHNOLOGY,4.512325485222034,3.5890364074600494,6.666666666666667,"['mysql', 'aws', 'data warehousing', 'etl', 'data warehouse', 'linux', 'pandas', 'sql', 'python', 'data pipeline', 'spark', 'postgresql', 'apache spark', 'data pipelines']"
256,AVIATION,4.462339653476789,3.517628076395414,6.666666666666667,"['mysql', 'aws', 'data warehousing', 'etl', 'data warehouse', 'linux', 'pandas', 'sql', 'python', 'data pipeline', 'spark', 'postgresql', 'apache spark', 'data pipelines']"
257,CONSTRUCTION,4.445838642715005,3.494055203878578,6.666666666666667,"['mysql', 'aws', 'data warehousing', 'etl', 'data warehouse', 'linux', 'pandas', 'python', 'git', 'data pipeline', 'spark', 'postgresql', 'apache spark', 'data pipelines']"
258,AGRICULTURE,4.441344323592171,3.4876347479888157,6.666666666666667,"['mysql', 'aws', 'data warehousing', 'etl', 'data warehouse', 'pandas', 'sql', 'python', 'git', 'data pipeline', 'spark', 'postgresql', 'apache spark', 'data pipelines']"
259,APPAREL,4.440909896739791,3.4870141381997017,6.666666666666667,"['mysql', 'data warehousing', 'etl', 'data warehouse', 'linux', 'pandas', 'sql', 'python', 'git', 'data pipeline', 'spark', 'postgresql', 'apache spark', 'data pipelines']"
260,HEALTHCARE,4.4270374330641,6.324339190091571,0.0,"['mysql', 'aws', 'data warehousing', 'etl', 'data warehouse', 'linux', 'pandas', 'sql', 'python', 'git', 'data pipeline', 'spark', 'postgresql', 'apache spark', 'data pipelines']"
261,HR,4.412824334470626,3.446891906386608,6.666666666666667,"['mysql', 'data warehousing', 'etl', 'data warehouse', 'linux', 'pandas', 'sql', 'python', 'git', 'data pipeline', 'spark', 'postgresql', 'apache spark', 'data pipelines']"
262,DESIGNER,4.404960782277458,3.4356582603963695,6.666666666666667,"['mysql', 'aws', 'data warehousing', 'etl', 'data warehouse', 'linux', 'pandas', 'sql', 'python', 'data pipeline', 'spark', 'postgresql', 'apache spark', 'data pipelines']"
263,INFORMATION-TECHNOLOGY,4.402614124499517,3.4323058921421676,6.666666666666667,"['mysql', 'data warehousing', 'etl', 'data warehouse', 'linux', 'pandas', 'sql', 'python', 'git', 'data pipeline', 'spark', 'postgresql', 'apache spark', 'data pipelines']"
264,HEALTHCARE,4.3959272470635495,6.279896067233643,0.0,"['mysql', 'aws', 'data warehousing', 'etl', 'data warehouse', 'linux', 'pandas', 'sql', 'python', 'git', 'data pipeline', 'spark', 'postgresql', 'apache spark', 'data pipelines']"
265,ACCOUNTANT,4.393842901743634,3.4197755739194773,6.666666666666667,"['mysql', 'data warehousing', 'etl', 'data warehouse', 'linux', 'pandas', 'sql', 'python', 'git', 'data pipeline', 'spark', 'postgresql', 'apache spark', 'data pipelines']"
266,DIGITAL-MEDIA,4.3833678317118965,3.404811188159852,6.666666666666667,"['mysql', 'aws', 'data warehousing', 'etl', 'data warehouse', 'linux', 'pandas', 'sql', 'python', 'data pipeline', 'spark', 'postgresql', 'apache spark', 'data pipelines']"
267,FITNESS,4.366134763266647,0.523049661809496,13.333333333333334,"['mysql', 'data warehousing', 'etl', 'data warehouse', 'linux', 'pandas', 'sql', 'python', 'git', 'data pipeline', 'postgresql', 'apache spark', 'data pipelines']"
268,DIGITAL-MEDIA,4.354701731693351,3.363859616704787,6.666666666666667,"['mysql', 'aws', 'data warehousing', 'etl', 'data warehouse', 'linux', 'pandas', 'sql', 'python', 'data pipeline', 'spark', 'postgresql', 'apache spark', 'data pipelines']"
269,ENGINEERING,4.339849463266049,3.3426420903800707,6.666666666666667,"['mysql', 'aws', 'data warehousing', 'etl', 'data warehouse', 'linux', 'pandas', 'python', 'git', 'data pipeline', 'spark', 'postgresql', 'apache spark', 'data pipelines']"
270,ENGINEERING,4.335661303604205,3.3366590051488636,6.666666666666667,"['mysql', 'data warehousing', 'etl', 'data warehouse', 'linux', 'pandas', 'sql', 'python', 'git', 'data pipeline', 'spark', 'postgresql', 'apache spark', 'data pipelines']"
271,CONSULTANT,4.330888836667984,0.4726983380971198,13.333333333333334,"['mysql', 'data warehousing', 'etl', 'data warehouse', 'linux', 'pandas', 'sql', 'python', 'data pipeline', 'spark', 'postgresql', 'apache spark', 'data pipelines']"
272,AGRICULTURE,4.328083147692322,3.3258330681318884,6.666666666666667,"['mysql', 'aws', 'data warehousing', 'data warehouse', 'linux', 'pandas', 'sql', 'python', 'git', 'data pipeline', 'spark', 'postgresql', 'apache spark', 'data pipelines']"
273,AGRICULTURE,4.30491697649231,3.2927385378461564,6.666666666666667,"['mysql', 'aws', 'data warehousing', 'etl', 'data warehouse', 'linux', 'pandas', 'sql', 'python', 'data pipeline', 'spark', 'postgresql', 'apache spark', 'data pipelines']"
274,DESIGNER,4.30272729747057,3.2896104249579574,6.666666666666667,"['mysql', 'aws', 'data warehousing', 'etl', 'data warehouse', 'pandas', 'sql', 'python', 'git', 'data pipeline', 'spark', 'postgresql', 'apache spark', 'data pipelines']"
275,DIGITAL-MEDIA,4.294621926579673,3.2780313236852465,6.666666666666667,"['mysql', 'aws', 'data warehousing', 'etl', 'data warehouse', 'linux', 'pandas', 'sql', 'python', 'data pipeline', 'spark', 'postgresql', 'apache spark', 'data pipelines']"
276,HEALTHCARE,4.2907541786658845,6.12964882666555,0.0,"['mysql', 'aws', 'data warehousing', 'etl', 'data warehouse', 'linux', 'pandas', 'sql', 'python', 'git', 'data pipeline', 'spark', 'postgresql', 'apache spark', 'data pipelines']"
277,ENGINEERING,4.265361562068732,3.236230802955332,6.666666666666667,"['mysql', 'aws', 'etl', 'data warehouse', 'linux', 'pandas', 'sql', 'python', 'git', 'data pipeline', 'spark', 'postgresql', 'apache spark', 'data pipelines']"
278,ENGINEERING,4.255374298441172,3.221963283487389,6.666666666666667,"['mysql', 'aws', 'data warehousing', 'etl', 'data warehouse', 'linux', 'pandas', 'sql', 'python', 'data pipeline', 'spark', 'postgresql', 'apache spark', 'data pipelines']"
279,SALES,4.252668238746253,6.075240341066076,0.0,"['mysql', 'aws', 'data warehousing', 'etl', 'data warehouse', 'linux', 'pandas', 'sql', 'python', 'git', 'data pipeline', 'spark', 'postgresql', 'apache spark', 'data pipelines']"
280,HR,4.250569277726063,3.215098968180091,6.666666666666667,"['mysql', 'data warehousing', 'etl', 'data warehouse', 'linux', 'pandas', 'sql', 'python', 'git', 'data pipeline', 'spark', 'postgresql', 'apache spark', 'data pipelines']"
281,ARTS,4.250562599629376,3.2150894280419657,6.666666666666667,"['mysql', 'data warehousing', 'etl', 'data warehouse', 'linux', 'pandas', 'sql', 'python', 'git', 'data pipeline', 'spark', 'postgresql', 'apache spark', 'data pipelines']"
282,ARTS,4.249536741955354,3.2136239170790772,6.666666666666667,"['mysql', 'data warehousing', 'etl', 'data warehouse', 'linux', 'pandas', 'sql', 'python', 'git', 'data pipeline', 'spark', 'postgresql', 'apache spark', 'data pipelines']"
283,ADVOCATE,4.242174656067538,3.2031066515250552,6.666666666666667,"['mysql', 'data warehousing', 'etl', 'data warehouse', 'linux', 'pandas', 'sql', 'python', 'git', 'data pipeline', 'spark', 'postgresql', 'apache spark', 'data pipelines']"
284,ADVOCATE,4.234355007656802,0.3347928680811456,13.333333333333334,"['mysql', 'data warehousing', 'etl', 'data warehouse', 'linux', 'pandas', 'sql', 'python', 'data pipeline', 'spark', 'postgresql', 'apache spark', 'data pipelines']"
285,ACCOUNTANT,4.232138101662871,3.188768716661245,6.666666666666667,"['mysql', 'data warehousing', 'etl', 'data warehouse', 'linux', 'pandas', 'sql', 'python', 'git', 'data pipeline', 'spark', 'postgresql', 'apache spark', 'data pipelines']"
286,ADVOCATE,4.2264160917659055,3.180594416808437,6.666666666666667,"['mysql', 'aws', 'data warehousing', 'etl', 'data warehouse', 'pandas', 'sql', 'python', 'git', 'data pipeline', 'spark', 'postgresql', 'apache spark', 'data pipelines']"
287,HR,4.217746879901174,3.16820982843025,6.666666666666667,"['mysql', 'data warehousing', 'etl', 'data warehouse', 'linux', 'pandas', 'sql', 'python', 'git', 'data pipeline', 'spark', 'postgresql', 'apache spark', 'data pipelines']"
288,ARTS,4.202862207216548,3.146946010309353,6.666666666666667,"['mysql', 'data warehousing', 'etl', 'data warehouse', 'linux', 'pandas', 'sql', 'python', 'git', 'data pipeline', 'spark', 'postgresql', 'apache spark', 'data pipelines']"
289,PUBLIC-RELATIONS,4.200271465975614,0.28610209425087724,13.333333333333334,"['mysql', 'aws', 'data warehousing', 'data warehouse', 'linux', 'pandas', 'sql', 'python', 'data pipeline', 'spark', 'postgresql', 'apache spark', 'data pipelines']"
290,CONSULTANT,4.196516095721114,3.1378801367444478,6.666666666666667,"['mysql', 'aws', 'data warehousing', 'etl', 'data warehouse', 'linux', 'pandas', 'python', 'git', 'data pipeline', 'spark', 'postgresql', 'apache spark', 'data pipelines']"
291,AVIATION,4.188868388762662,3.126954841089518,6.666666666666667,"['mysql', 'aws', 'data warehousing', 'etl', 'data warehouse', 'linux', 'pandas', 'sql', 'python', 'data pipeline', 'spark', 'postgresql', 'apache spark', 'data pipelines']"
292,INFORMATION-TECHNOLOGY,4.176716173047847,3.1095945329254957,6.666666666666667,"['mysql', 'aws', 'data warehousing', 'etl', 'data warehouse', 'linux', 'pandas', 'sql', 'git', 'data pipeline', 'spark', 'postgresql', 'apache spark', 'data pipelines']"
293,FINANCE,4.165570576190149,3.0936722517002124,6.666666666666667,"['mysql', 'aws', 'data warehousing', 'etl', 'data warehouse', 'linux', 'pandas', 'python', 'git', 'data pipeline', 'spark', 'postgresql', 'apache spark', 'data pipelines']"
294,HR,4.154938553614938,5.935626505164198,0.0,"['mysql', 'aws', 'data warehousing', 'etl', 'data warehouse', 'linux', 'pandas', 'sql', 'python', 'git', 'data pipeline', 'spark', 'postgresql', 'apache spark', 'data pipelines']"
295,BUSINESS-DEVELOPMENT,4.153442673583025,0.21920381940432124,13.333333333333334,"['mysql', 'aws', 'data warehousing', 'etl', 'data warehouse', 'linux', 'pandas', 'sql', 'python', 'data pipeline', 'postgresql', 'apache spark', 'data pipelines']"
296,PUBLIC-RELATIONS,4.1431068173669034,0.20443831052414785,13.333333333333334,"['mysql', 'data warehousing', 'etl', 'data warehouse', 'linux', 'pandas', 'sql', 'python', 'data pipeline', 'spark', 'postgresql', 'apache spark', 'data pipelines']"
297,DESIGNER,4.13245000416334,3.046357148804771,6.666666666666667,"['mysql', 'aws', 'data warehousing', 'etl', 'data warehouse', 'linux', 'pandas', 'python', 'git', 'data pipeline', 'spark', 'postgresql', 'apache spark', 'data pipelines']"
298,BANKING,4.131395346508539,3.044850495012199,6.666666666666667,"['mysql', 'aws', 'data warehousing', 'etl', 'data warehouse', 'linux', 'pandas', 'python', 'git', 'data pipeline', 'spark', 'postgresql', 'apache spark', 'data pipelines']"
299,BANKING,4.105580784700312,3.0079725495718743,6.666666666666667,"['mysql', 'aws', 'data warehousing', 'etl', 'data warehouse', 'linux', 'pandas', 'python', 'git', 'data pipeline', 'spark', 'postgresql', 'apache spark', 'data pipelines']"
300,INFORMATION-TECHNOLOGY,4.102303206882496,3.0032902955464222,6.666666666666667,"['mysql', 'aws', 'data warehousing', 'etl', 'data warehouse', 'linux', 'pandas', 'sql', 'python', 'data pipeline', 'spark', 'postgresql', 'apache spark', 'data pipelines']"
301,DIGITAL-MEDIA,4.101740188860756,3.0024859840867935,6.666666666666667,"['mysql', 'aws', 'data warehousing', 'etl', 'data warehouse', 'linux', 'pandas', 'sql', 'python', 'data pipeline', 'spark', 'postgresql', 'apache spark', 'data pipelines']"
302,DIGITAL-MEDIA,4.099405873663859,2.9991512480912266,6.666666666666667,"['mysql', 'aws', 'data warehousing', 'etl', 'data warehouse', 'linux', 'pandas', 'sql', 'python', 'data pipeline', 'spark', 'postgresql', 'apache spark', 'data pipelines']"
303,HEALTHCARE,4.09328496959186,5.8475499565598,0.0,"['mysql', 'aws', 'data warehousing', 'etl', 'data warehouse', 'linux', 'pandas', 'sql', 'python', 'git', 'data pipeline', 'spark', 'postgresql', 'apache spark', 'data pipelines']"
304,FINANCE,4.086162549783779,2.9802322139768282,6.666666666666667,"['mysql', 'aws', 'data warehousing', 'data warehouse', 'linux', 'pandas', 'sql', 'python', 'git', 'data pipeline', 'spark', 'postgresql', 'apache spark', 'data pipelines']"
305,BANKING,4.083042056454824,2.9757743663640346,6.666666666666667,"['mysql', 'data warehousing', 'etl', 'data warehouse', 'linux', 'pandas', 'sql', 'python', 'git', 'data pipeline', 'spark', 'postgresql', 'apache spark', 'data pipelines']"
306,SALES,4.0692328358929135,2.956046908418448,6.666666666666667,"['mysql', 'aws', 'data warehousing', 'etl', 'data warehouse', 'linux', 'pandas', 'python', 'git', 'data pipeline', 'spark', 'postgresql', 'apache spark', 'data pipelines']"
307,DESIGNER,4.067976585640794,2.9542522652011347,6.666666666666667,"['mysql', 'aws', 'data warehousing', 'etl', 'data warehouse', 'linux', 'pandas', 'python', 'git', 'data pipeline', 'spark', 'postgresql', 'apache spark', 'data pipelines']"
308,INFORMATION-TECHNOLOGY,4.053354671065151,2.9333638158073585,6.666666666666667,"['mysql', 'aws', 'data warehousing', 'etl', 'data warehouse', 'pandas', 'sql', 'python', 'git', 'data pipeline', 'spark', 'postgresql', 'apache spark', 'data pipelines']"
309,BANKING,4.050127108271927,2.928753011817039,6.666666666666667,"['mysql', 'data warehousing', 'etl', 'data warehouse', 'linux', 'pandas', 'sql', 'python', 'git', 'data pipeline', 'spark', 'postgresql', 'apache spark', 'data pipelines']"
310,ARTS,4.048661858217567,2.9266597974536674,6.666666666666667,"['mysql', 'aws', 'data warehousing', 'etl', 'data warehouse', 'linux', 'pandas', 'sql', 'python', 'data pipeline', 'spark', 'postgresql', 'apache spark', 'data pipelines']"
311,PUBLIC-RELATIONS,4.043027088009529,2.9186101257278994,6.666666666666667,"['mysql', 'aws', 'data warehousing', 'etl', 'data warehouse', 'linux', 'pandas', 'sql', 'git', 'data pipeline', 'spark', 'postgresql', 'apache spark', 'data pipelines']"
312,BUSINESS-DEVELOPMENT,4.031813832552455,2.902591189360651,6.666666666666667,"['mysql', 'data warehousing', 'etl', 'data warehouse', 'linux', 'pandas', 'sql', 'python', 'git', 'data pipeline', 'spark', 'postgresql', 'apache spark', 'data pipelines']"
313,HR,4.0239308904287885,2.8913298434696975,6.666666666666667,"['mysql', 'data warehousing', 'etl', 'data warehouse', 'linux', 'pandas', 'sql', 'python', 'git', 'data pipeline', 'spark', 'postgresql', 'apache spark', 'data pipelines']"
314,FITNESS,4.010669332234353,2.87238476033479,6.666666666666667,"['mysql', 'data warehousing', 'etl', 'data warehouse', 'linux', 'pandas', 'sql', 'python', 'git', 'data pipeline', 'spark', 'postgresql', 'apache spark', 'data pipelines']"
315,DIGITAL-MEDIA,4.005071978765935,2.864388541094194,6.666666666666667,"['mysql', 'aws', 'data warehousing', 'etl', 'data warehouse', 'linux', 'pandas', 'sql', 'python', 'data pipeline', 'spark', 'postgresql', 'apache spark', 'data pipelines']"
316,CONSULTANT,4.002738909415544,2.861055584879348,6.666666666666667,"['mysql', 'data warehousing', 'etl', 'data warehouse', 'linux', 'pandas', 'sql', 'python', 'git', 'data pipeline', 'spark', 'postgresql', 'apache spark', 'data pipelines']"
317,AUTOMOBILE,3.998484064712225,2.8549772353031786,6.666666666666667,"['mysql', 'data warehousing', 'etl', 'data warehouse', 'linux', 'pandas', 'sql', 'python', 'git', 'data pipeline', 'spark', 'postgresql', 'apache spark', 'data pipelines']"
318,ENGINEERING,3.994203184441159,2.8488616920587986,6.666666666666667,"['mysql', 'data warehousing', 'etl', 'data warehouse', 'linux', 'pandas', 'sql', 'python', 'git', 'data pipeline', 'spark', 'postgresql', 'apache spark', 'data pipelines']"
319,CONSULTANT,3.9650511242315103,2.8072158917593004,6.666666666666667,"['mysql', 'aws', 'data warehousing', 'etl', 'data warehouse', 'linux', 'pandas', 'python', 'git', 'data pipeline', 'spark', 'postgresql', 'apache spark', 'data pipelines']"
320,ADVOCATE,3.9578637164217585,2.796948166316798,6.666666666666667,"['mysql', 'data warehousing', 'etl', 'data warehouse', 'linux', 'pandas', 'sql', 'python', 'git', 'data pipeline', 'spark', 'postgresql', 'apache spark', 'data pipelines']"
321,DIGITAL-MEDIA,3.9530765281794755,2.79010932597068,6.666666666666667,"['mysql', 'aws', 'data warehousing', 'etl', 'data warehouse', 'linux', 'pandas', 'sql', 'python', 'data pipeline', 'spark', 'postgresql', 'apache spark', 'data pipelines']"
322,ADVOCATE,3.9525668837146744,2.789381262449535,6.666666666666667,"['mysql', 'data warehousing', 'etl', 'data warehouse', 'linux', 'pandas', 'sql', 'python', 'git', 'data pipeline', 'spark', 'postgresql', 'apache spark', 'data pipelines']"
323,FINANCE,3.947897765280837,2.7827110932583388,6.666666666666667,"['mysql', 'data warehousing', 'etl', 'data warehouse', 'linux', 'pandas', 'sql', 'python', 'git', 'data pipeline', 'spark', 'postgresql', 'apache spark', 'data pipelines']"
324,DESIGNER,3.9399015936904838,2.7712879909864054,6.666666666666667,"['mysql', 'aws', 'data warehousing', 'etl', 'data warehouse', 'linux', 'pandas', 'sql', 'python', 'data pipeline', 'spark', 'postgresql', 'apache spark', 'data pipelines']"
325,AUTOMOBILE,3.926094488669479,5.60870641238497,0.0,"['mysql', 'aws', 'data warehousing', 'etl', 'data warehouse', 'linux', 'pandas', 'sql', 'python', 'git', 'data pipeline', 'spark', 'postgresql', 'apache spark', 'data pipelines']"
326,INFORMATION-TECHNOLOGY,3.922540890493527,5.603629843562182,0.0,"['mysql', 'aws', 'data warehousing', 'etl', 'data warehouse', 'linux', 'pandas', 'sql', 'python', 'git', 'data pipeline', 'spark', 'postgresql', 'apache spark', 'data pipelines']"
327,AVIATION,3.889191710025586,2.698845300036552,6.666666666666667,"['mysql', 'data warehousing', 'etl', 'data warehouse', 'linux', 'pandas', 'sql', 'python', 'git', 'data pipeline', 'spark', 'postgresql', 'apache spark', 'data pipelines']"
328,HEALTHCARE,3.8876703925718363,2.696671989388338,6.666666666666667,"['mysql', 'data warehousing', 'etl', 'data warehouse', 'linux', 'pandas', 'sql', 'python', 'git', 'data pipeline', 'spark', 'postgresql', 'apache spark', 'data pipelines']"
329,DIGITAL-MEDIA,3.883221657935251,2.6903166541932158,6.666666666666667,"['mysql', 'aws', 'data warehousing', 'etl', 'data warehouse', 'linux', 'pandas', 'sql', 'python', 'data pipeline', 'spark', 'postgresql', 'apache spark', 'data pipelines']"
330,TEACHER,3.8777355767043233,2.6824793952918906,6.666666666666667,"['mysql', 'data warehousing', 'etl', 'data warehouse', 'linux', 'pandas', 'sql', 'python', 'git', 'data pipeline', 'spark', 'postgresql', 'apache spark', 'data pipelines']"
331,CONSULTANT,3.8742589995214307,5.534655713602044,0.0,"['mysql', 'aws', 'data warehousing', 'etl', 'data warehouse', 'linux', 'pandas', 'sql', 'python', 'git', 'data pipeline', 'spark', 'postgresql', 'apache spark', 'data pipelines']"
332,CONSTRUCTION,3.864472564098188,2.663532234425983,6.666666666666667,"['mysql', 'data warehousing', 'etl', 'data warehouse', 'linux', 'pandas', 'sql', 'python', 'git', 'data pipeline', 'spark', 'postgresql', 'apache spark', 'data pipelines']"
333,FINANCE,3.8615136121434936,2.6593051602049913,6.666666666666667,"['mysql', 'aws', 'data warehousing', 'etl', 'data warehouse', 'linux', 'pandas', 'python', 'git', 'data pipeline', 'spark', 'postgresql', 'apache spark', 'data pipelines']"
334,ADVOCATE,3.8525074926926273,2.6464392752751817,6.666666666666667,"['mysql', 'data warehousing', 'etl', 'data warehouse', 'linux', 'pandas', 'sql', 'python', 'git', 'data pipeline', 'spark', 'postgresql', 'apache spark', 'data pipelines']"
335,HR,3.850327616697607,2.643325166710867,6.666666666666667,"['mysql', 'data warehousing', 'etl', 'data warehouse', 'linux', 'pandas', 'sql', 'python', 'git', 'data pipeline', 'spark', 'postgresql', 'apache spark', 'data pipelines']"
336,INFORMATION-TECHNOLOGY,3.837173765294663,2.6245339504209477,6.666666666666667,"['mysql', 'aws', 'data warehousing', 'etl', 'data warehouse', 'linux', 'pandas', 'python', 'git', 'data pipeline', 'spark', 'postgresql', 'apache spark', 'data pipelines']"
337,CONSULTANT,3.8299339612735084,2.6141913732478694,6.666666666666667,"['mysql', 'data warehousing', 'etl', 'data warehouse', 'linux', 'pandas', 'sql', 'python', 'git', 'data pipeline', 'spark', 'postgresql', 'apache spark', 'data pipelines']"
338,INFORMATION-TECHNOLOGY,3.8296880911800972,2.613840130257282,6.666666666666667,"['mysql', 'data warehousing', 'etl', 'data warehouse', 'linux', 'pandas', 'sql', 'python', 'git', 'data pipeline', 'spark', 'postgresql', 'apache spark', 'data pipelines']"
339,DIGITAL-MEDIA,3.8193329745774607,2.5990471065392295,6.666666666666667,"['mysql', 'aws', 'data warehousing', 'etl', 'data warehouse', 'linux', 'pandas', 'sql', 'python', 'data pipeline', 'spark', 'postgresql', 'apache spark', 'data pipelines']"
340,ENGINEERING,3.8189358925802352,2.598479846543193,6.666666666666667,"['mysql', 'aws', 'data warehousing', 'etl', 'data warehouse', 'linux', 'pandas', 'python', 'git', 'data pipeline', 'spark', 'postgresql', 'apache spark', 'data pipelines']"
341,HEALTHCARE,3.8168265082540387,2.5954664403629124,6.666666666666667,"['mysql', 'aws', 'data warehousing', 'etl', 'data warehouse', 'linux', 'pandas', 'sql', 'python', 'data pipeline', 'spark', 'postgresql', 'apache spark', 'data pipelines']"
342,DIGITAL-MEDIA,3.8164697268199,2.594956752599857,6.666666666666667,"['mysql', 'aws', 'data warehousing', 'etl', 'data warehouse', 'linux', 'pandas', 'sql', 'python', 'data pipeline', 'spark', 'postgresql', 'apache spark', 'data pipelines']"
343,CONSULTANT,3.8101038843047954,2.5858626918639938,6.666666666666667,"['mysql', 'data warehousing', 'etl', 'data warehouse', 'linux', 'pandas', 'sql', 'python', 'git', 'data pipeline', 'spark', 'postgresql', 'apache spark', 'data pipelines']"
344,PUBLIC-RELATIONS,3.78933454104577,2.5561922014939573,6.666666666666667,"['mysql', 'aws', 'data warehousing', 'etl', 'data warehouse', 'linux', 'pandas', 'sql', 'python', 'data pipeline', 'spark', 'postgresql', 'apache spark', 'data pipelines']"
345,FINANCE,3.784525351272938,2.549321930389912,6.666666666666667,"['mysql', 'data warehousing', 'etl', 'data warehouse', 'linux', 'pandas', 'sql', 'python', 'git', 'data pipeline', 'spark', 'postgresql', 'apache spark', 'data pipelines']"
346,HR,3.7702702068261287,2.528957438323041,6.666666666666667,"['mysql', 'aws', 'data warehousing', 'etl', 'data warehouse', 'linux', 'pandas', 'python', 'git', 'data pipeline', 'spark', 'postgresql', 'apache spark', 'data pipelines']"
347,ACCOUNTANT,3.7674270122703746,2.524895731814821,6.666666666666667,"['mysql', 'aws', 'data warehousing', 'etl', 'data warehouse', 'linux', 'pandas', 'python', 'git', 'data pipeline', 'spark', 'postgresql', 'apache spark', 'data pipelines']"
348,HR,3.7446998316689215,2.4924283309556023,6.666666666666667,"['mysql', 'data warehousing', 'etl', 'data warehouse', 'linux', 'pandas', 'sql', 'python', 'git', 'data pipeline', 'spark', 'postgresql', 'apache spark', 'data pipelines']"
349,HR,3.7385247699976873,5.340749671425268,0.0,"['mysql', 'aws', 'data warehousing', 'etl', 'data warehouse', 'linux', 'pandas', 'sql', 'python', 'git', 'data pipeline', 'spark', 'postgresql', 'apache spark', 'data pipelines']"
350,ARTS,3.73435582727417,2.4776511818202427,6.666666666666667,"['mysql', 'data warehousing', 'etl', 'data warehouse', 'linux', 'pandas', 'sql', 'python', 'git', 'data pipeline', 'spark', 'postgresql', 'apache spark', 'data pipelines']"
351,FITNESS,3.732618900332316,2.475169857617594,6.666666666666667,"['mysql', 'data warehousing', 'etl', 'data warehouse', 'linux', 'pandas', 'sql', 'python', 'git', 'data pipeline', 'spark', 'postgresql', 'apache spark', 'data pipelines']"
352,HEALTHCARE,3.729050230783169,2.4700717582616702,6.666666666666667,"['mysql', 'aws', 'data warehousing', 'etl', 'data warehouse', 'linux', 'pandas', 'sql', 'python', 'data pipeline', 'spark', 'postgresql', 'apache spark', 'data pipelines']"
353,PUBLIC-RELATIONS,3.728118066262997,2.4687400946614244,6.666666666666667,"['mysql', 'aws', 'data warehousing', 'etl', 'data warehouse', 'linux', 'pandas', 'sql', 'python', 'data pipeline', 'spark', 'postgresql', 'apache spark', 'data pipelines']"
354,CONSULTANT,3.7229374727295257,2.461339246756465,6.666666666666667,"['mysql', 'aws', 'data warehousing', 'etl', 'data warehouse', 'linux', 'pandas', 'sql', 'python', 'data pipeline', 'spark', 'postgresql', 'apache spark', 'data pipelines']"
355,BUSINESS-DEVELOPMENT,3.7219769633275703,2.4599670904679574,6.666666666666667,"['mysql', 'aws', 'data warehousing', 'etl', 'data warehouse', 'linux', 'pandas', 'sql', 'python', 'data pipeline', 'spark', 'postgresql', 'apache spark', 'data pipelines']"
356,ENGINEERING,3.709946501222811,2.4427807160325874,6.666666666666667,"['mysql', 'aws', 'data warehousing', 'etl', 'data warehouse', 'linux', 'pandas', 'sql', 'python', 'data pipeline', 'spark', 'postgresql', 'apache spark', 'data pipelines']"
357,HEALTHCARE,3.7054847169315552,2.43640673847365,6.666666666666667,"['mysql', 'data warehousing', 'etl', 'data warehouse', 'linux', 'pandas', 'sql', 'python', 'git', 'data pipeline', 'spark', 'postgresql', 'apache spark', 'data pipelines']"
358,AVIATION,3.6965148763850397,2.423592680550057,6.666666666666667,"['mysql', 'aws', 'data warehousing', 'etl', 'data warehouse', 'pandas', 'sql', 'python', 'git', 'data pipeline', 'spark', 'postgresql', 'apache spark', 'data pipelines']"
359,ENGINEERING,3.683003538214191,2.404290768877415,6.666666666666667,"['mysql', 'aws', 'data warehousing', 'etl', 'data warehouse', 'linux', 'pandas', 'sql', 'python', 'data pipeline', 'spark', 'postgresql', 'apache spark', 'data pipelines']"
360,TEACHER,3.6699134840825507,2.385590691546501,6.666666666666667,"['mysql', 'data warehousing', 'etl', 'data warehouse', 'linux', 'pandas', 'sql', 'python', 'git', 'data pipeline', 'spark', 'postgresql', 'apache spark', 'data pipelines']"
361,INFORMATION-TECHNOLOGY,3.6664899166844727,5.237842738120675,0.0,"['mysql', 'aws', 'data warehousing', 'etl', 'data warehouse', 'linux', 'pandas', 'sql', 'python', 'git', 'data pipeline', 'spark', 'postgresql', 'apache spark', 'data pipelines']"
362,ACCOUNTANT,3.66434416524591,2.3776345217798713,6.666666666666667,"['mysql', 'aws', 'data warehousing', 'etl', 'data warehouse', 'linux', 'pandas', 'python', 'git', 'data pipeline', 'spark', 'postgresql', 'apache spark', 'data pipelines']"
363,ENGINEERING,3.663407355605933,2.37629622229419,6.666666666666667,"['mysql', 'data warehousing', 'etl', 'data warehouse', 'linux', 'pandas', 'sql', 'python', 'git', 'data pipeline', 'spark', 'postgresql', 'apache spark', 'data pipelines']"
364,DIGITAL-MEDIA,3.6592045951064778,2.3702922787235394,6.666666666666667,"['mysql', 'aws', 'data warehousing', 'etl', 'data warehouse', 'linux', 'pandas', 'sql', 'python', 'data pipeline', 'spark', 'postgresql', 'apache spark', 'data pipelines']"
365,DIGITAL-MEDIA,3.6492976664744203,2.356139523534886,6.666666666666667,"['mysql', 'aws', 'data warehousing', 'etl', 'data warehouse', 'linux', 'pandas', 'sql', 'python', 'data pipeline', 'spark', 'postgresql', 'apache spark', 'data pipelines']"
366,BUSINESS-DEVELOPMENT,3.604052017606082,2.2915028822944037,6.666666666666667,"['mysql', 'data warehousing', 'etl', 'data warehouse', 'linux', 'pandas', 'sql', 'python', 'git', 'data pipeline', 'spark', 'postgresql', 'apache spark', 'data pipelines']"
367,ACCOUNTANT,3.600273701511978,2.2861052878742543,6.666666666666667,"['mysql', 'aws', 'data warehousing', 'etl', 'data warehouse', 'linux', 'pandas', 'python', 'git', 'data pipeline', 'spark', 'postgresql', 'apache spark', 'data pipelines']"
368,ACCOUNTANT,3.595213119295453,5.1360187418506476,0.0,"['mysql', 'aws', 'data warehousing', 'etl', 'data warehouse', 'linux', 'pandas', 'sql', 'python', 'git', 'data pipeline', 'spark', 'postgresql', 'apache spark', 'data pipelines']"
369,PUBLIC-RELATIONS,3.594038596111743,2.277197994445347,6.666666666666667,"['mysql', 'aws', 'data warehousing', 'etl', 'data warehouse', 'linux', 'pandas', 'sql', 'python', 'data pipeline', 'spark', 'postgresql', 'apache spark', 'data pipelines']"
370,BANKING,3.587862091571079,2.2683744165301127,6.666666666666667,"['mysql', 'aws', 'data warehousing', 'etl', 'data warehouse', 'linux', 'pandas', 'python', 'git', 'data pipeline', 'spark', 'postgresql', 'apache spark', 'data pipelines']"
371,ADVOCATE,3.5876262701680632,2.2680375288115187,6.666666666666667,"['mysql', 'aws', 'data warehousing', 'etl', 'data warehouse', 'linux', 'pandas', 'sql', 'python', 'data pipeline', 'spark', 'postgresql', 'apache spark', 'data pipelines']"
372,CONSTRUCTION,3.579933994862536,2.2570485640893367,6.666666666666667,"['mysql', 'data warehousing', 'etl', 'data warehouse', 'linux', 'pandas', 'sql', 'python', 'git', 'data pipeline', 'spark', 'postgresql', 'apache spark', 'data pipelines']"
373,AVIATION,3.5694865630677426,2.242123661525347,6.666666666666667,"['mysql', 'data warehousing', 'etl', 'data warehouse', 'linux', 'pandas', 'sql', 'python', 'git', 'data pipeline', 'spark', 'postgresql', 'apache spark', 'data pipelines']"
374,ACCOUNTANT,3.5679987447941306,2.239998206848758,6.666666666666667,"['mysql', 'data warehousing', 'etl', 'data warehouse', 'linux', 'pandas', 'sql', 'python', 'git', 'data pipeline', 'spark', 'postgresql', 'apache spark', 'data pipelines']"
375,ADVOCATE,3.5653429639710446,2.2362042342443496,6.666666666666667,"['mysql', 'data warehousing', 'etl', 'data warehouse', 'linux', 'pandas', 'sql', 'python', 'git', 'data pipeline', 'spark', 'postgresql', 'apache spark', 'data pipelines']"
376,APPAREL,3.5652704429432136,2.23610063277602,6.666666666666667,"['mysql', 'aws', 'data warehousing', 'etl', 'linux', 'pandas', 'sql', 'python', 'git', 'data pipeline', 'spark', 'postgresql', 'apache spark', 'data pipelines']"
377,HEALTHCARE,3.5613218293102227,2.230459756157461,6.666666666666667,"['mysql', 'data warehousing', 'etl', 'data warehouse', 'linux', 'pandas', 'sql', 'python', 'git', 'data pipeline', 'spark', 'postgresql', 'apache spark', 'data pipelines']"
378,AGRICULTURE,3.5590867293523347,2.2272667562176216,6.666666666666667,"['mysql', 'data warehousing', 'etl', 'data warehouse', 'linux', 'pandas', 'sql', 'python', 'git', 'data pipeline', 'spark', 'postgresql', 'apache spark', 'data pipelines']"
379,TEACHER,3.555548726920673,2.222212467029533,6.666666666666667,"['mysql', 'aws', 'data warehousing', 'etl', 'data warehouse', 'linux', 'pandas', 'sql', 'python', 'data pipeline', 'spark', 'postgresql', 'apache spark', 'data pipelines']"
380,HR,3.552063380389037,2.2172334005557675,6.666666666666667,"['mysql', 'data warehousing', 'etl', 'data warehouse', 'linux', 'pandas', 'sql', 'python', 'git', 'data pipeline', 'spark', 'postgresql', 'apache spark', 'data pipelines']"
381,ENGINEERING,3.5500913061915846,2.214416151702264,6.666666666666667,"['mysql', 'data warehousing', 'etl', 'data warehouse', 'linux', 'pandas', 'sql', 'python', 'git', 'data pipeline', 'spark', 'postgresql', 'apache spark', 'data pipelines']"
382,SALES,3.5392172181138464,2.198881740162638,6.666666666666667,"['mysql', 'data warehousing', 'etl', 'data warehouse', 'linux', 'pandas', 'sql', 'python', 'git', 'data pipeline', 'spark', 'postgresql', 'apache spark', 'data pipelines']"
383,HEALTHCARE,3.5272233515879856,2.181747645125694,6.666666666666667,"['mysql', 'data warehousing', 'etl', 'data warehouse', 'linux', 'pandas', 'sql', 'python', 'git', 'data pipeline', 'spark', 'postgresql', 'apache spark', 'data pipelines']"
384,ENGINEERING,3.5266774634904032,2.1809678049862904,6.666666666666667,"['mysql', 'aws', 'data warehousing', 'etl', 'data warehouse', 'linux', 'pandas', 'sql', 'python', 'data pipeline', 'spark', 'postgresql', 'apache spark', 'data pipelines']"
385,CONSTRUCTION,3.5266724408344157,2.1809606297634514,6.666666666666667,"['mysql', 'aws', 'data warehousing', 'etl', 'data warehouse', 'linux', 'pandas', 'sql', 'python', 'data pipeline', 'spark', 'postgresql', 'apache spark', 'data pipelines']"
386,CONSTRUCTION,3.5239960830241905,2.1771372614631295,6.666666666666667,"['mysql', 'aws', 'data warehousing', 'etl', 'data warehouse', 'linux', 'pandas', 'sql', 'python', 'data pipeline', 'spark', 'postgresql', 'apache spark', 'data pipelines']"
387,APPAREL,3.52088823708236,2.1726974815462285,6.666666666666667,"['mysql', 'aws', 'data warehousing', 'etl', 'data warehouse', 'linux', 'pandas', 'sql', 'python', 'data pipeline', 'spark', 'postgresql', 'apache spark', 'data pipelines']"
388,ARTS,3.5154082302636134,2.164868900376591,6.666666666666667,"['mysql', 'aws', 'data warehousing', 'etl', 'data warehouse', 'linux', 'pandas', 'sql', 'python', 'data pipeline', 'spark', 'postgresql', 'apache spark', 'data pipelines']"
389,AVIATION,3.5126025691644234,5.018003670234891,0.0,"['mysql', 'aws', 'data warehousing', 'etl', 'data warehouse', 'linux', 'pandas', 'sql', 'python', 'git', 'data pipeline', 'spark', 'postgresql', 'apache spark', 'data pipelines']"
390,DESIGNER,3.5039946298002285,2.1485637568574694,6.666666666666667,"['mysql', 'aws', 'data warehousing', 'etl', 'data warehouse', 'linux', 'pandas', 'sql', 'python', 'data pipeline', 'spark', 'postgresql', 'apache spark', 'data pipelines']"
391,BUSINESS-DEVELOPMENT,3.487826922261742,2.125467031802489,6.666666666666667,"['mysql', 'aws', 'data warehousing', 'etl', 'data warehouse', 'linux', 'pandas', 'sql', 'python', 'git', 'data pipeline', 'postgresql', 'apache spark', 'data pipelines']"
392,FINANCE,3.482654611039569,2.118078015770813,6.666666666666667,"['mysql', 'data warehousing', 'etl', 'data warehouse', 'linux', 'pandas', 'sql', 'python', 'git', 'data pipeline', 'spark', 'postgresql', 'apache spark', 'data pipelines']"
393,BUSINESS-DEVELOPMENT,3.4728716020226353,2.104102288603765,6.666666666666667,"['mysql', 'data warehousing', 'etl', 'data warehouse', 'linux', 'pandas', 'sql', 'python', 'git', 'data pipeline', 'spark', 'postgresql', 'apache spark', 'data pipelines']"
394,HR,3.4712201767452795,2.101743109636114,6.666666666666667,"['mysql', 'data warehousing', 'etl', 'data warehouse', 'linux', 'pandas', 'sql', 'python', 'git', 'data pipeline', 'spark', 'postgresql', 'apache spark', 'data pipelines']"
395,HEALTHCARE,3.4640748125658654,4.948678303665522,0.0,"['mysql', 'aws', 'data warehousing', 'etl', 'data warehouse', 'linux', 'pandas', 'sql', 'python', 'git', 'data pipeline', 'spark', 'postgresql', 'apache spark', 'data pipelines']"
396,HEALTHCARE,3.4558872739556854,4.936981819936694,0.0,"['mysql', 'aws', 'data warehousing', 'etl', 'data warehouse', 'linux', 'pandas', 'sql', 'python', 'git', 'data pipeline', 'spark', 'postgresql', 'apache spark', 'data pipelines']"
397,ACCOUNTANT,3.4257230247756274,2.036747178250897,6.666666666666667,"['mysql', 'data warehousing', 'etl', 'data warehouse', 'linux', 'pandas', 'sql', 'python', 'git', 'data pipeline', 'spark', 'postgresql', 'apache spark', 'data pipelines']"
398,BANKING,3.4254729223963025,2.0363898891375753,6.666666666666667,"['mysql', 'aws', 'data warehousing', 'etl', 'data warehouse', 'linux', 'pandas', 'sql', 'python', 'data pipeline', 'spark', 'postgresql', 'apache spark', 'data pipelines']"
399,DIGITAL-MEDIA,3.416751494436607,2.02393070633801,6.666666666666667,"['mysql', 'aws', 'data warehousing', 'etl', 'data warehouse', 'linux', 'pandas', 'sql', 'python', 'data pipeline', 'spark', 'postgresql', 'apache spark', 'data pipelines']"
400,DIGITAL-MEDIA,3.415339263293598,2.0219132332765684,6.666666666666667,"['mysql', 'aws', 'data warehousing', 'etl', 'data warehouse', 'linux', 'pandas', 'sql', 'python', 'data pipeline', 'spark', 'postgresql', 'apache spark', 'data pipelines']"
401,DIGITAL-MEDIA,3.4133979402385504,2.0191399146265008,6.666666666666667,"['mysql', 'aws', 'data warehousing', 'etl', 'data warehouse', 'linux', 'pandas', 'sql', 'python', 'data pipeline', 'spark', 'postgresql', 'apache spark', 'data pipelines']"
402,DESIGNER,3.4066309429838473,2.00947277569121,6.666666666666667,"['mysql', 'aws', 'data warehousing', 'etl', 'data warehouse', 'pandas', 'sql', 'python', 'git', 'data pipeline', 'spark', 'postgresql', 'apache spark', 'data pipelines']"
403,PUBLIC-RELATIONS,3.405734130843908,2.008191615491297,6.666666666666667,"['mysql', 'data warehousing', 'etl', 'data warehouse', 'linux', 'pandas', 'sql', 'python', 'git', 'data pipeline', 'spark', 'postgresql', 'apache spark', 'data pipelines']"
404,HR,3.4054878451209376,2.007839778744197,6.666666666666667,"['mysql', 'data warehousing', 'etl', 'data warehouse', 'linux', 'pandas', 'sql', 'python', 'git', 'data pipeline', 'spark', 'postgresql', 'apache spark', 'data pipelines']"
405,FITNESS,3.4044745773288394,2.006392253326913,6.666666666666667,"['mysql', 'aws', 'data warehousing', 'etl', 'data warehouse', 'linux', 'pandas', 'sql', 'python', 'data pipeline', 'spark', 'postgresql', 'apache spark', 'data pipelines']"
406,FINANCE,3.40265952011607,2.0037993144515287,6.666666666666667,"['mysql', 'data warehousing', 'etl', 'data warehouse', 'linux', 'pandas', 'sql', 'python', 'git', 'data pipeline', 'spark', 'postgresql', 'apache spark', 'data pipelines']"
407,ENGINEERING,3.396055639737821,4.851508056768316,0.0,"['mysql', 'aws', 'data warehousing', 'etl', 'data warehouse', 'linux', 'pandas', 'sql', 'python', 'git', 'data pipeline', 'spark', 'postgresql', 'apache spark', 'data pipelines']"
408,SALES,3.3913648777091816,1.9876641110131168,6.666666666666667,"['mysql', 'data warehousing', 'etl', 'data warehouse', 'linux', 'pandas', 'sql', 'python', 'git', 'data pipeline', 'spark', 'postgresql', 'apache spark', 'data pipelines']"
409,BANKING,3.3893934925479954,1.984847846497136,6.666666666666667,"['mysql', 'aws', 'data warehousing', 'etl', 'data warehouse', 'pandas', 'sql', 'python', 'git', 'data pipeline', 'spark', 'postgresql', 'apache spark', 'data pipelines']"
410,ENGINEERING,3.384975099751457,1.978535856787796,6.666666666666667,"['mysql', 'aws', 'data warehousing', 'etl', 'data warehouse', 'linux', 'pandas', 'sql', 'python', 'data pipeline', 'spark', 'postgresql', 'apache spark', 'data pipelines']"
411,ACCOUNTANT,3.384543811583442,1.9779197308334884,6.666666666666667,"['mysql', 'aws', 'data warehousing', 'etl', 'data warehouse', 'linux', 'pandas', 'sql', 'python', 'data pipeline', 'spark', 'postgresql', 'apache spark', 'data pipelines']"
412,CONSTRUCTION,3.3783174107950793,1.969024872564399,6.666666666666667,"['mysql', 'aws', 'data warehousing', 'etl', 'data warehouse', 'linux', 'pandas', 'sql', 'python', 'data pipeline', 'spark', 'postgresql', 'apache spark', 'data pipelines']"
413,HEALTHCARE,3.372053899400991,4.817219856287131,0.0,"['mysql', 'aws', 'data warehousing', 'etl', 'data warehouse', 'linux', 'pandas', 'sql', 'python', 'git', 'data pipeline', 'spark', 'postgresql', 'apache spark', 'data pipelines']"
414,FINANCE,3.3615896560442384,1.9451280800631978,6.666666666666667,"['mysql', 'data warehousing', 'etl', 'data warehouse', 'linux', 'pandas', 'sql', 'python', 'git', 'data pipeline', 'spark', 'postgresql', 'apache spark', 'data pipelines']"
415,HR,3.3549118908431215,1.9355884154901737,6.666666666666667,"['mysql', 'data warehousing', 'etl', 'data warehouse', 'linux', 'pandas', 'sql', 'python', 'git', 'data pipeline', 'spark', 'postgresql', 'apache spark', 'data pipelines']"
416,AUTOMOBILE,3.3486191294831866,1.9265987564045524,6.666666666666667,"['mysql', 'data warehousing', 'etl', 'data warehouse', 'linux', 'pandas', 'sql', 'python', 'git', 'data pipeline', 'spark', 'postgresql', 'apache spark', 'data pipelines']"
417,FINANCE,3.3481522410621625,1.9259317729459466,6.666666666666667,"['mysql', 'aws', 'data warehousing', 'etl', 'linux', 'pandas', 'sql', 'python', 'git', 'data pipeline', 'spark', 'postgresql', 'apache spark', 'data pipelines']"
418,ACCOUNTANT,3.3450677884457924,1.9215254120654175,6.666666666666667,"['mysql', 'data warehousing', 'etl', 'data warehouse', 'linux', 'pandas', 'sql', 'python', 'git', 'data pipeline', 'spark', 'postgresql', 'apache spark', 'data pipelines']"
419,INFORMATION-TECHNOLOGY,3.3448289968914637,1.9211842812735196,6.666666666666667,"['mysql', 'aws', 'data warehousing', 'etl', 'data warehouse', 'linux', 'pandas', 'python', 'git', 'data pipeline', 'spark', 'postgresql', 'apache spark', 'data pipelines']"
420,ADVOCATE,3.329478281195434,1.8992546874220486,6.666666666666667,"['mysql', 'aws', 'data warehousing', 'etl', 'data warehouse', 'pandas', 'sql', 'python', 'git', 'data pipeline', 'spark', 'postgresql', 'apache spark', 'data pipelines']"
421,BANKING,3.3229660467548543,1.889951495364078,6.666666666666667,"['mysql', 'data warehousing', 'etl', 'data warehouse', 'linux', 'pandas', 'sql', 'python', 'git', 'data pipeline', 'spark', 'postgresql', 'apache spark', 'data pipelines']"
422,FINANCE,3.3224789282139398,1.8892556117342,6.666666666666667,"['mysql', 'data warehousing', 'etl', 'data warehouse', 'linux', 'pandas', 'sql', 'python', 'git', 'data pipeline', 'spark', 'postgresql', 'apache spark', 'data pipelines']"
423,ENGINEERING,3.321864418450716,1.88837774064388,6.666666666666667,"['mysql', 'data warehousing', 'etl', 'data warehouse', 'linux', 'pandas', 'sql', 'python', 'git', 'data pipeline', 'spark', 'postgresql', 'apache spark', 'data pipelines']"
424,HR,3.319727528356589,1.8853250405094133,6.666666666666667,"['mysql', 'data warehousing', 'etl', 'data warehouse', 'linux', 'pandas', 'sql', 'python', 'git', 'data pipeline', 'spark', 'postgresql', 'apache spark', 'data pipelines']"
425,ENGINEERING,3.3165880812297304,4.737982973185329,0.0,"['mysql', 'aws', 'data warehousing', 'etl', 'data warehouse', 'linux', 'pandas', 'sql', 'python', 'git', 'data pipeline', 'spark', 'postgresql', 'apache spark', 'data pipelines']"
426,FINANCE,3.316212696642558,4.737446709489369,0.0,"['mysql', 'aws', 'data warehousing', 'etl', 'data warehouse', 'linux', 'pandas', 'sql', 'python', 'git', 'data pipeline', 'spark', 'postgresql', 'apache spark', 'data pipelines']"
427,CONSTRUCTION,3.3062795392015336,4.72325648457362,0.0,"['mysql', 'aws', 'data warehousing', 'etl', 'data warehouse', 'linux', 'pandas', 'sql', 'python', 'git', 'data pipeline', 'spark', 'postgresql', 'apache spark', 'data pipelines']"
428,FINANCE,3.302614683486696,1.860878119266708,6.666666666666667,"['mysql', 'data warehousing', 'etl', 'data warehouse', 'linux', 'pandas', 'sql', 'python', 'git', 'data pipeline', 'spark', 'postgresql', 'apache spark', 'data pipelines']"
429,PUBLIC-RELATIONS,3.2971702380431114,4.710243197204445,0.0,"['mysql', 'aws', 'data warehousing', 'etl', 'data warehouse', 'linux', 'pandas', 'sql', 'python', 'git', 'data pipeline', 'spark', 'postgresql', 'apache spark', 'data pipelines']"
430,HEALTHCARE,3.2936523890970757,1.8480748415672512,6.666666666666667,"['mysql', 'aws', 'data warehousing', 'etl', 'data warehouse', 'linux', 'pandas', 'sql', 'python', 'data pipeline', 'spark', 'postgresql', 'apache spark', 'data pipelines']"
431,ENGINEERING,3.2903643143886145,1.8433775919837352,6.666666666666667,"['mysql', 'aws', 'data warehousing', 'etl', 'data warehouse', 'pandas', 'sql', 'python', 'git', 'data pipeline', 'spark', 'postgresql', 'apache spark', 'data pipelines']"
432,SALES,3.2894653009767216,4.69923614425246,0.0,"['mysql', 'aws', 'data warehousing', 'etl', 'data warehouse', 'linux', 'pandas', 'sql', 'python', 'git', 'data pipeline', 'spark', 'postgresql', 'apache spark', 'data pipelines']"
433,CONSTRUCTION,3.2848907805626526,1.8355582579466463,6.666666666666667,"['mysql', 'data warehousing', 'etl', 'data warehouse', 'linux', 'pandas', 'sql', 'python', 'git', 'data pipeline', 'spark', 'postgresql', 'apache spark', 'data pipelines']"
434,HR,3.2834693929850096,1.8335277042642997,6.666666666666667,"['mysql', 'data warehousing', 'etl', 'data warehouse', 'linux', 'pandas', 'sql', 'python', 'git', 'data pipeline', 'spark', 'postgresql', 'apache spark', 'data pipelines']"
435,HEALTHCARE,3.2745474645002854,1.820782092143265,6.666666666666667,"['mysql', 'aws', 'data warehousing', 'etl', 'data warehouse', 'linux', 'pandas', 'sql', 'python', 'data pipeline', 'spark', 'postgresql', 'apache spark', 'data pipelines']"
436,ADVOCATE,3.2666541729437784,1.8095059613482547,6.666666666666667,"['mysql', 'data warehousing', 'etl', 'data warehouse', 'linux', 'pandas', 'sql', 'python', 'git', 'data pipeline', 'spark', 'postgresql', 'apache spark', 'data pipelines']"
437,AVIATION,3.2575443960571304,1.7964919943673292,6.666666666666667,"['mysql', 'data warehousing', 'etl', 'data warehouse', 'linux', 'pandas', 'sql', 'python', 'git', 'data pipeline', 'spark', 'postgresql', 'apache spark', 'data pipelines']"
438,PUBLIC-RELATIONS,3.2564549380106325,1.794935625729475,6.666666666666667,"['mysql', 'data warehousing', 'etl', 'data warehouse', 'linux', 'pandas', 'sql', 'python', 'git', 'data pipeline', 'spark', 'postgresql', 'apache spark', 'data pipelines']"
439,ADVOCATE,3.247983739911213,1.7828339141588754,6.666666666666667,"['mysql', 'aws', 'data warehousing', 'etl', 'data warehouse', 'linux', 'pandas', 'sql', 'python', 'data pipeline', 'spark', 'postgresql', 'apache spark', 'data pipelines']"
440,APPAREL,3.2476410941596052,1.7823444202280077,6.666666666666667,"['mysql', 'data warehousing', 'etl', 'data warehouse', 'linux', 'pandas', 'sql', 'python', 'git', 'data pipeline', 'spark', 'postgresql', 'apache spark', 'data pipelines']"
441,AVIATION,3.2469696670843717,1.7813852386919595,6.666666666666667,"['mysql', 'data warehousing', 'etl', 'data warehouse', 'linux', 'pandas', 'sql', 'python', 'git', 'data pipeline', 'spark', 'postgresql', 'apache spark', 'data pipelines']"
442,AVIATION,3.2461890129073305,1.7802700184390439,6.666666666666667,"['mysql', 'aws', 'data warehousing', 'etl', 'data warehouse', 'linux', 'pandas', 'sql', 'python', 'data pipeline', 'spark', 'postgresql', 'apache spark', 'data pipelines']"
443,BANKING,3.240954668009466,1.7727923828706658,6.666666666666667,"['mysql', 'aws', 'data warehousing', 'etl', 'data warehouse', 'linux', 'pandas', 'sql', 'python', 'data pipeline', 'spark', 'postgresql', 'apache spark', 'data pipelines']"
444,FITNESS,3.239586729157633,1.7708381845109045,6.666666666666667,"['mysql', 'data warehousing', 'etl', 'data warehouse', 'linux', 'pandas', 'sql', 'python', 'git', 'data pipeline', 'spark', 'postgresql', 'apache spark', 'data pipelines']"
445,CHEF,3.238129930042347,1.7687570429176385,6.666666666666667,"['mysql', 'data warehousing', 'etl', 'data warehouse', 'linux', 'pandas', 'sql', 'python', 'git', 'data pipeline', 'spark', 'postgresql', 'apache spark', 'data pipelines']"
446,HR,3.2377749483252796,1.7682499261789708,6.666666666666667,"['mysql', 'data warehousing', 'etl', 'data warehouse', 'linux', 'pandas', 'sql', 'python', 'git', 'data pipeline', 'spark', 'postgresql', 'apache spark', 'data pipelines']"
447,FINANCE,3.2373812636363066,1.7676875194804382,6.666666666666667,"['mysql', 'aws', 'data warehousing', 'etl', 'data warehouse', 'linux', 'pandas', 'python', 'git', 'data pipeline', 'spark', 'postgresql', 'apache spark', 'data pipelines']"
448,DESIGNER,3.232183360670382,1.7602619438148317,6.666666666666667,"['mysql', 'aws', 'data warehousing', 'etl', 'data warehouse', 'linux', 'pandas', 'sql', 'python', 'data pipeline', 'spark', 'postgresql', 'apache spark', 'data pipelines']"
449,HR,3.229493721473855,1.7564196021055074,6.666666666666667,"['mysql', 'data warehousing', 'etl', 'data warehouse', 'linux', 'pandas', 'sql', 'python', 'git', 'data pipeline', 'spark', 'postgresql', 'apache spark', 'data pipelines']"
450,HR,3.225406601193196,1.750580858847423,6.666666666666667,"['mysql', 'data warehousing', 'etl', 'data warehouse', 'linux', 'pandas', 'sql', 'python', 'git', 'data pipeline', 'spark', 'postgresql', 'apache spark', 'data pipelines']"
451,PUBLIC-RELATIONS,3.218199578072989,1.7402851115328415,6.666666666666667,"['mysql', 'aws', 'data warehousing', 'etl', 'data warehouse', 'linux', 'pandas', 'sql', 'python', 'data pipeline', 'spark', 'postgresql', 'apache spark', 'data pipelines']"
452,CONSULTANT,3.2178629594083974,1.739804227726282,6.666666666666667,"['mysql', 'data warehousing', 'etl', 'data warehouse', 'linux', 'pandas', 'sql', 'python', 'git', 'data pipeline', 'spark', 'postgresql', 'apache spark', 'data pipelines']"
453,ENGINEERING,3.2161798503388974,1.7373997861984247,6.666666666666667,"['mysql', 'data warehousing', 'etl', 'data warehouse', 'linux', 'pandas', 'sql', 'python', 'git', 'data pipeline', 'spark', 'postgresql', 'apache spark', 'data pipelines']"
454,ADVOCATE,3.2105858186393688,1.7294083123419557,6.666666666666667,"['mysql', 'data warehousing', 'etl', 'data warehouse', 'linux', 'pandas', 'sql', 'python', 'git', 'data pipeline', 'spark', 'postgresql', 'apache spark', 'data pipelines']"
455,AVIATION,3.2037436435251676,4.576776633607382,0.0,"['mysql', 'aws', 'data warehousing', 'etl', 'data warehouse', 'linux', 'pandas', 'sql', 'python', 'git', 'data pipeline', 'spark', 'postgresql', 'apache spark', 'data pipelines']"
456,BUSINESS-DEVELOPMENT,3.200680137457229,1.7152573392246129,6.666666666666667,"['mysql', 'data warehousing', 'etl', 'data warehouse', 'linux', 'pandas', 'sql', 'python', 'git', 'data pipeline', 'spark', 'postgresql', 'apache spark', 'data pipelines']"
457,AUTOMOBILE,3.197548744921303,4.567926778459005,0.0,"['mysql', 'aws', 'data warehousing', 'etl', 'data warehouse', 'linux', 'pandas', 'sql', 'python', 'git', 'data pipeline', 'spark', 'postgresql', 'apache spark', 'data pipelines']"
458,CONSTRUCTION,3.1942189413516657,1.7060270590738082,6.666666666666667,"['mysql', 'data warehousing', 'etl', 'data warehouse', 'linux', 'pandas', 'sql', 'python', 'git', 'data pipeline', 'spark', 'postgresql', 'apache spark', 'data pipelines']"
459,CHEF,3.193613445681068,4.562304922401526,0.0,"['mysql', 'aws', 'data warehousing', 'etl', 'data warehouse', 'linux', 'pandas', 'sql', 'python', 'git', 'data pipeline', 'spark', 'postgresql', 'apache spark', 'data pipelines']"
460,ACCOUNTANT,3.186859821510245,4.552656887871779,0.0,"['mysql', 'aws', 'data warehousing', 'etl', 'data warehouse', 'linux', 'pandas', 'sql', 'python', 'git', 'data pipeline', 'spark', 'postgresql', 'apache spark', 'data pipelines']"
461,BANKING,3.180380440072113,1.68625777153159,6.666666666666667,"['mysql', 'data warehousing', 'etl', 'data warehouse', 'linux', 'pandas', 'sql', 'python', 'git', 'data pipeline', 'spark', 'postgresql', 'apache spark', 'data pipelines']"
462,HR,3.177624117869432,1.6823201683849036,6.666666666666667,"['mysql', 'aws', 'data warehousing', 'data warehouse', 'linux', 'pandas', 'sql', 'python', 'git', 'data pipeline', 'spark', 'postgresql', 'apache spark', 'data pipelines']"
463,SALES,3.174628634750823,1.6780409067868898,6.666666666666667,"['mysql', 'aws', 'data warehousing', 'etl', 'data warehouse', 'linux', 'pandas', 'sql', 'python', 'data pipeline', 'spark', 'postgresql', 'apache spark', 'data pipelines']"
464,INFORMATION-TECHNOLOGY,3.1710409921159446,1.6729157030227777,6.666666666666667,"['mysql', 'aws', 'data warehousing', 'etl', 'data warehouse', 'linux', 'pandas', 'python', 'git', 'data pipeline', 'spark', 'postgresql', 'apache spark', 'data pipelines']"
465,INFORMATION-TECHNOLOGY,3.1656983289676925,4.522426184239561,0.0,"['mysql', 'aws', 'data warehousing', 'etl', 'data warehouse', 'linux', 'pandas', 'sql', 'python', 'git', 'data pipeline', 'spark', 'postgresql', 'apache spark', 'data pipelines']"
466,TEACHER,3.161009969108111,1.6585856701544444,6.666666666666667,"['mysql', 'data warehousing', 'etl', 'data warehouse', 'linux', 'pandas', 'sql', 'python', 'git', 'data pipeline', 'spark', 'postgresql', 'apache spark', 'data pipelines']"
467,ENGINEERING,3.1573368160958837,4.510481165851263,0.0,"['mysql', 'aws', 'data warehousing', 'etl', 'data warehouse', 'linux', 'pandas', 'sql', 'python', 'git', 'data pipeline', 'spark', 'postgresql', 'apache spark', 'data pipelines']"
468,ADVOCATE,3.144928416005624,1.6356120228651774,6.666666666666667,"['mysql', 'aws', 'data warehousing', 'etl', 'data warehouse', 'linux', 'pandas', 'sql', 'python', 'data pipeline', 'spark', 'postgresql', 'apache spark', 'data pipelines']"
469,AVIATION,3.139819630097732,1.6283137572824742,6.666666666666667,"['mysql', 'data warehousing', 'etl', 'data warehouse', 'linux', 'pandas', 'sql', 'python', 'git', 'data pipeline', 'spark', 'postgresql', 'apache spark', 'data pipelines']"
470,INFORMATION-TECHNOLOGY,3.136677504980102,1.6238250071144316,6.666666666666667,"['mysql', 'aws', 'data warehousing', 'etl', 'data warehouse', 'linux', 'pandas', 'python', 'git', 'data pipeline', 'spark', 'postgresql', 'apache spark', 'data pipelines']"
471,HR,3.1346675194192555,1.620953599170365,6.666666666666667,"['mysql', 'data warehousing', 'etl', 'data warehouse', 'linux', 'pandas', 'sql', 'python', 'git', 'data pipeline', 'spark', 'postgresql', 'apache spark', 'data pipelines']"
472,FITNESS,3.1317605954914196,1.6168008507020277,6.666666666666667,"['mysql', 'aws', 'data warehousing', 'etl', 'data warehouse', 'linux', 'pandas', 'sql', 'python', 'git', 'data pipeline', 'postgresql', 'apache spark', 'data pipelines']"
473,AGRICULTURE,3.1310287329100435,1.6157553327286338,6.666666666666667,"['mysql', 'aws', 'data warehousing', 'etl', 'data warehouse', 'linux', 'pandas', 'sql', 'python', 'data pipeline', 'spark', 'postgresql', 'apache spark', 'data pipelines']"
474,ACCOUNTANT,3.1301894642003467,1.6145563774290668,6.666666666666667,"['mysql', 'data warehousing', 'etl', 'data warehouse', 'linux', 'pandas', 'sql', 'python', 'git', 'data pipeline', 'spark', 'postgresql', 'apache spark', 'data pipelines']"
475,PUBLIC-RELATIONS,3.128106117440974,1.6115801677728203,6.666666666666667,"['mysql', 'aws', 'data warehousing', 'etl', 'data warehouse', 'linux', 'pandas', 'sql', 'python', 'data pipeline', 'spark', 'postgresql', 'apache spark', 'data pipelines']"
476,FINANCE,3.1238697659171386,4.462671094167341,0.0,"['mysql', 'aws', 'data warehousing', 'etl', 'data warehouse', 'linux', 'pandas', 'sql', 'python', 'git', 'data pipeline', 'spark', 'postgresql', 'apache spark', 'data pipelines']"
477,SALES,3.118296118334597,1.5975658833351385,6.666666666666667,"['mysql', 'aws', 'data warehousing', 'etl', 'data warehouse', 'linux', 'pandas', 'sql', 'python', 'data pipeline', 'spark', 'postgresql', 'apache spark', 'data pipelines']"
478,HEALTHCARE,3.1157041890625456,4.451005984375065,0.0,"['mysql', 'aws', 'data warehousing', 'etl', 'data warehouse', 'linux', 'pandas', 'sql', 'python', 'git', 'data pipeline', 'spark', 'postgresql', 'apache spark', 'data pipelines']"
479,ACCOUNTANT,3.1152563073305775,1.5932232961865394,6.666666666666667,"['mysql', 'data warehousing', 'etl', 'data warehouse', 'linux', 'pandas', 'sql', 'python', 'git', 'data pipeline', 'spark', 'postgresql', 'apache spark', 'data pipelines']"
480,HR,3.1005210815965443,1.5721729737093488,6.666666666666667,"['mysql', 'aws', 'data warehousing', 'etl', 'data warehouse', 'linux', 'pandas', 'python', 'git', 'data pipeline', 'spark', 'postgresql', 'apache spark', 'data pipelines']"
481,FITNESS,3.097314887626557,1.5675926966093674,6.666666666666667,"['mysql', 'data warehousing', 'etl', 'data warehouse', 'linux', 'pandas', 'sql', 'python', 'git', 'data pipeline', 'spark', 'postgresql', 'apache spark', 'data pipelines']"
482,AVIATION,3.09035510798242,1.5576501542605998,6.666666666666667,"['mysql', 'data warehousing', 'etl', 'data warehouse', 'linux', 'pandas', 'sql', 'python', 'git', 'data pipeline', 'spark', 'postgresql', 'apache spark', 'data pipelines']"
483,INFORMATION-TECHNOLOGY,3.088567777471882,1.5550968249598316,6.666666666666667,"['mysql', 'aws', 'data warehousing', 'etl', 'data warehouse', 'pandas', 'sql', 'python', 'git', 'data pipeline', 'spark', 'postgresql', 'apache spark', 'data pipelines']"
484,AVIATION,3.0829610974033734,1.5470872820048194,6.666666666666667,"['mysql', 'aws', 'data warehousing', 'etl', 'data warehouse', 'linux', 'pandas', 'sql', 'python', 'data pipeline', 'spark', 'postgresql', 'apache spark', 'data pipelines']"
485,HEALTHCARE,3.0759016764468385,4.394145252066912,0.0,"['mysql', 'aws', 'data warehousing', 'etl', 'data warehouse', 'linux', 'pandas', 'sql', 'python', 'git', 'data pipeline', 'spark', 'postgresql', 'apache spark', 'data pipelines']"
486,BANKING,3.07472745669252,1.5353249381321714,6.666666666666667,"['mysql', 'aws', 'data warehousing', 'etl', 'data warehouse', 'linux', 'pandas', 'python', 'git', 'data pipeline', 'spark', 'postgresql', 'apache spark', 'data pipelines']"
487,ARTS,3.0743176782313517,1.5347395403305026,6.666666666666667,"['mysql', 'data warehousing', 'etl', 'data warehouse', 'linux', 'pandas', 'sql', 'python', 'git', 'data pipeline', 'spark', 'postgresql', 'apache spark', 'data pipelines']"
488,HR,3.072613069762229,1.5323043853746128,6.666666666666667,"['mysql', 'aws', 'data warehousing', 'etl', 'data warehouse', 'linux', 'pandas', 'sql', 'python', 'data pipeline', 'spark', 'postgresql', 'apache spark', 'data pipelines']"
489,PUBLIC-RELATIONS,3.0699501024914433,1.5285001464163477,6.666666666666667,"['mysql', 'aws', 'data warehousing', 'etl', 'data warehouse', 'linux', 'pandas', 'sql', 'python', 'data pipeline', 'spark', 'postgresql', 'apache spark', 'data pipelines']"
490,CONSTRUCTION,3.0687780922480443,4.383968703211492,0.0,"['mysql', 'aws', 'data warehousing', 'etl', 'data warehouse', 'linux', 'pandas', 'sql', 'python', 'git', 'data pipeline', 'spark', 'postgresql', 'apache spark', 'data pipelines']"
491,CONSULTANT,3.066844066479254,4.381205809256077,0.0,"['mysql', 'aws', 'data warehousing', 'etl', 'data warehouse', 'linux', 'pandas', 'sql', 'python', 'git', 'data pipeline', 'spark', 'postgresql', 'apache spark', 'data pipelines']"
492,ENGINEERING,3.0638661996882854,1.5198088566975505,6.666666666666667,"['mysql', 'aws', 'data warehousing', 'etl', 'data warehouse', 'linux', 'pandas', 'sql', 'python', 'data pipeline', 'spark', 'postgresql', 'apache spark', 'data pipelines']"
493,CONSULTANT,3.056857823038058,1.5097968900543692,6.666666666666667,"['mysql', 'aws', 'data warehousing', 'etl', 'data warehouse', 'linux', 'pandas', 'python', 'git', 'data pipeline', 'spark', 'postgresql', 'apache spark', 'data pipelines']"
494,HEALTHCARE,3.056328774579892,1.5090411065427027,6.666666666666667,"['mysql', 'aws', 'data warehousing', 'etl', 'data warehouse', 'linux', 'pandas', 'sql', 'python', 'data pipeline', 'spark', 'postgresql', 'apache spark', 'data pipelines']"
495,FINANCE,3.0529063080758814,1.5041518686798308,6.666666666666667,"['mysql', 'aws', 'data warehousing', 'etl', 'data warehouse', 'linux', 'pandas', 'python', 'git', 'data pipeline', 'spark', 'postgresql', 'apache spark', 'data pipelines']"
496,TEACHER,3.0523018222183085,1.503288317454727,6.666666666666667,"['mysql', 'data warehousing', 'etl', 'data warehouse', 'linux', 'pandas', 'sql', 'python', 'git', 'data pipeline', 'spark', 'postgresql', 'apache spark', 'data pipelines']"
497,SALES,3.0520343506147842,1.5029062151639774,6.666666666666667,"['mysql', 'aws', 'data warehousing', 'etl', 'data warehouse', 'linux', 'pandas', 'sql', 'python', 'data pipeline', 'spark', 'postgresql', 'apache spark', 'data pipelines']"
498,CONSTRUCTION,3.0431125081434507,1.4901607259192156,6.666666666666667,"['mysql', 'data warehousing', 'etl', 'data warehouse', 'linux', 'pandas', 'sql', 'python', 'git', 'data pipeline', 'spark', 'postgresql', 'apache spark', 'data pipelines']"
499,SALES,3.0427511792892448,1.4896445418417783,6.666666666666667,"['mysql', 'aws', 'data warehousing', 'etl', 'data warehouse', 'linux', 'pandas', 'sql', 'python', 'data pipeline', 'spark', 'postgresql', 'apache spark', 'data pipelines']"
500,CONSTRUCTION,3.0366065600331282,1.4808665143330408,6.666666666666667,"['mysql', 'aws', 'data warehousing', 'data warehouse', 'linux', 'pandas', 'sql', 'python', 'git', 'data pipeline', 'spark', 'postgresql', 'apache spark', 'data pipelines']"
501,ENGINEERING,3.0170507255993293,1.452929607999042,6.666666666666667,"['mysql', 'data warehousing', 'etl', 'data warehouse', 'linux', 'pandas', 'sql', 'python', 'git', 'data pipeline', 'spark', 'postgresql', 'apache spark', 'data pipelines']"
502,CONSTRUCTION,3.0168786467685367,1.4526837810979096,6.666666666666667,"['mysql', 'aws', 'data warehousing', 'etl', 'data warehouse', 'linux', 'pandas', 'python', 'git', 'data pipeline', 'spark', 'postgresql', 'apache spark', 'data pipelines']"
503,HR,3.0130416623674994,1.4472023748107135,6.666666666666667,"['mysql', 'data warehousing', 'etl', 'data warehouse', 'linux', 'pandas', 'sql', 'python', 'git', 'data pipeline', 'spark', 'postgresql', 'apache spark', 'data pipelines']"
504,HEALTHCARE,3.0064409471266145,1.4377727816094494,6.666666666666667,"['mysql', 'aws', 'data warehousing', 'etl', 'data warehouse', 'linux', 'pandas', 'sql', 'python', 'data pipeline', 'spark', 'postgresql', 'apache spark', 'data pipelines']"
505,CONSTRUCTION,3.006416976544092,4.294881395062989,0.0,"['mysql', 'aws', 'data warehousing', 'etl', 'data warehouse', 'linux', 'pandas', 'sql', 'python', 'git', 'data pipeline', 'spark', 'postgresql', 'apache spark', 'data pipelines']"
506,AUTOMOBILE,3.001599633698313,1.4308566195690189,6.666666666666667,"['mysql', 'data warehousing', 'etl', 'data warehouse', 'linux', 'pandas', 'sql', 'python', 'git', 'data pipeline', 'spark', 'postgresql', 'apache spark', 'data pipelines']"
507,FINANCE,3.001223018626972,1.4303185980385316,6.666666666666667,"['mysql', 'data warehousing', 'etl', 'data warehouse', 'linux', 'pandas', 'sql', 'python', 'git', 'data pipeline', 'spark', 'postgresql', 'apache spark', 'data pipelines']"
508,DIGITAL-MEDIA,2.993584906675553,1.4194070095365046,6.666666666666667,"['mysql', 'aws', 'data warehousing', 'etl', 'data warehouse', 'linux', 'pandas', 'sql', 'python', 'data pipeline', 'spark', 'postgresql', 'apache spark', 'data pipelines']"
509,BANKING,2.9926799071482217,1.4181141530688883,6.666666666666667,"['mysql', 'data warehousing', 'etl', 'data warehouse', 'linux', 'pandas', 'sql', 'python', 'git', 'data pipeline', 'spark', 'postgresql', 'apache spark', 'data pipelines']"
510,HR,2.9877283852044454,1.411040550292065,6.666666666666667,"['mysql', 'data warehousing', 'etl', 'data warehouse', 'linux', 'pandas', 'sql', 'python', 'git', 'data pipeline', 'spark', 'postgresql', 'apache spark', 'data pipelines']"
511,PUBLIC-RELATIONS,2.9859791261855877,1.4085416088365537,6.666666666666667,"['mysql', 'data warehousing', 'etl', 'data warehouse', 'linux', 'pandas', 'sql', 'python', 'git', 'data pipeline', 'spark', 'postgresql', 'apache spark', 'data pipelines']"
512,ENGINEERING,2.9852979387788134,4.264711341112591,0.0,"['mysql', 'aws', 'data warehousing', 'etl', 'data warehouse', 'linux', 'pandas', 'sql', 'python', 'git', 'data pipeline', 'spark', 'postgresql', 'apache spark', 'data pipelines']"
513,APPAREL,2.9819851718413073,4.259978816916154,0.0,"['mysql', 'aws', 'data warehousing', 'etl', 'data warehouse', 'linux', 'pandas', 'sql', 'python', 'git', 'data pipeline', 'spark', 'postgresql', 'apache spark', 'data pipelines']"
514,BUSINESS-DEVELOPMENT,2.9727780086629543,4.246825726661363,0.0,"['mysql', 'aws', 'data warehousing', 'etl', 'data warehouse', 'linux', 'pandas', 'sql', 'python', 'git', 'data pipeline', 'spark', 'postgresql', 'apache spark', 'data pipelines']"
515,HEALTHCARE,2.9710460227411892,1.3872086039159846,6.666666666666667,"['mysql', 'data warehousing', 'etl', 'data warehouse', 'linux', 'pandas', 'sql', 'python', 'git', 'data pipeline', 'spark', 'postgresql', 'apache spark', 'data pipelines']"
516,BUSINESS-DEVELOPMENT,2.969393025926958,1.3848471798956545,6.666666666666667,"['mysql', 'data warehousing', 'etl', 'data warehouse', 'linux', 'pandas', 'sql', 'python', 'git', 'data pipeline', 'spark', 'postgresql', 'apache spark', 'data pipelines']"
517,CONSTRUCTION,2.969071831143247,1.384388330204639,6.666666666666667,"['mysql', 'data warehousing', 'etl', 'data warehouse', 'linux', 'pandas', 'sql', 'python', 'git', 'data pipeline', 'spark', 'postgresql', 'apache spark', 'data pipelines']"
518,BANKING,2.965866574489496,1.379809392127852,6.666666666666667,"['mysql', 'data warehousing', 'etl', 'data warehouse', 'linux', 'pandas', 'sql', 'python', 'git', 'data pipeline', 'spark', 'postgresql', 'apache spark', 'data pipelines']"
519,PUBLIC-RELATIONS,2.9623611960422638,1.3748017086318056,6.666666666666667,"['mysql', 'aws', 'data warehousing', 'etl', 'data warehouse', 'linux', 'pandas', 'sql', 'python', 'data pipeline', 'spark', 'postgresql', 'apache spark', 'data pipelines']"
520,ADVOCATE,2.9607262145232003,4.2296088778902865,0.0,"['mysql', 'aws', 'data warehousing', 'etl', 'data warehouse', 'linux', 'pandas', 'sql', 'python', 'git', 'data pipeline', 'spark', 'postgresql', 'apache spark', 'data pipelines']"
521,SALES,2.9596744392581416,1.3709634846544878,6.666666666666667,"['mysql', 'aws', 'data warehousing', 'etl', 'data warehouse', 'linux', 'pandas', 'python', 'git', 'data pipeline', 'spark', 'postgresql', 'apache spark', 'data pipelines']"
522,AGRICULTURE,2.958874445024265,4.226963492891808,0.0,"['mysql', 'aws', 'data warehousing', 'etl', 'data warehouse', 'linux', 'pandas', 'sql', 'python', 'git', 'data pipeline', 'spark', 'postgresql', 'apache spark', 'data pipelines']"
523,INFORMATION-TECHNOLOGY,2.9587128568943917,1.3695897955634169,6.666666666666667,"['mysql', 'aws', 'data warehousing', 'etl', 'linux', 'pandas', 'sql', 'python', 'git', 'data pipeline', 'spark', 'postgresql', 'apache spark', 'data pipelines']"
524,HEALTHCARE,2.955920102667632,1.3656001466680459,6.666666666666667,"['mysql', 'aws', 'data warehousing', 'etl', 'data warehouse', 'linux', 'pandas', 'python', 'git', 'data pipeline', 'spark', 'postgresql', 'apache spark', 'data pipelines']"
525,HR,2.9460078472247755,1.3514397817496797,6.666666666666667,"['mysql', 'data warehousing', 'etl', 'data warehouse', 'linux', 'pandas', 'sql', 'python', 'git', 'data pipeline', 'spark', 'postgresql', 'apache spark', 'data pipelines']"
526,ADVOCATE,2.944922155175117,1.3498887931073096,6.666666666666667,"['mysql', 'data warehousing', 'etl', 'data warehouse', 'linux', 'pandas', 'sql', 'python', 'git', 'data pipeline', 'spark', 'postgresql', 'apache spark', 'data pipelines']"
527,ARTS,2.944696238958296,1.3495660556547082,6.666666666666667,"['mysql', 'aws', 'data warehousing', 'etl', 'data warehouse', 'linux', 'pandas', 'sql', 'python', 'data pipeline', 'spark', 'postgresql', 'apache spark', 'data pipelines']"
528,DESIGNER,2.943656740990616,1.3480810585580225,6.666666666666667,"['mysql', 'aws', 'data warehousing', 'etl', 'data warehouse', 'linux', 'pandas', 'sql', 'python', 'data pipeline', 'spark', 'postgresql', 'apache spark', 'data pipelines']"
529,HR,2.941662891390041,1.345232701985773,6.666666666666667,"['mysql', 'data warehousing', 'etl', 'data warehouse', 'linux', 'pandas', 'sql', 'python', 'git', 'data pipeline', 'spark', 'postgresql', 'apache spark', 'data pipelines']"
530,DIGITAL-MEDIA,2.9353262518153973,1.3361803597362818,6.666666666666667,"['mysql', 'aws', 'data warehousing', 'etl', 'data warehouse', 'linux', 'pandas', 'sql', 'python', 'data pipeline', 'spark', 'postgresql', 'apache spark', 'data pipelines']"
531,CHEF,2.927656096470071,1.3252229949572443,6.666666666666667,"['mysql', 'data warehousing', 'etl', 'data warehouse', 'linux', 'pandas', 'sql', 'python', 'git', 'data pipeline', 'spark', 'postgresql', 'apache spark', 'data pipelines']"
532,INFORMATION-TECHNOLOGY,2.9239669412679112,4.1770956303827305,0.0,"['mysql', 'aws', 'data warehousing', 'etl', 'data warehouse', 'linux', 'pandas', 'sql', 'python', 'git', 'data pipeline', 'spark', 'postgresql', 'apache spark', 'data pipelines']"
533,HR,2.9126680874554856,1.303811553507837,6.666666666666667,"['mysql', 'data warehousing', 'etl', 'data warehouse', 'linux', 'pandas', 'sql', 'python', 'git', 'data pipeline', 'spark', 'postgresql', 'apache spark', 'data pipelines']"
534,HR,2.912534911997638,1.3036213028537682,6.666666666666667,"['mysql', 'data warehousing', 'etl', 'data warehouse', 'linux', 'pandas', 'sql', 'python', 'git', 'data pipeline', 'spark', 'postgresql', 'apache spark', 'data pipelines']"
535,BUSINESS-DEVELOPMENT,2.9115922699064574,1.3022746712949391,6.666666666666667,"['mysql', 'aws', 'data warehousing', 'etl', 'data warehouse', 'linux', 'pandas', 'sql', 'python', 'data pipeline', 'spark', 'postgresql', 'apache spark', 'data pipelines']"
536,CONSTRUCTION,2.9062934350939162,1.294704907277023,6.666666666666667,"['mysql', 'aws', 'data warehousing', 'etl', 'data warehouse', 'linux', 'pandas', 'sql', 'python', 'data pipeline', 'spark', 'postgresql', 'apache spark', 'data pipelines']"
537,ADVOCATE,2.9044133829220886,1.2920191184601268,6.666666666666667,"['mysql', 'data warehousing', 'etl', 'data warehouse', 'linux', 'pandas', 'sql', 'python', 'git', 'data pipeline', 'spark', 'postgresql', 'apache spark', 'data pipelines']"
538,AGRICULTURE,2.902241029562471,1.2889157565178162,6.666666666666667,"['mysql', 'data warehousing', 'etl', 'data warehouse', 'linux', 'pandas', 'sql', 'python', 'git', 'data pipeline', 'spark', 'postgresql', 'apache spark', 'data pipelines']"
539,BUSINESS-DEVELOPMENT,2.901301936424314,1.2875741948918777,6.666666666666667,"['mysql', 'aws', 'data warehousing', 'etl', 'data warehouse', 'linux', 'pandas', 'sql', 'python', 'data pipeline', 'spark', 'postgresql', 'apache spark', 'data pipelines']"
540,DIGITAL-MEDIA,2.8986757803178542,1.2838225433112205,6.666666666666667,"['mysql', 'aws', 'data warehousing', 'etl', 'data warehouse', 'linux', 'pandas', 'sql', 'python', 'data pipeline', 'spark', 'postgresql', 'apache spark', 'data pipelines']"
541,ENGINEERING,2.8979067168887944,4.139866738412564,0.0,"['mysql', 'aws', 'data warehousing', 'etl', 'data warehouse', 'linux', 'pandas', 'sql', 'python', 'git', 'data pipeline', 'spark', 'postgresql', 'apache spark', 'data pipelines']"
542,HR,2.892004137830505,4.131434482615007,0.0,"['mysql', 'aws', 'data warehousing', 'etl', 'data warehouse', 'linux', 'pandas', 'sql', 'python', 'git', 'data pipeline', 'spark', 'postgresql', 'apache spark', 'data pipelines']"
543,DESIGNER,2.8891188881639946,1.2701698402342778,6.666666666666667,"['mysql', 'aws', 'data warehousing', 'etl', 'data warehouse', 'linux', 'pandas', 'sql', 'python', 'data pipeline', 'spark', 'postgresql', 'apache spark', 'data pipelines']"
544,DIGITAL-MEDIA,2.8872686346599994,1.2675266209428562,6.666666666666667,"['mysql', 'aws', 'data warehousing', 'etl', 'data warehouse', 'linux', 'pandas', 'sql', 'python', 'data pipeline', 'spark', 'postgresql', 'apache spark', 'data pipelines']"
545,HR,2.885380826239718,1.2648297517710256,6.666666666666667,"['mysql', 'data warehousing', 'etl', 'data warehouse', 'linux', 'pandas', 'sql', 'python', 'git', 'data pipeline', 'spark', 'postgresql', 'apache spark', 'data pipelines']"
546,BUSINESS-DEVELOPMENT,2.882660599258821,1.2609437132268868,6.666666666666667,"['mysql', 'aws', 'data warehousing', 'etl', 'data warehouse', 'linux', 'pandas', 'sql', 'python', 'data pipeline', 'spark', 'postgresql', 'apache spark', 'data pipelines']"
547,INFORMATION-TECHNOLOGY,2.8802391440976045,1.2574844915680066,6.666666666666667,"['mysql', 'aws', 'data warehousing', 'etl', 'data warehouse', 'linux', 'pandas', 'sql', 'python', 'data pipeline', 'spark', 'postgresql', 'apache spark', 'data pipelines']"
548,ENGINEERING,2.878181781539203,4.111688259341719,0.0,"['mysql', 'aws', 'data warehousing', 'etl', 'data warehouse', 'linux', 'pandas', 'sql', 'python', 'git', 'data pipeline', 'spark', 'postgresql', 'apache spark', 'data pipelines']"
549,FITNESS,2.877745455033179,1.2539220786188277,6.666666666666667,"['mysql', 'aws', 'data warehousing', 'etl', 'data warehouse', 'linux', 'pandas', 'sql', 'python', 'data pipeline', 'spark', 'postgresql', 'apache spark', 'data pipelines']"
550,ENGINEERING,2.8738432688895856,4.10549038412798,0.0,"['mysql', 'aws', 'data warehousing', 'etl', 'data warehouse', 'linux', 'pandas', 'sql', 'python', 'git', 'data pipeline', 'spark', 'postgresql', 'apache spark', 'data pipelines']"
551,HR,2.871877893977879,1.2455398485398268,6.666666666666667,"['mysql', 'data warehousing', 'etl', 'data warehouse', 'linux', 'pandas', 'sql', 'python', 'git', 'data pipeline', 'spark', 'postgresql', 'apache spark', 'data pipelines']"
552,FINANCE,2.8648230921591886,4.09260441737027,0.0,"['mysql', 'aws', 'data warehousing', 'etl', 'data warehouse', 'linux', 'pandas', 'sql', 'python', 'git', 'data pipeline', 'spark', 'postgresql', 'apache spark', 'data pipelines']"
553,FINANCE,2.8583393623076407,1.2261990890109153,6.666666666666667,"['mysql', 'data warehousing', 'etl', 'data warehouse', 'linux', 'pandas', 'sql', 'python', 'git', 'data pipeline', 'spark', 'postgresql', 'apache spark', 'data pipelines']"
554,BANKING,2.853695082196845,4.076707260281207,0.0,"['mysql', 'aws', 'data warehousing', 'etl', 'data warehouse', 'linux', 'pandas', 'sql', 'python', 'git', 'data pipeline', 'spark', 'postgresql', 'apache spark', 'data pipelines']"
555,HR,2.851022892628139,1.2157469894687702,6.666666666666667,"['mysql', 'data warehousing', 'etl', 'data warehouse', 'linux', 'pandas', 'sql', 'python', 'git', 'data pipeline', 'spark', 'postgresql', 'apache spark', 'data pipelines']"
556,ENGINEERING,2.8457458791673513,4.0653512559533596,0.0,"['mysql', 'aws', 'data warehousing', 'etl', 'data warehouse', 'linux', 'pandas', 'sql', 'python', 'git', 'data pipeline', 'spark', 'postgresql', 'apache spark', 'data pipelines']"
557,AGRICULTURE,2.844896711628387,4.064138159469125,0.0,"['mysql', 'aws', 'data warehousing', 'etl', 'data warehouse', 'linux', 'pandas', 'sql', 'python', 'git', 'data pipeline', 'spark', 'postgresql', 'apache spark', 'data pipelines']"
558,ARTS,2.843770073552533,1.2053858193607614,6.666666666666667,"['mysql', 'data warehousing', 'etl', 'data warehouse', 'linux', 'pandas', 'sql', 'python', 'git', 'data pipeline', 'spark', 'postgresql', 'apache spark', 'data pipelines']"
559,FINANCE,2.839335847058883,1.199051210084119,6.666666666666667,"['mysql', 'aws', 'data warehousing', 'etl', 'data warehouse', 'linux', 'pandas', 'sql', 'python', 'data pipeline', 'spark', 'postgresql', 'apache spark', 'data pipelines']"
560,DIGITAL-MEDIA,2.838867133908799,1.1983816198697135,6.666666666666667,"['mysql', 'aws', 'data warehousing', 'etl', 'data warehouse', 'linux', 'pandas', 'sql', 'python', 'data pipeline', 'spark', 'postgresql', 'apache spark', 'data pipelines']"
561,HEALTHCARE,2.8350931241745356,1.192990177392194,6.666666666666667,"['mysql', 'data warehousing', 'etl', 'data warehouse', 'linux', 'pandas', 'sql', 'python', 'git', 'data pipeline', 'spark', 'postgresql', 'apache spark', 'data pipelines']"
562,BANKING,2.82135572036387,1.1733653148055285,6.666666666666667,"['mysql', 'data warehousing', 'etl', 'data warehouse', 'linux', 'pandas', 'sql', 'python', 'git', 'data pipeline', 'spark', 'postgresql', 'apache spark', 'data pipelines']"
563,FITNESS,2.821301695739878,1.1732881367712547,6.666666666666667,"['mysql', 'data warehousing', 'etl', 'data warehouse', 'linux', 'pandas', 'sql', 'python', 'git', 'data pipeline', 'spark', 'postgresql', 'apache spark', 'data pipelines']"
564,PUBLIC-RELATIONS,2.8172065215139983,1.1674378878771403,6.666666666666667,"['mysql', 'aws', 'data warehousing', 'etl', 'data warehouse', 'linux', 'pandas', 'sql', 'python', 'data pipeline', 'spark', 'postgresql', 'apache spark', 'data pipelines']"
565,AVIATION,2.8104027390585946,4.014861055797993,0.0,"['mysql', 'aws', 'data warehousing', 'etl', 'data warehouse', 'linux', 'pandas', 'sql', 'python', 'git', 'data pipeline', 'spark', 'postgresql', 'apache spark', 'data pipelines']"
566,TEACHER,2.810366743558668,1.1576667765123827,6.666666666666667,"['mysql', 'aws', 'data warehousing', 'etl', 'data warehouse', 'linux', 'pandas', 'sql', 'python', 'git', 'data pipeline', 'postgresql', 'apache spark', 'data pipelines']"
567,ACCOUNTANT,2.8097424086102487,1.1567748694432123,6.666666666666667,"['mysql', 'data warehousing', 'etl', 'data warehouse', 'linux', 'pandas', 'sql', 'python', 'git', 'data pipeline', 'spark', 'postgresql', 'apache spark', 'data pipelines']"
568,ADVOCATE,2.808659999315742,1.1552285704510605,6.666666666666667,"['mysql', 'aws', 'data warehousing', 'etl', 'data warehouse', 'linux', 'pandas', 'sql', 'python', 'data pipeline', 'spark', 'postgresql', 'apache spark', 'data pipelines']"
569,ACCOUNTANT,2.805872395702071,1.1512462795743872,6.666666666666667,"['mysql', 'data warehousing', 'etl', 'data warehouse', 'linux', 'pandas', 'sql', 'python', 'git', 'data pipeline', 'spark', 'postgresql', 'apache spark', 'data pipelines']"
570,ACCOUNTANT,2.8048067851081027,1.1497239787258609,6.666666666666667,"['mysql', 'data warehousing', 'etl', 'data warehouse', 'linux', 'pandas', 'sql', 'python', 'git', 'data pipeline', 'spark', 'postgresql', 'apache spark', 'data pipelines']"
571,CONSTRUCTION,2.8013793672810774,1.1448276675443962,6.666666666666667,"['mysql', 'data warehousing', 'etl', 'data warehouse', 'linux', 'pandas', 'sql', 'python', 'git', 'data pipeline', 'spark', 'postgresql', 'apache spark', 'data pipelines']"
572,AVIATION,2.799895160049406,3.999850228642009,0.0,"['mysql', 'aws', 'data warehousing', 'etl', 'data warehouse', 'linux', 'pandas', 'sql', 'python', 'git', 'data pipeline', 'spark', 'postgresql', 'apache spark', 'data pipelines']"
573,DIGITAL-MEDIA,2.787269034973901,1.1246700499627158,6.666666666666667,"['mysql', 'aws', 'data warehousing', 'etl', 'data warehouse', 'linux', 'pandas', 'sql', 'python', 'data pipeline', 'spark', 'postgresql', 'apache spark', 'data pipelines']"
574,HR,2.784203449186592,3.9774334988379887,0.0,"['mysql', 'aws', 'data warehousing', 'etl', 'data warehouse', 'linux', 'pandas', 'sql', 'python', 'git', 'data pipeline', 'spark', 'postgresql', 'apache spark', 'data pipelines']"
575,ACCOUNTANT,2.782714733362191,1.1181639048031302,6.666666666666667,"['mysql', 'aws', 'data warehousing', 'etl', 'data warehouse', 'linux', 'pandas', 'sql', 'python', 'data pipeline', 'spark', 'postgresql', 'apache spark', 'data pipelines']"
576,PUBLIC-RELATIONS,2.7794429434968393,1.1134899192811993,6.666666666666667,"['mysql', 'aws', 'data warehousing', 'etl', 'data warehouse', 'linux', 'pandas', 'sql', 'python', 'data pipeline', 'spark', 'postgresql', 'apache spark', 'data pipelines']"
577,AGRICULTURE,2.7757195066264675,1.1081707237520964,6.666666666666667,"['mysql', 'data warehousing', 'etl', 'data warehouse', 'linux', 'pandas', 'sql', 'python', 'git', 'data pipeline', 'spark', 'postgresql', 'apache spark', 'data pipelines']"
578,DESIGNER,2.774292246598992,1.1061317808557025,6.666666666666667,"['mysql', 'aws', 'data warehousing', 'etl', 'data warehouse', 'linux', 'pandas', 'sql', 'python', 'data pipeline', 'spark', 'postgresql', 'apache spark', 'data pipelines']"
579,DIGITAL-MEDIA,2.7728439753681817,1.1040628219545454,6.666666666666667,"['mysql', 'aws', 'data warehousing', 'etl', 'data warehouse', 'linux', 'pandas', 'sql', 'python', 'data pipeline', 'spark', 'postgresql', 'apache spark', 'data pipelines']"
580,CHEF,2.7722141637493727,1.1031630910705326,6.666666666666667,"['mysql', 'data warehousing', 'etl', 'data warehouse', 'linux', 'pandas', 'sql', 'python', 'git', 'data pipeline', 'spark', 'postgresql', 'apache spark', 'data pipelines']"
581,HR,2.771387405317695,1.1019820075967066,6.666666666666667,"['mysql', 'data warehousing', 'etl', 'data warehouse', 'linux', 'pandas', 'sql', 'python', 'git', 'data pipeline', 'spark', 'postgresql', 'apache spark', 'data pipelines']"
582,FINANCE,2.770945350949897,3.958493358499853,0.0,"['mysql', 'aws', 'data warehousing', 'etl', 'data warehouse', 'linux', 'pandas', 'sql', 'python', 'git', 'data pipeline', 'spark', 'postgresql', 'apache spark', 'data pipelines']"
583,BANKING,2.7705289469866603,1.100755638552372,6.666666666666667,"['mysql', 'data warehousing', 'etl', 'data warehouse', 'linux', 'pandas', 'sql', 'python', 'git', 'data pipeline', 'spark', 'postgresql', 'apache spark', 'data pipelines']"
584,INFORMATION-TECHNOLOGY,2.7666740548657116,3.9523915069510167,0.0,"['mysql', 'aws', 'data warehousing', 'etl', 'data warehouse', 'linux', 'pandas', 'sql', 'python', 'git', 'data pipeline', 'spark', 'postgresql', 'apache spark', 'data pipelines']"
585,TEACHER,2.7606345125361136,1.0866207321944483,6.666666666666667,"['mysql', 'data warehousing', 'etl', 'data warehouse', 'linux', 'pandas', 'sql', 'python', 'git', 'data pipeline', 'spark', 'postgresql', 'apache spark', 'data pipelines']"
586,AVIATION,2.753417845275587,3.93345406467941,0.0,"['mysql', 'aws', 'data warehousing', 'etl', 'data warehouse', 'linux', 'pandas', 'sql', 'python', 'git', 'data pipeline', 'spark', 'postgresql', 'apache spark', 'data pipelines']"
587,BPO,2.748449151749936,1.0692130739284802,6.666666666666667,"['mysql', 'data warehousing', 'etl', 'data warehouse', 'linux', 'pandas', 'sql', 'python', 'git', 'data pipeline', 'spark', 'postgresql', 'apache spark', 'data pipelines']"
588,ADVOCATE,2.7446552451134085,1.0637932073048695,6.666666666666667,"['mysql', 'data warehousing', 'etl', 'data warehouse', 'linux', 'pandas', 'sql', 'python', 'git', 'data pipeline', 'spark', 'postgresql', 'apache spark', 'data pipelines']"
589,TEACHER,2.7419560783655275,1.0599372548078967,6.666666666666667,"['mysql', 'aws', 'data warehousing', 'etl', 'data warehouse', 'linux', 'pandas', 'sql', 'python', 'data pipeline', 'spark', 'postgresql', 'apache spark', 'data pipelines']"
590,ENGINEERING,2.738109190460074,1.054441700657249,6.666666666666667,"['mysql', 'data warehousing', 'etl', 'data warehouse', 'linux', 'pandas', 'sql', 'python', 'git', 'data pipeline', 'spark', 'postgresql', 'apache spark', 'data pipelines']"
591,AVIATION,2.736412004731148,1.0520171496159256,6.666666666666667,"['mysql', 'aws', 'data warehousing', 'etl', 'data warehouse', 'linux', 'pandas', 'sql', 'python', 'data pipeline', 'spark', 'postgresql', 'apache spark', 'data pipelines']"
592,DESIGNER,2.7341853300313574,1.048836185759082,6.666666666666667,"['mysql', 'data warehousing', 'etl', 'data warehouse', 'linux', 'pandas', 'sql', 'python', 'git', 'data pipeline', 'spark', 'postgresql', 'apache spark', 'data pipelines']"
593,AGRICULTURE,2.7341344958307485,1.0487635654724978,6.666666666666667,"['mysql', 'data warehousing', 'etl', 'data warehouse', 'linux', 'pandas', 'sql', 'python', 'git', 'data pipeline', 'spark', 'postgresql', 'apache spark', 'data pipelines']"
594,ACCOUNTANT,2.7332898996722066,1.0475569995317238,6.666666666666667,"['mysql', 'aws', 'data warehousing', 'etl', 'data warehouse', 'linux', 'pandas', 'python', 'git', 'data pipeline', 'spark', 'postgresql', 'apache spark', 'data pipelines']"
595,ADVOCATE,2.7292417119635615,1.0417738742336595,6.666666666666667,"['mysql', 'data warehousing', 'etl', 'data warehouse', 'linux', 'pandas', 'sql', 'python', 'git', 'data pipeline', 'spark', 'postgresql', 'apache spark', 'data pipelines']"
596,DESIGNER,2.7241694942378345,1.034527848911192,6.666666666666667,"['mysql', 'aws', 'data warehousing', 'etl', 'data warehouse', 'linux', 'pandas', 'sql', 'python', 'data pipeline', 'spark', 'postgresql', 'apache spark', 'data pipelines']"
597,HEALTHCARE,2.7215120411825766,1.030731487403681,6.666666666666667,"['mysql', 'aws', 'data warehousing', 'etl', 'data warehouse', 'linux', 'pandas', 'sql', 'python', 'data pipeline', 'spark', 'postgresql', 'apache spark', 'data pipelines']"
598,ARTS,2.721331577418884,1.0304736820269773,6.666666666666667,"['mysql', 'data warehousing', 'etl', 'data warehouse', 'linux', 'pandas', 'sql', 'python', 'git', 'data pipeline', 'spark', 'postgresql', 'apache spark', 'data pipelines']"
599,HR,2.720211104304556,1.0288730061493656,6.666666666666667,"['mysql', 'data warehousing', 'etl', 'data warehouse', 'linux', 'pandas', 'sql', 'python', 'git', 'data pipeline', 'spark', 'postgresql', 'apache spark', 'data pipelines']"
600,ACCOUNTANT,2.7198920633573476,1.0284172333676393,6.666666666666667,"['mysql', 'data warehousing', 'etl', 'data warehouse', 'linux', 'pandas', 'sql', 'python', 'git', 'data pipeline', 'spark', 'postgresql', 'apache spark', 'data pipelines']"
601,BUSINESS-DEVELOPMENT,2.716205073499735,1.023150104999622,6.666666666666667,"['mysql', 'data warehousing', 'etl', 'data warehouse', 'linux', 'pandas', 'sql', 'python', 'git', 'data pipeline', 'spark', 'postgresql', 'apache spark', 'data pipelines']"
602,DESIGNER,2.7116691681498217,1.0166702402140313,6.666666666666667,"['mysql', 'aws', 'data warehousing', 'etl', 'data warehouse', 'linux', 'pandas', 'sql', 'python', 'data pipeline', 'spark', 'postgresql', 'apache spark', 'data pipelines']"
603,DESIGNER,2.710351716778364,1.0147881668262346,6.666666666666667,"['mysql', 'aws', 'data warehousing', 'etl', 'data warehouse', 'linux', 'pandas', 'sql', 'python', 'data pipeline', 'spark', 'postgresql', 'apache spark', 'data pipelines']"
604,SALES,2.7060922295619116,1.0087031850884456,6.666666666666667,"['mysql', 'data warehousing', 'etl', 'data warehouse', 'linux', 'pandas', 'sql', 'python', 'git', 'data pipeline', 'spark', 'postgresql', 'apache spark', 'data pipelines']"
605,DIGITAL-MEDIA,2.704538192842937,1.0064831326327672,6.666666666666667,"['mysql', 'aws', 'data warehousing', 'etl', 'data warehouse', 'linux', 'pandas', 'sql', 'python', 'data pipeline', 'spark', 'postgresql', 'apache spark', 'data pipelines']"
606,APPAREL,2.7009574687307647,3.858510669615378,0.0,"['mysql', 'aws', 'data warehousing', 'etl', 'data warehouse', 'linux', 'pandas', 'sql', 'python', 'git', 'data pipeline', 'spark', 'postgresql', 'apache spark', 'data pipelines']"
607,TEACHER,2.700000524367809,1.0000007490968699,6.666666666666667,"['mysql', 'data warehousing', 'etl', 'data warehouse', 'linux', 'pandas', 'sql', 'python', 'git', 'data pipeline', 'spark', 'postgresql', 'apache spark', 'data pipelines']"
608,DIGITAL-MEDIA,2.6981978520324854,0.9974255029035506,6.666666666666667,"['mysql', 'aws', 'data warehousing', 'etl', 'data warehouse', 'linux', 'pandas', 'sql', 'python', 'data pipeline', 'spark', 'postgresql', 'apache spark', 'data pipelines']"
609,ARTS,2.693295754526556,0.9904225064665085,6.666666666666667,"['mysql', 'data warehousing', 'etl', 'data warehouse', 'linux', 'pandas', 'sql', 'python', 'git', 'data pipeline', 'spark', 'postgresql', 'apache spark', 'data pipelines']"
610,ADVOCATE,2.6931660114516545,3.8473800163595064,0.0,"['mysql', 'aws', 'data warehousing', 'etl', 'data warehouse', 'linux', 'pandas', 'sql', 'python', 'git', 'data pipeline', 'spark', 'postgresql', 'apache spark', 'data pipelines']"
611,AVIATION,2.6923618156399023,0.9890883080570033,6.666666666666667,"['mysql', 'aws', 'data warehousing', 'data warehouse', 'linux', 'pandas', 'sql', 'python', 'git', 'data pipeline', 'spark', 'postgresql', 'apache spark', 'data pipelines']"
612,APPAREL,2.688327988346511,0.983325697637873,6.666666666666667,"['mysql', 'data warehousing', 'etl', 'data warehouse', 'linux', 'pandas', 'sql', 'python', 'git', 'data pipeline', 'spark', 'postgresql', 'apache spark', 'data pipelines']"
613,APPAREL,2.6876881162815103,3.839554451830729,0.0,"['mysql', 'aws', 'data warehousing', 'etl', 'data warehouse', 'linux', 'pandas', 'sql', 'python', 'git', 'data pipeline', 'spark', 'postgresql', 'apache spark', 'data pipelines']"
614,ENGINEERING,2.681128921839114,3.8301841740558777,0.0,"['mysql', 'aws', 'data warehousing', 'etl', 'data warehouse', 'linux', 'pandas', 'sql', 'python', 'git', 'data pipeline', 'spark', 'postgresql', 'apache spark', 'data pipelines']"
615,DIGITAL-MEDIA,2.6781118814065423,0.9687312591522033,6.666666666666667,"['mysql', 'aws', 'data warehousing', 'etl', 'data warehouse', 'linux', 'pandas', 'sql', 'python', 'data pipeline', 'spark', 'postgresql', 'apache spark', 'data pipelines']"
616,INFORMATION-TECHNOLOGY,2.676312169941646,0.96616024277378,6.666666666666667,"['mysql', 'aws', 'data warehousing', 'etl', 'data warehouse', 'pandas', 'sql', 'python', 'git', 'data pipeline', 'spark', 'postgresql', 'apache spark', 'data pipelines']"
617,DIGITAL-MEDIA,2.673457676819212,0.9620823954560171,6.666666666666667,"['mysql', 'aws', 'data warehousing', 'etl', 'data warehouse', 'linux', 'pandas', 'sql', 'python', 'data pipeline', 'spark', 'postgresql', 'apache spark', 'data pipelines']"
618,FINANCE,2.673021232980637,0.9614589042580524,6.666666666666667,"['mysql', 'data warehousing', 'etl', 'data warehouse', 'linux', 'pandas', 'sql', 'python', 'git', 'data pipeline', 'spark', 'postgresql', 'apache spark', 'data pipelines']"
619,ACCOUNTANT,2.67198865684035,0.9599837954862146,6.666666666666667,"['mysql', 'data warehousing', 'etl', 'data warehouse', 'linux', 'pandas', 'sql', 'python', 'git', 'data pipeline', 'spark', 'postgresql', 'apache spark', 'data pipelines']"
620,CHEF,2.671051711501726,0.9586453021453228,6.666666666666667,"['mysql', 'data warehousing', 'etl', 'data warehouse', 'linux', 'pandas', 'sql', 'python', 'git', 'data pipeline', 'spark', 'postgresql', 'apache spark', 'data pipelines']"
621,AVIATION,2.66629682981743,0.9518526140249,6.666666666666667,"['mysql', 'aws', 'data warehousing', 'etl', 'data warehouse', 'linux', 'pandas', 'sql', 'python', 'data pipeline', 'spark', 'postgresql', 'apache spark', 'data pipelines']"
622,APPAREL,2.663610502328715,0.9480150033267354,6.666666666666667,"['mysql', 'aws', 'data warehousing', 'etl', 'data warehouse', 'linux', 'pandas', 'sql', 'python', 'data pipeline', 'spark', 'postgresql', 'apache spark', 'data pipelines']"
623,SALES,2.6551892171814573,0.9359845959735102,6.666666666666667,"['mysql', 'aws', 'data warehousing', 'etl', 'data warehouse', 'linux', 'pandas', 'sql', 'python', 'git', 'data pipeline', 'postgresql', 'apache spark', 'data pipelines']"
624,DIGITAL-MEDIA,2.652510229995562,0.9321574714222314,6.666666666666667,"['mysql', 'aws', 'data warehousing', 'etl', 'data warehouse', 'linux', 'pandas', 'sql', 'python', 'data pipeline', 'spark', 'postgresql', 'apache spark', 'data pipelines']"
625,ACCOUNTANT,2.6522590113217994,0.9317985876025704,6.666666666666667,"['mysql', 'data warehousing', 'etl', 'data warehouse', 'linux', 'pandas', 'sql', 'python', 'git', 'data pipeline', 'spark', 'postgresql', 'apache spark', 'data pipelines']"
626,AVIATION,2.6481616749093067,3.7830881070132953,0.0,"['mysql', 'aws', 'data warehousing', 'etl', 'data warehouse', 'linux', 'pandas', 'sql', 'python', 'git', 'data pipeline', 'spark', 'postgresql', 'apache spark', 'data pipelines']"
627,AVIATION,2.647795153403903,3.7825645048627186,0.0,"['mysql', 'aws', 'data warehousing', 'etl', 'data warehouse', 'linux', 'pandas', 'sql', 'python', 'git', 'data pipeline', 'spark', 'postgresql', 'apache spark', 'data pipelines']"
628,AUTOMOBILE,2.6474897855162456,3.782128265023208,0.0,"['mysql', 'aws', 'data warehousing', 'etl', 'data warehouse', 'linux', 'pandas', 'sql', 'python', 'git', 'data pipeline', 'spark', 'postgresql', 'apache spark', 'data pipelines']"
629,PUBLIC-RELATIONS,2.645390007318518,0.92198572474074,6.666666666666667,"['mysql', 'aws', 'data warehousing', 'etl', 'data warehouse', 'linux', 'pandas', 'sql', 'python', 'data pipeline', 'spark', 'postgresql', 'apache spark', 'data pipelines']"
630,BUSINESS-DEVELOPMENT,2.645271679359413,0.9218166847991612,6.666666666666667,"['mysql', 'aws', 'data warehousing', 'etl', 'data warehouse', 'linux', 'pandas', 'sql', 'python', 'data pipeline', 'spark', 'postgresql', 'apache spark', 'data pipelines']"
631,SALES,2.639850086234882,0.9140715517641171,6.666666666666667,"['mysql', 'data warehousing', 'etl', 'data warehouse', 'linux', 'pandas', 'sql', 'python', 'git', 'data pipeline', 'spark', 'postgresql', 'apache spark', 'data pipelines']"
632,CONSTRUCTION,2.6340649825606697,0.9058071179438142,6.666666666666667,"['mysql', 'data warehousing', 'etl', 'data warehouse', 'linux', 'pandas', 'sql', 'python', 'git', 'data pipeline', 'spark', 'postgresql', 'apache spark', 'data pipelines']"
633,INFORMATION-TECHNOLOGY,2.628994858162118,0.8985640830887401,6.666666666666667,"['mysql', 'aws', 'data warehousing', 'etl', 'data warehouse', 'linux', 'pandas', 'sql', 'python', 'data pipeline', 'spark', 'postgresql', 'apache spark', 'data pipelines']"
634,FINANCE,2.6225087751702376,0.8892982502431966,6.666666666666667,"['mysql', 'aws', 'data warehousing', 'etl', 'linux', 'pandas', 'sql', 'python', 'git', 'data pipeline', 'spark', 'postgresql', 'apache spark', 'data pipelines']"
635,DESIGNER,2.62047117722866,0.8863873960409429,6.666666666666667,"['mysql', 'aws', 'data warehousing', 'etl', 'data warehouse', 'linux', 'pandas', 'sql', 'python', 'data pipeline', 'spark', 'postgresql', 'apache spark', 'data pipelines']"
636,ACCOUNTANT,2.6183608838458037,0.8833726912082911,6.666666666666667,"['mysql', 'data warehousing', 'etl', 'data warehouse', 'linux', 'pandas', 'sql', 'python', 'git', 'data pipeline', 'spark', 'postgresql', 'apache spark', 'data pipelines']"
637,PUBLIC-RELATIONS,2.6182287234238784,0.8831838906055404,6.666666666666667,"['mysql', 'aws', 'data warehousing', 'etl', 'data warehouse', 'linux', 'pandas', 'sql', 'python', 'data pipeline', 'spark', 'postgresql', 'apache spark', 'data pipelines']"
638,PUBLIC-RELATIONS,2.6156284169948005,0.8794691671354293,6.666666666666667,"['mysql', 'aws', 'data warehousing', 'etl', 'data warehouse', 'linux', 'pandas', 'sql', 'python', 'data pipeline', 'spark', 'postgresql', 'apache spark', 'data pipelines']"
639,BUSINESS-DEVELOPMENT,2.610925863691564,3.7298940909879486,0.0,"['mysql', 'aws', 'data warehousing', 'etl', 'data warehouse', 'linux', 'pandas', 'sql', 'python', 'git', 'data pipeline', 'spark', 'postgresql', 'apache spark', 'data pipelines']"
640,HEALTHCARE,2.607407340827823,3.7248676297540335,0.0,"['mysql', 'aws', 'data warehousing', 'etl', 'data warehouse', 'linux', 'pandas', 'sql', 'python', 'git', 'data pipeline', 'spark', 'postgresql', 'apache spark', 'data pipelines']"
641,HR,2.606158418817686,3.7230834554538372,0.0,"['mysql', 'aws', 'data warehousing', 'etl', 'data warehouse', 'linux', 'pandas', 'sql', 'python', 'git', 'data pipeline', 'spark', 'postgresql', 'apache spark', 'data pipelines']"
642,BUSINESS-DEVELOPMENT,2.5995503730392273,0.856500532913182,6.666666666666667,"['mysql', 'data warehousing', 'etl', 'data warehouse', 'linux', 'pandas', 'sql', 'python', 'git', 'data pipeline', 'spark', 'postgresql', 'apache spark', 'data pipelines']"
643,DIGITAL-MEDIA,2.5902465574521982,0.8432093677888547,6.666666666666667,"['mysql', 'aws', 'data warehousing', 'etl', 'data warehouse', 'linux', 'pandas', 'sql', 'python', 'data pipeline', 'spark', 'postgresql', 'apache spark', 'data pipelines']"
644,BUSINESS-DEVELOPMENT,2.589962042934368,0.8428029184776687,6.666666666666667,"['mysql', 'data warehousing', 'etl', 'data warehouse', 'linux', 'pandas', 'sql', 'python', 'git', 'data pipeline', 'spark', 'postgresql', 'apache spark', 'data pipelines']"
645,DIGITAL-MEDIA,2.589610183161705,0.8423002616595782,6.666666666666667,"['mysql', 'aws', 'data warehousing', 'etl', 'data warehouse', 'linux', 'pandas', 'sql', 'python', 'data pipeline', 'spark', 'postgresql', 'apache spark', 'data pipelines']"
646,DIGITAL-MEDIA,2.588485510519178,0.8406935864559684,6.666666666666667,"['mysql', 'data warehousing', 'etl', 'data warehouse', 'linux', 'pandas', 'sql', 'python', 'git', 'data pipeline', 'spark', 'postgresql', 'apache spark', 'data pipelines']"
647,PUBLIC-RELATIONS,2.587390603278887,0.839129433255553,6.666666666666667,"['mysql', 'aws', 'data warehousing', 'etl', 'data warehouse', 'linux', 'pandas', 'sql', 'python', 'data pipeline', 'spark', 'postgresql', 'apache spark', 'data pipelines']"
648,ACCOUNTANT,2.584905659382726,0.8355795134038949,6.666666666666667,"['mysql', 'data warehousing', 'etl', 'data warehouse', 'linux', 'pandas', 'sql', 'python', 'git', 'data pipeline', 'spark', 'postgresql', 'apache spark', 'data pipelines']"
649,FITNESS,2.5818109735520167,0.8311585336457379,6.666666666666667,"['mysql', 'aws', 'data warehousing', 'etl', 'data warehouse', 'linux', 'pandas', 'sql', 'python', 'data pipeline', 'spark', 'postgresql', 'apache spark', 'data pipelines']"
650,ACCOUNTANT,2.5795440119569966,0.827920017081424,6.666666666666667,"['mysql', 'data warehousing', 'etl', 'data warehouse', 'linux', 'pandas', 'sql', 'python', 'git', 'data pipeline', 'spark', 'postgresql', 'apache spark', 'data pipelines']"
651,DIGITAL-MEDIA,2.576850355166972,0.8240719359528175,6.666666666666667,"['mysql', 'aws', 'data warehousing', 'etl', 'data warehouse', 'linux', 'pandas', 'sql', 'python', 'data pipeline', 'spark', 'postgresql', 'apache spark', 'data pipelines']"
652,ADVOCATE,2.5731029669435905,3.675861381347987,0.0,"['mysql', 'aws', 'data warehousing', 'etl', 'data warehouse', 'linux', 'pandas', 'sql', 'python', 'git', 'data pipeline', 'spark', 'postgresql', 'apache spark', 'data pipelines']"
653,CONSTRUCTION,2.5727464303586642,0.8182091862266632,6.666666666666667,"['mysql', 'aws', 'data warehousing', 'etl', 'data warehouse', 'linux', 'pandas', 'sql', 'python', 'data pipeline', 'spark', 'postgresql', 'apache spark', 'data pipelines']"
654,ACCOUNTANT,2.572630746114898,0.8180439230212829,6.666666666666667,"['mysql', 'data warehousing', 'etl', 'data warehouse', 'linux', 'pandas', 'sql', 'python', 'git', 'data pipeline', 'spark', 'postgresql', 'apache spark', 'data pipelines']"
655,ENGINEERING,2.5724146327601387,3.6748780468001985,0.0,"['mysql', 'aws', 'data warehousing', 'etl', 'data warehouse', 'linux', 'pandas', 'sql', 'python', 'git', 'data pipeline', 'spark', 'postgresql', 'apache spark', 'data pipelines']"
656,FITNESS,2.5693721216152134,0.8133887451645906,6.666666666666667,"['mysql', 'aws', 'data warehousing', 'etl', 'data warehouse', 'linux', 'pandas', 'sql', 'python', 'data pipeline', 'spark', 'postgresql', 'apache spark', 'data pipelines']"
657,CONSTRUCTION,2.5672345289667855,3.6674778985239795,0.0,"['mysql', 'aws', 'data warehousing', 'etl', 'data warehouse', 'linux', 'pandas', 'sql', 'python', 'git', 'data pipeline', 'spark', 'postgresql', 'apache spark', 'data pipelines']"
658,ENGINEERING,2.566517676837743,0.8093109669110615,6.666666666666667,"['mysql', 'aws', 'data warehousing', 'etl', 'data warehouse', 'linux', 'pandas', 'sql', 'python', 'git', 'data pipeline', 'postgresql', 'apache spark', 'data pipelines']"
659,TEACHER,2.566422892127935,0.8091755601827643,6.666666666666667,"['mysql', 'data warehousing', 'etl', 'data warehouse', 'linux', 'pandas', 'sql', 'python', 'git', 'data pipeline', 'spark', 'postgresql', 'apache spark', 'data pipelines']"
660,HEALTHCARE,2.566363075196305,3.6662329645661504,0.0,"['mysql', 'aws', 'data warehousing', 'etl', 'data warehouse', 'linux', 'pandas', 'sql', 'python', 'git', 'data pipeline', 'spark', 'postgresql', 'apache spark', 'data pipelines']"
661,ARTS,2.563456579742956,0.8049379710613657,6.666666666666667,"['mysql', 'aws', 'data warehousing', 'etl', 'data warehouse', 'linux', 'pandas', 'sql', 'python', 'git', 'data pipeline', 'postgresql', 'apache spark', 'data pipelines']"
662,HEALTHCARE,2.5620706837288743,0.8029581196126776,6.666666666666667,"['mysql', 'data warehousing', 'etl', 'data warehouse', 'linux', 'pandas', 'sql', 'python', 'git', 'data pipeline', 'spark', 'postgresql', 'apache spark', 'data pipelines']"
663,AVIATION,2.559304883723229,3.656149833890327,0.0,"['mysql', 'aws', 'data warehousing', 'etl', 'data warehouse', 'linux', 'pandas', 'sql', 'python', 'git', 'data pipeline', 'spark', 'postgresql', 'apache spark', 'data pipelines']"
664,ADVOCATE,2.5478210552884533,0.7826015075549333,6.666666666666667,"['mysql', 'data warehousing', 'etl', 'data warehouse', 'linux', 'pandas', 'sql', 'python', 'git', 'data pipeline', 'spark', 'postgresql', 'apache spark', 'data pipelines']"
665,BUSINESS-DEVELOPMENT,2.546606350850594,3.638009072643706,0.0,"['mysql', 'aws', 'data warehousing', 'etl', 'data warehouse', 'linux', 'pandas', 'sql', 'python', 'git', 'data pipeline', 'spark', 'postgresql', 'apache spark', 'data pipelines']"
666,PUBLIC-RELATIONS,2.541123011224449,0.7730328731777847,6.666666666666667,"['mysql', 'aws', 'data warehousing', 'etl', 'data warehouse', 'linux', 'pandas', 'sql', 'python', 'data pipeline', 'spark', 'postgresql', 'apache spark', 'data pipelines']"
667,SALES,2.5397350005456905,3.628192857922415,0.0,"['mysql', 'aws', 'data warehousing', 'etl', 'data warehouse', 'linux', 'pandas', 'sql', 'python', 'git', 'data pipeline', 'spark', 'postgresql', 'apache spark', 'data pipelines']"
668,AVIATION,2.5384891092907123,3.626413013272446,0.0,"['mysql', 'aws', 'data warehousing', 'etl', 'data warehouse', 'linux', 'pandas', 'sql', 'python', 'git', 'data pipeline', 'spark', 'postgresql', 'apache spark', 'data pipelines']"
669,APPAREL,2.5383159177689762,0.7690227396699661,6.666666666666667,"['mysql', 'aws', 'data warehousing', 'etl', 'data warehouse', 'linux', 'pandas', 'sql', 'python', 'data pipeline', 'spark', 'postgresql', 'apache spark', 'data pipelines']"
670,PUBLIC-RELATIONS,2.537165834072539,0.76737976296077,6.666666666666667,"['mysql', 'aws', 'data warehousing', 'etl', 'data warehouse', 'linux', 'pandas', 'sql', 'python', 'data pipeline', 'spark', 'postgresql', 'apache spark', 'data pipelines']"
671,BUSINESS-DEVELOPMENT,2.5358633672440427,3.6226619532057756,0.0,"['mysql', 'aws', 'data warehousing', 'etl', 'data warehouse', 'linux', 'pandas', 'sql', 'python', 'git', 'data pipeline', 'spark', 'postgresql', 'apache spark', 'data pipelines']"
672,BANKING,2.532050498104701,0.7600721401495727,6.666666666666667,"['mysql', 'data warehousing', 'etl', 'data warehouse', 'linux', 'pandas', 'sql', 'python', 'git', 'data pipeline', 'spark', 'postgresql', 'apache spark', 'data pipelines']"
673,HR,2.528145419983673,0.754493457119533,6.666666666666667,"['mysql', 'data warehousing', 'etl', 'data warehouse', 'linux', 'pandas', 'sql', 'python', 'git', 'data pipeline', 'spark', 'postgresql', 'apache spark', 'data pipelines']"
674,DIGITAL-MEDIA,2.5252715607659737,0.750387943951391,6.666666666666667,"['mysql', 'aws', 'data warehousing', 'etl', 'data warehouse', 'linux', 'pandas', 'sql', 'python', 'data pipeline', 'spark', 'postgresql', 'apache spark', 'data pipelines']"
675,PUBLIC-RELATIONS,2.5233455015287554,0.7476364307553652,6.666666666666667,"['mysql', 'data warehousing', 'etl', 'data warehouse', 'linux', 'pandas', 'sql', 'python', 'git', 'data pipeline', 'spark', 'postgresql', 'apache spark', 'data pipelines']"
676,BANKING,2.5178045122093575,3.596863588870511,0.0,"['mysql', 'aws', 'data warehousing', 'etl', 'data warehouse', 'linux', 'pandas', 'sql', 'python', 'git', 'data pipeline', 'spark', 'postgresql', 'apache spark', 'data pipelines']"
677,SALES,2.517281070725178,0.7389729581788254,6.666666666666667,"['mysql', 'data warehousing', 'etl', 'data warehouse', 'linux', 'pandas', 'sql', 'python', 'git', 'data pipeline', 'spark', 'postgresql', 'apache spark', 'data pipelines']"
678,PUBLIC-RELATIONS,2.516568730316779,0.7379553290239698,6.666666666666667,"['mysql', 'aws', 'data warehousing', 'etl', 'data warehouse', 'linux', 'pandas', 'sql', 'python', 'data pipeline', 'spark', 'postgresql', 'apache spark', 'data pipelines']"
679,BANKING,2.5152154440958983,3.593164920136998,0.0,"['mysql', 'aws', 'data warehousing', 'etl', 'data warehouse', 'linux', 'pandas', 'sql', 'python', 'git', 'data pipeline', 'spark', 'postgresql', 'apache spark', 'data pipelines']"
680,DIGITAL-MEDIA,2.512988940667698,0.732841343810997,6.666666666666667,"['mysql', 'aws', 'data warehousing', 'etl', 'data warehouse', 'linux', 'pandas', 'sql', 'python', 'data pipeline', 'spark', 'postgresql', 'apache spark', 'data pipelines']"
681,PUBLIC-RELATIONS,2.5120543850091686,0.7315062642988125,6.666666666666667,"['mysql', 'data warehousing', 'etl', 'data warehouse', 'linux', 'pandas', 'sql', 'python', 'git', 'data pipeline', 'spark', 'postgresql', 'apache spark', 'data pipelines']"
682,BUSINESS-DEVELOPMENT,2.5113595425268884,3.5876564893241265,0.0,"['mysql', 'aws', 'data warehousing', 'etl', 'data warehouse', 'linux', 'pandas', 'sql', 'python', 'git', 'data pipeline', 'spark', 'postgresql', 'apache spark', 'data pipelines']"
683,DIGITAL-MEDIA,2.5090589659154423,0.7272270941649178,6.666666666666667,"['mysql', 'aws', 'data warehousing', 'etl', 'data warehouse', 'linux', 'pandas', 'sql', 'python', 'data pipeline', 'spark', 'postgresql', 'apache spark', 'data pipelines']"
684,CONSULTANT,2.5083562462929585,0.7262232089899411,6.666666666666667,"['mysql', 'aws', 'data warehousing', 'etl', 'data warehouse', 'linux', 'pandas', 'sql', 'python', 'data pipeline', 'spark', 'postgresql', 'apache spark', 'data pipelines']"
685,ACCOUNTANT,2.5082342736348946,0.7260489623355639,6.666666666666667,"['mysql', 'data warehousing', 'etl', 'data warehouse', 'linux', 'pandas', 'sql', 'python', 'git', 'data pipeline', 'spark', 'postgresql', 'apache spark', 'data pipelines']"
686,PUBLIC-RELATIONS,2.5054570512535834,0.7220815017908333,6.666666666666667,"['mysql', 'aws', 'data warehousing', 'etl', 'data warehouse', 'linux', 'pandas', 'sql', 'python', 'data pipeline', 'spark', 'postgresql', 'apache spark', 'data pipelines']"
687,HR,2.5050371419546202,0.721481631363743,6.666666666666667,"['mysql', 'data warehousing', 'etl', 'data warehouse', 'linux', 'pandas', 'sql', 'python', 'git', 'data pipeline', 'spark', 'postgresql', 'apache spark', 'data pipelines']"
688,FINANCE,2.5048155904656966,3.578307986379567,0.0,"['mysql', 'aws', 'data warehousing', 'etl', 'data warehouse', 'linux', 'pandas', 'sql', 'python', 'git', 'data pipeline', 'spark', 'postgresql', 'apache spark', 'data pipelines']"
689,HR,2.503714494706955,0.7195921352956498,6.666666666666667,"['mysql', 'data warehousing', 'etl', 'data warehouse', 'linux', 'pandas', 'sql', 'python', 'git', 'data pipeline', 'spark', 'postgresql', 'apache spark', 'data pipelines']"
690,DIGITAL-MEDIA,2.50371180807254,0.7195882972464857,6.666666666666667,"['mysql', 'aws', 'data warehousing', 'etl', 'data warehouse', 'linux', 'pandas', 'sql', 'python', 'data pipeline', 'spark', 'postgresql', 'apache spark', 'data pipelines']"
691,ENGINEERING,2.501328545434438,3.5733264934777687,0.0,"['mysql', 'aws', 'data warehousing', 'etl', 'data warehouse', 'linux', 'pandas', 'sql', 'python', 'git', 'data pipeline', 'spark', 'postgresql', 'apache spark', 'data pipelines']"
692,ADVOCATE,2.501171182467414,0.7159588320963054,6.666666666666667,"['mysql', 'data warehousing', 'etl', 'data warehouse', 'linux', 'pandas', 'sql', 'python', 'git', 'data pipeline', 'spark', 'postgresql', 'apache spark', 'data pipelines']"
693,BANKING,2.499262167194207,0.7132316674202954,6.666666666666667,"['mysql', 'aws', 'data warehousing', 'etl', 'data warehouse', 'linux', 'pandas', 'sql', 'python', 'data pipeline', 'spark', 'postgresql', 'apache spark', 'data pipelines']"
694,CHEF,2.4978338688878767,0.7111912412683954,6.666666666666667,"['mysql', 'data warehousing', 'etl', 'data warehouse', 'linux', 'pandas', 'sql', 'python', 'git', 'data pipeline', 'spark', 'postgresql', 'apache spark', 'data pipelines']"
695,CONSULTANT,2.4953102830497453,0.7075861186424937,6.666666666666667,"['mysql', 'aws', 'data warehousing', 'etl', 'data warehouse', 'linux', 'pandas', 'sql', 'python', 'data pipeline', 'spark', 'postgresql', 'apache spark', 'data pipelines']"
696,CONSTRUCTION,2.486779145199617,0.6953987788565961,6.666666666666667,"['mysql', 'data warehousing', 'etl', 'data warehouse', 'linux', 'pandas', 'sql', 'python', 'git', 'data pipeline', 'spark', 'postgresql', 'apache spark', 'data pipelines']"
697,PUBLIC-RELATIONS,2.485681819208171,3.550974027440245,0.0,"['mysql', 'aws', 'data warehousing', 'etl', 'data warehouse', 'linux', 'pandas', 'sql', 'python', 'git', 'data pipeline', 'spark', 'postgresql', 'apache spark', 'data pipelines']"
698,DIGITAL-MEDIA,2.484124669169609,0.6916066702422986,6.666666666666667,"['mysql', 'aws', 'data warehousing', 'etl', 'data warehouse', 'linux', 'pandas', 'sql', 'python', 'data pipeline', 'spark', 'postgresql', 'apache spark', 'data pipelines']"
699,ACCOUNTANT,2.478453885199242,3.5406484074274887,0.0,"['mysql', 'aws', 'data warehousing', 'etl', 'data warehouse', 'linux', 'pandas', 'sql', 'python', 'git', 'data pipeline', 'spark', 'postgresql', 'apache spark', 'data pipelines']"
700,HEALTHCARE,2.4773168814571314,0.6818812592244734,6.666666666666667,"['mysql', 'data warehousing', 'etl', 'data warehouse', 'linux', 'pandas', 'sql', 'python', 'git', 'data pipeline', 'spark', 'postgresql', 'apache spark', 'data pipelines']"
701,DESIGNER,2.4763474201749105,3.537639171678444,0.0,"['mysql', 'aws', 'data warehousing', 'etl', 'data warehouse', 'linux', 'pandas', 'sql', 'python', 'git', 'data pipeline', 'spark', 'postgresql', 'apache spark', 'data pipelines']"
702,BUSINESS-DEVELOPMENT,2.4760329298374626,0.6800470426249465,6.666666666666667,"['mysql', 'aws', 'data warehousing', 'etl', 'data warehouse', 'linux', 'pandas', 'sql', 'python', 'data pipeline', 'spark', 'postgresql', 'apache spark', 'data pipelines']"
703,DESIGNER,2.4758514785470136,0.6797878264957335,6.666666666666667,"['mysql', 'aws', 'data warehousing', 'etl', 'data warehouse', 'linux', 'pandas', 'sql', 'python', 'data pipeline', 'spark', 'postgresql', 'apache spark', 'data pipelines']"
704,DIGITAL-MEDIA,2.4749195050717425,0.6784564358167747,6.666666666666667,"['mysql', 'aws', 'data warehousing', 'etl', 'data warehouse', 'linux', 'pandas', 'sql', 'python', 'data pipeline', 'spark', 'postgresql', 'apache spark', 'data pipelines']"
705,DESIGNER,2.4731955125514387,3.5331364465020556,0.0,"['mysql', 'aws', 'data warehousing', 'etl', 'data warehouse', 'linux', 'pandas', 'sql', 'python', 'git', 'data pipeline', 'spark', 'postgresql', 'apache spark', 'data pipelines']"
706,DESIGNER,2.4706146950519186,0.6723067072170266,6.666666666666667,"['mysql', 'aws', 'data warehousing', 'data warehouse', 'linux', 'pandas', 'sql', 'python', 'git', 'data pipeline', 'spark', 'postgresql', 'apache spark', 'data pipelines']"
707,HEALTHCARE,2.470610607657005,3.5294437252242927,0.0,"['mysql', 'aws', 'data warehousing', 'etl', 'data warehouse', 'linux', 'pandas', 'sql', 'python', 'git', 'data pipeline', 'spark', 'postgresql', 'apache spark', 'data pipelines']"
708,SALES,2.469795974954155,3.528279964220222,0.0,"['mysql', 'aws', 'data warehousing', 'etl', 'data warehouse', 'linux', 'pandas', 'sql', 'python', 'git', 'data pipeline', 'spark', 'postgresql', 'apache spark', 'data pipelines']"
709,DESIGNER,2.469698265119734,3.5281403787424774,0.0,"['mysql', 'aws', 'data warehousing', 'etl', 'data warehouse', 'linux', 'pandas', 'sql', 'python', 'git', 'data pipeline', 'spark', 'postgresql', 'apache spark', 'data pipelines']"
710,DESIGNER,2.469422650935957,0.6706037870513669,6.666666666666667,"['mysql', 'aws', 'data warehousing', 'etl', 'data warehouse', 'linux', 'pandas', 'sql', 'python', 'data pipeline', 'spark', 'postgresql', 'apache spark', 'data pipelines']"
711,FITNESS,2.4690024310067598,0.6700034728667994,6.666666666666667,"['mysql', 'data warehousing', 'etl', 'data warehouse', 'linux', 'pandas', 'sql', 'python', 'git', 'data pipeline', 'spark', 'postgresql', 'apache spark', 'data pipelines']"
712,DESIGNER,2.4678235317601906,0.6683193310859866,6.666666666666667,"['mysql', 'aws', 'data warehousing', 'etl', 'data warehouse', 'linux', 'pandas', 'sql', 'python', 'data pipeline', 'spark', 'postgresql', 'apache spark', 'data pipelines']"
713,APPAREL,2.4653046591330208,0.6647209416186013,6.666666666666667,"['mysql', 'aws', 'data warehousing', 'etl', 'data warehouse', 'linux', 'pandas', 'sql', 'python', 'data pipeline', 'spark', 'postgresql', 'apache spark', 'data pipelines']"
714,HEALTHCARE,2.462541428569058,0.6607734693843687,6.666666666666667,"['mysql', 'aws', 'data warehousing', 'etl', 'data warehouse', 'linux', 'pandas', 'sql', 'python', 'data pipeline', 'spark', 'postgresql', 'apache spark', 'data pipelines']"
715,AVIATION,2.461503911618335,3.5164341594547643,0.0,"['mysql', 'aws', 'data warehousing', 'etl', 'data warehouse', 'linux', 'pandas', 'sql', 'python', 'git', 'data pipeline', 'spark', 'postgresql', 'apache spark', 'data pipelines']"
716,DESIGNER,2.4611133456111016,0.6587333508730027,6.666666666666667,"['mysql', 'aws', 'data warehousing', 'etl', 'data warehouse', 'linux', 'pandas', 'sql', 'python', 'data pipeline', 'spark', 'postgresql', 'apache spark', 'data pipelines']"
717,PUBLIC-RELATIONS,2.460292138952468,3.514703055646383,0.0,"['mysql', 'aws', 'data warehousing', 'etl', 'data warehouse', 'linux', 'pandas', 'sql', 'python', 'git', 'data pipeline', 'spark', 'postgresql', 'apache spark', 'data pipelines']"
718,BPO,2.459006470248127,0.6557235289258962,6.666666666666667,"['mysql', 'aws', 'data warehousing', 'etl', 'data warehouse', 'linux', 'pandas', 'sql', 'python', 'data pipeline', 'spark', 'postgresql', 'apache spark', 'data pipelines']"
719,HEALTHCARE,2.458351239060514,0.6547874843721626,6.666666666666667,"['mysql', 'data warehousing', 'etl', 'data warehouse', 'linux', 'pandas', 'sql', 'python', 'git', 'data pipeline', 'spark', 'postgresql', 'apache spark', 'data pipelines']"
720,CONSULTANT,2.4522591649489383,0.6460845213556259,6.666666666666667,"['mysql', 'data warehousing', 'etl', 'data warehouse', 'linux', 'pandas', 'sql', 'python', 'git', 'data pipeline', 'spark', 'postgresql', 'apache spark', 'data pipelines']"
721,ENGINEERING,2.45214520780656,3.5030645825808007,0.0,"['mysql', 'aws', 'data warehousing', 'etl', 'data warehouse', 'linux', 'pandas', 'sql', 'python', 'git', 'data pipeline', 'spark', 'postgresql', 'apache spark', 'data pipelines']"
722,DESIGNER,2.452044958120578,0.6457785116008258,6.666666666666667,"['mysql', 'aws', 'data warehousing', 'etl', 'data warehouse', 'linux', 'pandas', 'sql', 'python', 'data pipeline', 'spark', 'postgresql', 'apache spark', 'data pipelines']"
723,BUSINESS-DEVELOPMENT,2.4503138984143273,0.643305569163325,6.666666666666667,"['mysql', 'aws', 'data warehousing', 'etl', 'data warehouse', 'linux', 'pandas', 'sql', 'python', 'data pipeline', 'spark', 'postgresql', 'apache spark', 'data pipelines']"
724,SALES,2.4495771595533693,3.4993959422190994,0.0,"['mysql', 'aws', 'data warehousing', 'etl', 'data warehouse', 'linux', 'pandas', 'sql', 'python', 'git', 'data pipeline', 'spark', 'postgresql', 'apache spark', 'data pipelines']"
725,CONSTRUCTION,2.4478149707070505,0.6397356724386435,6.666666666666667,"['mysql', 'data warehousing', 'etl', 'data warehouse', 'linux', 'pandas', 'sql', 'python', 'git', 'data pipeline', 'spark', 'postgresql', 'apache spark', 'data pipelines']"
726,APPAREL,2.4453339482703247,0.6361913546718927,6.666666666666667,"['mysql', 'aws', 'data warehousing', 'etl', 'data warehouse', 'linux', 'pandas', 'sql', 'python', 'data pipeline', 'spark', 'postgresql', 'apache spark', 'data pipelines']"
727,HR,2.4445988839834825,0.6351412628335462,6.666666666666667,"['mysql', 'data warehousing', 'etl', 'data warehouse', 'linux', 'pandas', 'sql', 'python', 'git', 'data pipeline', 'spark', 'postgresql', 'apache spark', 'data pipelines']"
728,HR,2.4410040442244627,0.6300057774635182,6.666666666666667,"['mysql', 'data warehousing', 'etl', 'data warehouse', 'linux', 'pandas', 'sql', 'python', 'git', 'data pipeline', 'spark', 'postgresql', 'apache spark', 'data pipelines']"
729,AUTOMOBILE,2.4379084896056504,0.6255835565795005,6.666666666666667,"['mysql', 'data warehousing', 'etl', 'data warehouse', 'linux', 'pandas', 'sql', 'python', 'git', 'data pipeline', 'spark', 'postgresql', 'apache spark', 'data pipelines']"
730,ADVOCATE,2.435796428860309,0.6225663269432986,6.666666666666667,"['mysql', 'data warehousing', 'etl', 'data warehouse', 'linux', 'pandas', 'sql', 'python', 'git', 'data pipeline', 'spark', 'postgresql', 'apache spark', 'data pipelines']"
731,DIGITAL-MEDIA,2.4353705817741447,0.6219579739630637,6.666666666666667,"['mysql', 'aws', 'data warehousing', 'etl', 'data warehouse', 'linux', 'pandas', 'sql', 'python', 'data pipeline', 'spark', 'postgresql', 'apache spark', 'data pipelines']"
732,BUSINESS-DEVELOPMENT,2.4349616471387088,0.6213737816267267,6.666666666666667,"['mysql', 'aws', 'data warehousing', 'etl', 'data warehouse', 'linux', 'pandas', 'sql', 'python', 'data pipeline', 'spark', 'postgresql', 'apache spark', 'data pipelines']"
733,PUBLIC-RELATIONS,2.434574027856992,0.6208200397957025,6.666666666666667,"['mysql', 'data warehousing', 'etl', 'data warehouse', 'linux', 'pandas', 'sql', 'python', 'git', 'data pipeline', 'spark', 'postgresql', 'apache spark', 'data pipelines']"
734,HR,2.4342664048787594,0.6203805783982278,6.666666666666667,"['mysql', 'aws', 'data warehousing', 'etl', 'data warehouse', 'linux', 'pandas', 'sql', 'python', 'data pipeline', 'spark', 'postgresql', 'apache spark', 'data pipelines']"
735,DIGITAL-MEDIA,2.4221298058769007,0.603042579824144,6.666666666666667,"['mysql', 'aws', 'data warehousing', 'etl', 'data warehouse', 'linux', 'pandas', 'sql', 'python', 'data pipeline', 'spark', 'postgresql', 'apache spark', 'data pipelines']"
736,APPAREL,2.4218004914184688,0.6025721305978129,6.666666666666667,"['mysql', 'data warehousing', 'etl', 'data warehouse', 'linux', 'pandas', 'sql', 'python', 'git', 'data pipeline', 'spark', 'postgresql', 'apache spark', 'data pipelines']"
737,BANKING,2.4205024074293133,0.6007177248990194,6.666666666666667,"['mysql', 'data warehousing', 'etl', 'data warehouse', 'linux', 'pandas', 'sql', 'python', 'git', 'data pipeline', 'spark', 'postgresql', 'apache spark', 'data pipelines']"
738,ENGINEERING,2.41842036665907,3.4548862380843857,0.0,"['mysql', 'aws', 'data warehousing', 'etl', 'data warehouse', 'linux', 'pandas', 'sql', 'python', 'git', 'data pipeline', 'spark', 'postgresql', 'apache spark', 'data pipelines']"
739,ARTS,2.4169676634903428,3.452810947843347,0.0,"['mysql', 'aws', 'data warehousing', 'etl', 'data warehouse', 'linux', 'pandas', 'sql', 'python', 'git', 'data pipeline', 'spark', 'postgresql', 'apache spark', 'data pipelines']"
740,ARTS,2.4142406338071356,0.591772334010194,6.666666666666667,"['mysql', 'data warehousing', 'etl', 'data warehouse', 'linux', 'pandas', 'sql', 'python', 'git', 'data pipeline', 'spark', 'postgresql', 'apache spark', 'data pipelines']"
741,SALES,2.4134486245264846,0.5906408921806919,6.666666666666667,"['mysql', 'aws', 'data warehousing', 'etl', 'data warehouse', 'linux', 'pandas', 'sql', 'python', 'data pipeline', 'spark', 'postgresql', 'apache spark', 'data pipelines']"
742,TEACHER,2.4105956211767903,0.5865651731097007,6.666666666666667,"['mysql', 'aws', 'data warehousing', 'etl', 'data warehouse', 'linux', 'pandas', 'sql', 'python', 'git', 'data pipeline', 'postgresql', 'apache spark', 'data pipelines']"
743,DESIGNER,2.4105814038562294,0.5865448626517564,6.666666666666667,"['mysql', 'aws', 'data warehousing', 'etl', 'data warehouse', 'linux', 'pandas', 'sql', 'python', 'data pipeline', 'spark', 'postgresql', 'apache spark', 'data pipelines']"
744,SALES,2.404501071276916,0.5778586732527372,6.666666666666667,"['mysql', 'data warehousing', 'etl', 'data warehouse', 'linux', 'pandas', 'sql', 'python', 'git', 'data pipeline', 'spark', 'postgresql', 'apache spark', 'data pipelines']"
745,BUSINESS-DEVELOPMENT,2.4007618813894354,0.5725169734134794,6.666666666666667,"['mysql', 'aws', 'data warehousing', 'etl', 'data warehouse', 'linux', 'pandas', 'sql', 'python', 'data pipeline', 'spark', 'postgresql', 'apache spark', 'data pipelines']"
746,AVIATION,2.3959799173019647,0.5656855961456639,6.666666666666667,"['mysql', 'aws', 'data warehousing', 'etl', 'data warehouse', 'linux', 'pandas', 'sql', 'python', 'data pipeline', 'spark', 'postgresql', 'apache spark', 'data pipelines']"
747,BUSINESS-DEVELOPMENT,2.3940327022621712,0.5629038603745306,6.666666666666667,"['mysql', 'aws', 'data warehousing', 'etl', 'data warehouse', 'linux', 'pandas', 'sql', 'python', 'data pipeline', 'spark', 'postgresql', 'apache spark', 'data pipelines']"
748,HR,2.393605204509311,0.5622931492990154,6.666666666666667,"['mysql', 'data warehousing', 'etl', 'data warehouse', 'linux', 'pandas', 'sql', 'python', 'git', 'data pipeline', 'spark', 'postgresql', 'apache spark', 'data pipelines']"
749,DIGITAL-MEDIA,2.391332069573902,0.5590458136770031,6.666666666666667,"['mysql', 'aws', 'data warehousing', 'etl', 'data warehouse', 'linux', 'pandas', 'sql', 'python', 'data pipeline', 'spark', 'postgresql', 'apache spark', 'data pipelines']"
750,DIGITAL-MEDIA,2.3909469373972363,0.5584956248531945,6.666666666666667,"['mysql', 'aws', 'data warehousing', 'etl', 'data warehouse', 'linux', 'pandas', 'sql', 'python', 'data pipeline', 'spark', 'postgresql', 'apache spark', 'data pipelines']"
751,ENGINEERING,2.3895086563286063,3.4135837947551524,0.0,"['mysql', 'aws', 'data warehousing', 'etl', 'data warehouse', 'linux', 'pandas', 'sql', 'python', 'git', 'data pipeline', 'spark', 'postgresql', 'apache spark', 'data pipelines']"
752,ACCOUNTANT,2.387179964122691,0.5531142344609874,6.666666666666667,"['mysql', 'data warehousing', 'etl', 'data warehouse', 'linux', 'pandas', 'sql', 'python', 'git', 'data pipeline', 'spark', 'postgresql', 'apache spark', 'data pipelines']"
753,INFORMATION-TECHNOLOGY,2.3868632820027273,3.409804688575325,0.0,"['mysql', 'aws', 'data warehousing', 'etl', 'data warehouse', 'linux', 'pandas', 'sql', 'python', 'git', 'data pipeline', 'spark', 'postgresql', 'apache spark', 'data pipelines']"
754,DIGITAL-MEDIA,2.3864759427621247,0.5521084896601784,6.666666666666667,"['mysql', 'aws', 'data warehousing', 'etl', 'data warehouse', 'linux', 'pandas', 'sql', 'python', 'data pipeline', 'spark', 'postgresql', 'apache spark', 'data pipelines']"
755,AUTOMOBILE,2.3831996528489245,0.5474280754984634,6.666666666666667,"['mysql', 'data warehousing', 'etl', 'data warehouse', 'linux', 'pandas', 'sql', 'python', 'git', 'data pipeline', 'spark', 'postgresql', 'apache spark', 'data pipelines']"
756,CHEF,2.3827633252027285,0.5468047502896124,6.666666666666667,"['mysql', 'data warehousing', 'etl', 'data warehouse', 'linux', 'pandas', 'sql', 'python', 'git', 'data pipeline', 'spark', 'postgresql', 'apache spark', 'data pipelines']"
757,PUBLIC-RELATIONS,2.3821404852925396,0.5459149789893426,6.666666666666667,"['mysql', 'aws', 'data warehousing', 'etl', 'data warehouse', 'linux', 'pandas', 'sql', 'python', 'data pipeline', 'spark', 'postgresql', 'apache spark', 'data pipelines']"
758,PUBLIC-RELATIONS,2.3811617557611515,0.5445167939445025,6.666666666666667,"['mysql', 'aws', 'data warehousing', 'etl', 'data warehouse', 'linux', 'pandas', 'sql', 'python', 'data pipeline', 'spark', 'postgresql', 'apache spark', 'data pipelines']"
759,PUBLIC-RELATIONS,2.3804880745866077,0.5435543922665828,6.666666666666667,"['mysql', 'aws', 'data warehousing', 'etl', 'data warehouse', 'linux', 'pandas', 'sql', 'python', 'data pipeline', 'spark', 'postgresql', 'apache spark', 'data pipelines']"
760,ADVOCATE,2.377284390327605,0.5389777004680072,6.666666666666667,"['mysql', 'data warehousing', 'etl', 'data warehouse', 'linux', 'pandas', 'sql', 'python', 'git', 'data pipeline', 'spark', 'postgresql', 'apache spark', 'data pipelines']"
761,PUBLIC-RELATIONS,2.375359541755594,0.536227916793706,6.666666666666667,"['mysql', 'aws', 'data warehousing', 'etl', 'data warehouse', 'linux', 'pandas', 'sql', 'python', 'data pipeline', 'spark', 'postgresql', 'apache spark', 'data pipelines']"
762,DESIGNER,2.374679209618819,0.5352560137411705,6.666666666666667,"['mysql', 'aws', 'data warehousing', 'etl', 'data warehouse', 'linux', 'pandas', 'sql', 'python', 'data pipeline', 'spark', 'postgresql', 'apache spark', 'data pipelines']"
763,PUBLIC-RELATIONS,2.373398491697598,0.5334264167108546,6.666666666666667,"['mysql', 'aws', 'data warehousing', 'etl', 'data warehouse', 'linux', 'pandas', 'sql', 'python', 'data pipeline', 'spark', 'postgresql', 'apache spark', 'data pipelines']"
764,AUTOMOBILE,2.372458537157935,0.5320836245113356,6.666666666666667,"['mysql', 'aws', 'data warehousing', 'etl', 'data warehouse', 'linux', 'pandas', 'sql', 'python', 'data pipeline', 'spark', 'postgresql', 'apache spark', 'data pipelines']"
765,DESIGNER,2.3702960861823907,0.5289944088319869,6.666666666666667,"['mysql', 'aws', 'data warehousing', 'etl', 'data warehouse', 'linux', 'pandas', 'sql', 'python', 'data pipeline', 'spark', 'postgresql', 'apache spark', 'data pipelines']"
766,DIGITAL-MEDIA,2.3686476891072488,0.5266395558674983,6.666666666666667,"['mysql', 'aws', 'data warehousing', 'etl', 'data warehouse', 'linux', 'pandas', 'sql', 'python', 'data pipeline', 'spark', 'postgresql', 'apache spark', 'data pipelines']"
767,HEALTHCARE,2.367364892713702,0.5248069895910025,6.666666666666667,"['mysql', 'data warehousing', 'etl', 'data warehouse', 'linux', 'pandas', 'sql', 'python', 'git', 'data pipeline', 'spark', 'postgresql', 'apache spark', 'data pipelines']"
768,PUBLIC-RELATIONS,2.3668453080364027,0.5240647257662895,6.666666666666667,"['mysql', 'aws', 'data warehousing', 'etl', 'data warehouse', 'linux', 'pandas', 'sql', 'python', 'data pipeline', 'spark', 'postgresql', 'apache spark', 'data pipelines']"
769,DIGITAL-MEDIA,2.365921089643752,0.5227444137767889,6.666666666666667,"['mysql', 'aws', 'data warehousing', 'etl', 'data warehouse', 'linux', 'pandas', 'sql', 'python', 'data pipeline', 'spark', 'postgresql', 'apache spark', 'data pipelines']"
770,APPAREL,2.3655167858454256,3.3793096940648937,0.0,"['mysql', 'aws', 'data warehousing', 'etl', 'data warehouse', 'linux', 'pandas', 'sql', 'python', 'git', 'data pipeline', 'spark', 'postgresql', 'apache spark', 'data pipelines']"
771,ADVOCATE,2.3643234709662635,3.377604958523234,0.0,"['mysql', 'aws', 'data warehousing', 'etl', 'data warehouse', 'linux', 'pandas', 'sql', 'python', 'git', 'data pipeline', 'spark', 'postgresql', 'apache spark', 'data pipelines']"
772,PUBLIC-RELATIONS,2.363361734737002,0.5190881924814315,6.666666666666667,"['mysql', 'aws', 'data warehousing', 'etl', 'data warehouse', 'linux', 'pandas', 'sql', 'python', 'data pipeline', 'spark', 'postgresql', 'apache spark', 'data pipelines']"
773,CONSULTANT,2.362097922286509,3.3744256032664413,0.0,"['mysql', 'aws', 'data warehousing', 'etl', 'data warehouse', 'linux', 'pandas', 'sql', 'python', 'git', 'data pipeline', 'spark', 'postgresql', 'apache spark', 'data pipelines']"
774,PUBLIC-RELATIONS,2.361690749208825,0.5167010702983214,6.666666666666667,"['mysql', 'aws', 'data warehousing', 'etl', 'data warehouse', 'linux', 'pandas', 'sql', 'python', 'data pipeline', 'spark', 'postgresql', 'apache spark', 'data pipelines']"
775,ACCOUNTANT,2.361631066877613,0.516615809825161,6.666666666666667,"['mysql', 'data warehousing', 'etl', 'data warehouse', 'linux', 'pandas', 'sql', 'python', 'git', 'data pipeline', 'spark', 'postgresql', 'apache spark', 'data pipelines']"
776,CONSTRUCTION,2.3609140915951152,0.5155915594215932,6.666666666666667,"['mysql', 'aws', 'data warehousing', 'etl', 'data warehouse', 'linux', 'pandas', 'sql', 'python', 'git', 'data pipeline', 'postgresql', 'apache spark', 'data pipelines']"
777,DIGITAL-MEDIA,2.3599822190487734,0.5142603129268193,6.666666666666667,"['mysql', 'aws', 'data warehousing', 'etl', 'data warehouse', 'linux', 'pandas', 'sql', 'python', 'data pipeline', 'spark', 'postgresql', 'apache spark', 'data pipelines']"
778,AGRICULTURE,2.357871578734577,0.5112451124779674,6.666666666666667,"['mysql', 'aws', 'data warehousing', 'etl', 'data warehouse', 'linux', 'pandas', 'sql', 'python', 'data pipeline', 'spark', 'postgresql', 'apache spark', 'data pipelines']"
779,AGRICULTURE,2.3576569868412847,3.368081409773264,0.0,"['mysql', 'aws', 'data warehousing', 'etl', 'data warehouse', 'linux', 'pandas', 'sql', 'python', 'git', 'data pipeline', 'spark', 'postgresql', 'apache spark', 'data pipelines']"
780,CHEF,2.3576433400253243,0.5109190571790349,6.666666666666667,"['mysql', 'data warehousing', 'etl', 'data warehouse', 'linux', 'pandas', 'sql', 'python', 'git', 'data pipeline', 'spark', 'postgresql', 'apache spark', 'data pipelines']"
781,SALES,2.3569212667988357,0.5098875239983367,6.666666666666667,"['mysql', 'data warehousing', 'etl', 'data warehouse', 'linux', 'pandas', 'sql', 'python', 'git', 'data pipeline', 'spark', 'postgresql', 'apache spark', 'data pipelines']"
782,PUBLIC-RELATIONS,2.354213208611127,0.5060188694444674,6.666666666666667,"['mysql', 'aws', 'data warehousing', 'etl', 'data warehouse', 'linux', 'pandas', 'sql', 'python', 'data pipeline', 'spark', 'postgresql', 'apache spark', 'data pipelines']"
783,ARTS,2.3524018401728704,0.5034312002469575,6.666666666666667,"['mysql', 'aws', 'data warehousing', 'etl', 'data warehouse', 'linux', 'pandas', 'sql', 'python', 'data pipeline', 'spark', 'postgresql', 'apache spark', 'data pipelines']"
784,CONSTRUCTION,2.3499307631917734,0.4999010902739619,6.666666666666667,"['mysql', 'data warehousing', 'etl', 'data warehouse', 'linux', 'pandas', 'sql', 'python', 'git', 'data pipeline', 'spark', 'postgresql', 'apache spark', 'data pipelines']"
785,CONSTRUCTION,2.3475486432021437,0.49649806171734817,6.666666666666667,"['mysql', 'data warehousing', 'etl', 'data warehouse', 'linux', 'pandas', 'sql', 'python', 'git', 'data pipeline', 'spark', 'postgresql', 'apache spark', 'data pipelines']"
786,HEALTHCARE,2.3441823781772304,0.49168911168175794,6.666666666666667,"['mysql', 'data warehousing', 'etl', 'data warehouse', 'linux', 'pandas', 'sql', 'python', 'git', 'data pipeline', 'spark', 'postgresql', 'apache spark', 'data pipelines']"
787,DIGITAL-MEDIA,2.343405721377163,3.3477224591102335,0.0,"['mysql', 'aws', 'data warehousing', 'etl', 'data warehouse', 'linux', 'pandas', 'sql', 'python', 'git', 'data pipeline', 'spark', 'postgresql', 'apache spark', 'data pipelines']"
788,AVIATION,2.3383751181690746,3.340535883098678,0.0,"['mysql', 'aws', 'data warehousing', 'etl', 'data warehouse', 'linux', 'pandas', 'sql', 'python', 'git', 'data pipeline', 'spark', 'postgresql', 'apache spark', 'data pipelines']"
789,PUBLIC-RELATIONS,2.3364812262803665,0.4806874661148093,6.666666666666667,"['mysql', 'aws', 'data warehousing', 'etl', 'data warehouse', 'linux', 'pandas', 'sql', 'python', 'data pipeline', 'spark', 'postgresql', 'apache spark', 'data pipelines']"
790,BUSINESS-DEVELOPMENT,2.3362560774258694,0.48036582489409935,6.666666666666667,"['mysql', 'aws', 'data warehousing', 'etl', 'data warehouse', 'linux', 'pandas', 'sql', 'python', 'data pipeline', 'spark', 'postgresql', 'apache spark', 'data pipelines']"
791,SALES,2.332440780891186,0.4749154012731227,6.666666666666667,"['mysql', 'data warehousing', 'etl', 'data warehouse', 'linux', 'pandas', 'sql', 'python', 'git', 'data pipeline', 'spark', 'postgresql', 'apache spark', 'data pipelines']"
792,CONSULTANT,2.332007690772955,0.4742967011042216,6.666666666666667,"['mysql', 'aws', 'data warehousing', 'etl', 'data warehouse', 'linux', 'pandas', 'sql', 'python', 'data pipeline', 'spark', 'postgresql', 'apache spark', 'data pipelines']"
793,SALES,2.3292619592647275,3.3275170846638966,0.0,"['mysql', 'aws', 'data warehousing', 'etl', 'data warehouse', 'linux', 'pandas', 'sql', 'python', 'git', 'data pipeline', 'spark', 'postgresql', 'apache spark', 'data pipelines']"
794,CONSULTANT,2.329147110126158,0.4702101573230823,6.666666666666667,"['mysql', 'aws', 'data warehousing', 'etl', 'data warehouse', 'linux', 'pandas', 'sql', 'python', 'data pipeline', 'spark', 'postgresql', 'apache spark', 'data pipelines']"
795,ARTS,2.3282567708523607,0.468938244074801,6.666666666666667,"['mysql', 'aws', 'data warehousing', 'etl', 'data warehouse', 'linux', 'pandas', 'sql', 'python', 'data pipeline', 'spark', 'postgresql', 'apache spark', 'data pipelines']"
796,ENGINEERING,2.3244345758013303,3.320620822573329,0.0,"['mysql', 'aws', 'data warehousing', 'etl', 'data warehouse', 'linux', 'pandas', 'sql', 'python', 'git', 'data pipeline', 'spark', 'postgresql', 'apache spark', 'data pipelines']"
797,TEACHER,2.3216442779041255,0.4594918255773222,6.666666666666667,"['mysql', 'aws', 'data warehousing', 'etl', 'data warehouse', 'linux', 'pandas', 'sql', 'python', 'data pipeline', 'spark', 'postgresql', 'apache spark', 'data pipelines']"
798,FINANCE,2.32039630789138,3.3148518684162576,0.0,"['mysql', 'aws', 'data warehousing', 'etl', 'data warehouse', 'linux', 'pandas', 'sql', 'python', 'git', 'data pipeline', 'spark', 'postgresql', 'apache spark', 'data pipelines']"
799,HEALTHCARE,2.3179216999071675,3.311316714153097,0.0,"['mysql', 'aws', 'data warehousing', 'etl', 'data warehouse', 'linux', 'pandas', 'sql', 'python', 'git', 'data pipeline', 'spark', 'postgresql', 'apache spark', 'data pipelines']"
800,CHEF,2.3164175105691287,0.4520250150987554,6.666666666666667,"['mysql', 'data warehousing', 'etl', 'data warehouse', 'linux', 'pandas', 'sql', 'python', 'git', 'data pipeline', 'spark', 'postgresql', 'apache spark', 'data pipelines']"
801,BUSINESS-DEVELOPMENT,2.3086462287110825,0.4409231838729752,6.666666666666667,"['mysql', 'aws', 'data warehousing', 'etl', 'data warehouse', 'linux', 'pandas', 'sql', 'python', 'data pipeline', 'spark', 'postgresql', 'apache spark', 'data pipelines']"
802,HR,2.3080973899904826,3.29728198570069,0.0,"['mysql', 'aws', 'data warehousing', 'etl', 'data warehouse', 'linux', 'pandas', 'sql', 'python', 'git', 'data pipeline', 'spark', 'postgresql', 'apache spark', 'data pipelines']"
803,ARTS,2.3057590621626325,0.4367986602323325,6.666666666666667,"['mysql', 'aws', 'data warehousing', 'etl', 'data warehouse', 'linux', 'pandas', 'sql', 'python', 'data pipeline', 'spark', 'postgresql', 'apache spark', 'data pipelines']"
804,HR,2.297043211077847,0.42434744439692423,6.666666666666667,"['mysql', 'data warehousing', 'etl', 'data warehouse', 'linux', 'pandas', 'sql', 'python', 'git', 'data pipeline', 'spark', 'postgresql', 'apache spark', 'data pipelines']"
805,DIGITAL-MEDIA,2.2959908157546547,0.4228440225066495,6.666666666666667,"['mysql', 'aws', 'data warehousing', 'etl', 'data warehouse', 'linux', 'pandas', 'sql', 'python', 'data pipeline', 'spark', 'postgresql', 'apache spark', 'data pipelines']"
806,ARTS,2.2959010314800543,0.4227157592572207,6.666666666666667,"['mysql', 'data warehousing', 'etl', 'data warehouse', 'linux', 'pandas', 'sql', 'python', 'git', 'data pipeline', 'spark', 'postgresql', 'apache spark', 'data pipelines']"
807,APPAREL,2.2949896532827037,0.4214137904038624,6.666666666666667,"['mysql', 'aws', 'data warehousing', 'etl', 'data warehouse', 'linux', 'pandas', 'sql', 'python', 'data pipeline', 'spark', 'postgresql', 'apache spark', 'data pipelines']"
808,DIGITAL-MEDIA,2.2933750491503444,0.41910721307192084,6.666666666666667,"['mysql', 'aws', 'data warehousing', 'etl', 'data warehouse', 'linux', 'pandas', 'sql', 'python', 'data pipeline', 'spark', 'postgresql', 'apache spark', 'data pipelines']"
809,HEALTHCARE,2.289898958331055,0.4141413690443642,6.666666666666667,"['mysql', 'data warehousing', 'etl', 'data warehouse', 'linux', 'pandas', 'sql', 'python', 'git', 'data pipeline', 'spark', 'postgresql', 'apache spark', 'data pipelines']"
810,TEACHER,2.289406904043643,0.4134384343480617,6.666666666666667,"['mysql', 'data warehousing', 'etl', 'data warehouse', 'linux', 'pandas', 'sql', 'python', 'git', 'data pipeline', 'spark', 'postgresql', 'apache spark', 'data pipelines']"
811,HR,2.2888951710758914,0.4127073872512736,6.666666666666667,"['mysql', 'data warehousing', 'etl', 'data warehouse', 'linux', 'pandas', 'sql', 'python', 'git', 'data pipeline', 'spark', 'postgresql', 'apache spark', 'data pipelines']"
812,ENGINEERING,2.285260227643623,3.264657468062319,0.0,"['mysql', 'aws', 'data warehousing', 'etl', 'data warehouse', 'linux', 'pandas', 'sql', 'python', 'git', 'data pipeline', 'spark', 'postgresql', 'apache spark', 'data pipelines']"
813,DIGITAL-MEDIA,2.283562880911862,0.4050898298740886,6.666666666666667,"['mysql', 'aws', 'data warehousing', 'etl', 'data warehouse', 'linux', 'pandas', 'sql', 'python', 'data pipeline', 'spark', 'postgresql', 'apache spark', 'data pipelines']"
814,FINANCE,2.2833328185613535,3.26190402651622,0.0,"['mysql', 'aws', 'data warehousing', 'etl', 'data warehouse', 'linux', 'pandas', 'sql', 'python', 'git', 'data pipeline', 'spark', 'postgresql', 'apache spark', 'data pipelines']"
815,CHEF,2.280807648513316,0.40115378359045184,6.666666666666667,"['mysql', 'data warehousing', 'etl', 'data warehouse', 'linux', 'pandas', 'sql', 'python', 'git', 'data pipeline', 'spark', 'postgresql', 'apache spark', 'data pipelines']"
816,HR,2.2798492374525026,0.3997846249321464,6.666666666666667,"['mysql', 'aws', 'data warehousing', 'etl', 'data warehouse', 'linux', 'pandas', 'sql', 'python', 'data pipeline', 'spark', 'postgresql', 'apache spark', 'data pipelines']"
817,ACCOUNTANT,2.2797260065681355,3.2567514379544797,0.0,"['mysql', 'aws', 'data warehousing', 'etl', 'data warehouse', 'linux', 'pandas', 'sql', 'python', 'git', 'data pipeline', 'spark', 'postgresql', 'apache spark', 'data pipelines']"
818,CONSULTANT,2.277205016100853,0.3960071658583612,6.666666666666667,"['mysql', 'data warehousing', 'etl', 'data warehouse', 'linux', 'pandas', 'sql', 'python', 'git', 'data pipeline', 'spark', 'postgresql', 'apache spark', 'data pipelines']"
819,DIGITAL-MEDIA,2.272082625601181,0.38868946514454383,6.666666666666667,"['mysql', 'aws', 'data warehousing', 'etl', 'data warehouse', 'linux', 'pandas', 'sql', 'python', 'data pipeline', 'spark', 'postgresql', 'apache spark', 'data pipelines']"
820,BANKING,2.2715669782114802,0.3879528260164006,6.666666666666667,"['mysql', 'data warehousing', 'etl', 'data warehouse', 'linux', 'pandas', 'sql', 'python', 'git', 'data pipeline', 'spark', 'postgresql', 'apache spark', 'data pipelines']"
821,AVIATION,2.2707169387702146,0.3867384839574497,6.666666666666667,"['mysql', 'aws', 'data warehousing', 'etl', 'data warehouse', 'linux', 'pandas', 'sql', 'python', 'data pipeline', 'spark', 'postgresql', 'apache spark', 'data pipelines']"
822,AGRICULTURE,2.2587147162112315,0.36959245173033084,6.666666666666667,"['mysql', 'aws', 'data warehousing', 'etl', 'data warehouse', 'linux', 'pandas', 'sql', 'python', 'data pipeline', 'spark', 'postgresql', 'apache spark', 'data pipelines']"
823,DIGITAL-MEDIA,2.257941317376015,0.36848759625144983,6.666666666666667,"['mysql', 'aws', 'data warehousing', 'etl', 'data warehouse', 'linux', 'pandas', 'sql', 'python', 'data pipeline', 'spark', 'postgresql', 'apache spark', 'data pipelines']"
824,DIGITAL-MEDIA,2.2563849390646116,3.223407055806588,0.0,"['mysql', 'aws', 'data warehousing', 'etl', 'data warehouse', 'linux', 'pandas', 'sql', 'python', 'git', 'data pipeline', 'spark', 'postgresql', 'apache spark', 'data pipelines']"
825,CONSTRUCTION,2.2558704482319594,0.36552921175994196,6.666666666666667,"['mysql', 'aws', 'data warehousing', 'etl', 'data warehouse', 'linux', 'pandas', 'sql', 'python', 'data pipeline', 'spark', 'postgresql', 'apache spark', 'data pipelines']"
826,ARTS,2.2557815024232273,0.3654021463188958,6.666666666666667,"['mysql', 'aws', 'data warehousing', 'etl', 'data warehouse', 'linux', 'pandas', 'sql', 'python', 'data pipeline', 'spark', 'postgresql', 'apache spark', 'data pipelines']"
827,ADVOCATE,2.254756831275074,0.36393833039296336,6.666666666666667,"['mysql', 'data warehousing', 'etl', 'data warehouse', 'linux', 'pandas', 'sql', 'python', 'git', 'data pipeline', 'spark', 'postgresql', 'apache spark', 'data pipelines']"
828,HR,2.253322203267377,3.219031718953396,0.0,"['mysql', 'aws', 'data warehousing', 'etl', 'data warehouse', 'linux', 'pandas', 'sql', 'python', 'git', 'data pipeline', 'spark', 'postgresql', 'apache spark', 'data pipelines']"
829,DIGITAL-MEDIA,2.2527441898789657,0.3610631283985227,6.666666666666667,"['mysql', 'aws', 'data warehousing', 'etl', 'data warehouse', 'linux', 'pandas', 'sql', 'python', 'data pipeline', 'spark', 'postgresql', 'apache spark', 'data pipelines']"
830,DIGITAL-MEDIA,2.2493525996271564,0.3562179994673665,6.666666666666667,"['mysql', 'aws', 'data warehousing', 'etl', 'data warehouse', 'linux', 'pandas', 'sql', 'python', 'data pipeline', 'spark', 'postgresql', 'apache spark', 'data pipelines']"
831,TEACHER,2.248131183204293,0.35447311886327576,6.666666666666667,"['mysql', 'data warehousing', 'etl', 'data warehouse', 'linux', 'pandas', 'sql', 'python', 'git', 'data pipeline', 'spark', 'postgresql', 'apache spark', 'data pipelines']"
832,CONSULTANT,2.2479733179177135,0.3542475970253051,6.666666666666667,"['mysql', 'aws', 'data warehousing', 'etl', 'data warehouse', 'linux', 'pandas', 'sql', 'python', 'data pipeline', 'spark', 'postgresql', 'apache spark', 'data pipelines']"
833,DESIGNER,2.245073648568402,0.35010521224057434,6.666666666666667,"['mysql', 'data warehousing', 'etl', 'data warehouse', 'linux', 'pandas', 'sql', 'python', 'git', 'data pipeline', 'spark', 'postgresql', 'apache spark', 'data pipelines']"
834,CONSTRUCTION,2.243621683935192,0.3480309770502747,6.666666666666667,"['mysql', 'data warehousing', 'etl', 'data warehouse', 'linux', 'pandas', 'sql', 'python', 'git', 'data pipeline', 'spark', 'postgresql', 'apache spark', 'data pipelines']"
835,ARTS,2.241769068748095,0.3453843839258497,6.666666666666667,"['mysql', 'aws', 'data warehousing', 'etl', 'data warehouse', 'linux', 'pandas', 'sql', 'python', 'data pipeline', 'spark', 'postgresql', 'apache spark', 'data pipelines']"
836,CONSTRUCTION,2.239721675259927,0.3424595360856102,6.666666666666667,"['mysql', 'data warehousing', 'etl', 'data warehouse', 'linux', 'pandas', 'sql', 'python', 'git', 'data pipeline', 'spark', 'postgresql', 'apache spark', 'data pipelines']"
837,CONSULTANT,2.238067720474861,0.34009674353551583,6.666666666666667,"['mysql', 'data warehousing', 'etl', 'data warehouse', 'linux', 'pandas', 'sql', 'python', 'git', 'data pipeline', 'spark', 'postgresql', 'apache spark', 'data pipelines']"
838,DESIGNER,2.2369009456596682,3.195572779513812,0.0,"['mysql', 'aws', 'data warehousing', 'etl', 'data warehouse', 'linux', 'pandas', 'sql', 'python', 'git', 'data pipeline', 'spark', 'postgresql', 'apache spark', 'data pipelines']"
839,DIGITAL-MEDIA,2.2328487578820835,0.33264108268869064,6.666666666666667,"['mysql', 'aws', 'data warehousing', 'etl', 'data warehouse', 'linux', 'pandas', 'sql', 'python', 'data pipeline', 'spark', 'postgresql', 'apache spark', 'data pipelines']"
840,HEALTHCARE,2.2325233379598246,0.33217619708546403,6.666666666666667,"['mysql', 'aws', 'data warehousing', 'etl', 'data warehouse', 'linux', 'pandas', 'sql', 'python', 'data pipeline', 'spark', 'postgresql', 'apache spark', 'data pipelines']"
841,ADVOCATE,2.232407224438128,3.189153177768754,0.0,"['mysql', 'aws', 'data warehousing', 'etl', 'data warehouse', 'linux', 'pandas', 'sql', 'python', 'git', 'data pipeline', 'spark', 'postgresql', 'apache spark', 'data pipelines']"
842,BANKING,2.2321607636693725,0.33165823381338955,6.666666666666667,"['mysql', 'data warehousing', 'etl', 'data warehouse', 'linux', 'pandas', 'sql', 'python', 'git', 'data pipeline', 'spark', 'postgresql', 'apache spark', 'data pipelines']"
843,AGRICULTURE,2.2309572292140336,3.187081756020048,0.0,"['mysql', 'aws', 'data warehousing', 'etl', 'data warehouse', 'linux', 'pandas', 'sql', 'python', 'git', 'data pipeline', 'spark', 'postgresql', 'apache spark', 'data pipelines']"
844,PUBLIC-RELATIONS,2.229793583924201,0.3282765484631444,6.666666666666667,"['mysql', 'aws', 'data warehousing', 'etl', 'data warehouse', 'linux', 'pandas', 'sql', 'python', 'data pipeline', 'spark', 'postgresql', 'apache spark', 'data pipelines']"
845,CONSULTANT,2.2263388023552326,0.3233411462217607,6.666666666666667,"['mysql', 'aws', 'data warehousing', 'etl', 'data warehouse', 'linux', 'pandas', 'sql', 'python', 'data pipeline', 'spark', 'postgresql', 'apache spark', 'data pipelines']"
846,FINANCE,2.2252020060387103,0.32171715148387203,6.666666666666667,"['mysql', 'data warehousing', 'etl', 'data warehouse', 'linux', 'pandas', 'sql', 'python', 'git', 'data pipeline', 'spark', 'postgresql', 'apache spark', 'data pipelines']"
847,FINANCE,2.220817616465452,3.1725965949506456,0.0,"['mysql', 'aws', 'data warehousing', 'etl', 'data warehouse', 'linux', 'pandas', 'sql', 'python', 'git', 'data pipeline', 'spark', 'postgresql', 'apache spark', 'data pipelines']"
848,TEACHER,2.2205794802098757,0.3151135431569653,6.666666666666667,"['mysql', 'aws', 'data warehousing', 'etl', 'data warehouse', 'linux', 'pandas', 'sql', 'python', 'git', 'data pipeline', 'postgresql', 'apache spark', 'data pipelines']"
849,DIGITAL-MEDIA,2.215973268236737,3.1656760974810525,0.0,"['mysql', 'aws', 'data warehousing', 'etl', 'data warehouse', 'linux', 'pandas', 'sql', 'python', 'git', 'data pipeline', 'spark', 'postgresql', 'apache spark', 'data pipelines']"
850,ADVOCATE,2.2144766201369257,0.3063951716241794,6.666666666666667,"['mysql', 'data warehousing', 'etl', 'data warehouse', 'linux', 'pandas', 'sql', 'python', 'git', 'data pipeline', 'spark', 'postgresql', 'apache spark', 'data pipelines']"
851,INFORMATION-TECHNOLOGY,2.2134327123032085,3.1620467318617265,0.0,"['mysql', 'aws', 'data warehousing', 'etl', 'data warehouse', 'linux', 'pandas', 'sql', 'python', 'git', 'data pipeline', 'spark', 'postgresql', 'apache spark', 'data pipelines']"
852,BUSINESS-DEVELOPMENT,2.2133970249333075,0.30485289276186817,6.666666666666667,"['mysql', 'aws', 'data warehousing', 'etl', 'data warehouse', 'linux', 'pandas', 'sql', 'python', 'data pipeline', 'spark', 'postgresql', 'apache spark', 'data pipelines']"
853,DIGITAL-MEDIA,2.209838705840355,0.2997695797719356,6.666666666666667,"['mysql', 'aws', 'data warehousing', 'etl', 'data warehouse', 'linux', 'pandas', 'sql', 'python', 'data pipeline', 'spark', 'postgresql', 'apache spark', 'data pipelines']"
854,CONSTRUCTION,2.2090401813948763,0.29862883056410927,6.666666666666667,"['mysql', 'data warehousing', 'etl', 'data warehouse', 'linux', 'pandas', 'sql', 'python', 'git', 'data pipeline', 'spark', 'postgresql', 'apache spark', 'data pipelines']"
855,CONSTRUCTION,2.208916563283463,0.29845223326209014,6.666666666666667,"['mysql', 'data warehousing', 'etl', 'data warehouse', 'linux', 'pandas', 'sql', 'python', 'git', 'data pipeline', 'spark', 'postgresql', 'apache spark', 'data pipelines']"
856,HR,2.2083582628452065,3.154797518350295,0.0,"['mysql', 'aws', 'data warehousing', 'etl', 'data warehouse', 'linux', 'pandas', 'sql', 'python', 'git', 'data pipeline', 'spark', 'postgresql', 'apache spark', 'data pipelines']"
857,CHEF,2.2083499122784276,0.29764273182632506,6.666666666666667,"['mysql', 'data warehousing', 'etl', 'data warehouse', 'linux', 'pandas', 'sql', 'python', 'git', 'data pipeline', 'spark', 'postgresql', 'apache spark', 'data pipelines']"
858,DIGITAL-MEDIA,2.2081758484059146,0.2973940691513065,6.666666666666667,"['mysql', 'aws', 'data warehousing', 'etl', 'data warehouse', 'linux', 'pandas', 'sql', 'python', 'data pipeline', 'spark', 'postgresql', 'apache spark', 'data pipelines']"
859,APPAREL,2.207949956532139,3.1542142236173416,0.0,"['mysql', 'aws', 'data warehousing', 'etl', 'data warehouse', 'linux', 'pandas', 'sql', 'python', 'git', 'data pipeline', 'spark', 'postgresql', 'apache spark', 'data pipelines']"
860,HEALTHCARE,2.2053861506188013,3.150551643741145,0.0,"['mysql', 'aws', 'data warehousing', 'etl', 'data warehouse', 'linux', 'pandas', 'sql', 'python', 'git', 'data pipeline', 'spark', 'postgresql', 'apache spark', 'data pipelines']"
861,ADVOCATE,2.2029030308984296,0.2898614727120424,6.666666666666667,"['mysql', 'data warehousing', 'etl', 'data warehouse', 'linux', 'pandas', 'sql', 'python', 'git', 'data pipeline', 'spark', 'postgresql', 'apache spark', 'data pipelines']"
862,CONSTRUCTION,2.202542777923383,0.28934682560483255,6.666666666666667,"['mysql', 'data warehousing', 'etl', 'data warehouse', 'linux', 'pandas', 'sql', 'python', 'git', 'data pipeline', 'spark', 'postgresql', 'apache spark', 'data pipelines']"
863,DIGITAL-MEDIA,2.1974972089478517,0.2821388699255026,6.666666666666667,"['mysql', 'aws', 'data warehousing', 'etl', 'data warehouse', 'linux', 'pandas', 'sql', 'python', 'data pipeline', 'spark', 'postgresql', 'apache spark', 'data pipelines']"
864,DESIGNER,2.19495871641527,0.27851245202181457,6.666666666666667,"['mysql', 'aws', 'data warehousing', 'etl', 'data warehouse', 'linux', 'pandas', 'sql', 'python', 'data pipeline', 'spark', 'postgresql', 'apache spark', 'data pipelines']"
865,HEALTHCARE,2.1941552199348338,0.2773645999069055,6.666666666666667,"['mysql', 'data warehousing', 'etl', 'data warehouse', 'linux', 'pandas', 'sql', 'python', 'git', 'data pipeline', 'spark', 'postgresql', 'apache spark', 'data pipelines']"
866,CONSTRUCTION,2.1934428815166185,3.133489830738027,0.0,"['mysql', 'aws', 'data warehousing', 'etl', 'data warehouse', 'linux', 'pandas', 'sql', 'python', 'git', 'data pipeline', 'spark', 'postgresql', 'apache spark', 'data pipelines']"
867,DESIGNER,2.192901257885809,0.2755732255511558,6.666666666666667,"['mysql', 'data warehousing', 'etl', 'data warehouse', 'linux', 'pandas', 'sql', 'python', 'git', 'data pipeline', 'spark', 'postgresql', 'apache spark', 'data pipelines']"
868,ACCOUNTANT,2.192067872087376,3.131525531553394,0.0,"['mysql', 'aws', 'data warehousing', 'etl', 'data warehouse', 'linux', 'pandas', 'sql', 'python', 'git', 'data pipeline', 'spark', 'postgresql', 'apache spark', 'data pipelines']"
869,HEALTHCARE,2.1897799698451923,3.1282570997788466,0.0,"['mysql', 'aws', 'data warehousing', 'etl', 'data warehouse', 'linux', 'pandas', 'sql', 'python', 'git', 'data pipeline', 'spark', 'postgresql', 'apache spark', 'data pipelines']"
870,CONSULTANT,2.1874630369489796,0.26780433849854207,6.666666666666667,"['mysql', 'aws', 'data warehousing', 'etl', 'data warehouse', 'linux', 'pandas', 'sql', 'python', 'data pipeline', 'spark', 'postgresql', 'apache spark', 'data pipelines']"
871,CONSTRUCTION,2.1857980674177413,3.1225686677396305,0.0,"['mysql', 'aws', 'data warehousing', 'etl', 'data warehouse', 'linux', 'pandas', 'sql', 'python', 'git', 'data pipeline', 'spark', 'postgresql', 'apache spark', 'data pipelines']"
872,SALES,2.1839036272940127,0.2627194675628751,6.666666666666667,"['mysql', 'aws', 'data warehousing', 'etl', 'data warehouse', 'linux', 'pandas', 'sql', 'python', 'data pipeline', 'spark', 'postgresql', 'apache spark', 'data pipelines']"
873,CHEF,2.183812339842166,0.2625890569173798,6.666666666666667,"['mysql', 'data warehousing', 'etl', 'data warehouse', 'linux', 'pandas', 'sql', 'python', 'git', 'data pipeline', 'spark', 'postgresql', 'apache spark', 'data pipelines']"
874,FITNESS,2.1824076708957048,0.2605823869938637,6.666666666666667,"['mysql', 'aws', 'data warehousing', 'etl', 'data warehouse', 'linux', 'pandas', 'sql', 'python', 'data pipeline', 'spark', 'postgresql', 'apache spark', 'data pipelines']"
875,FINANCE,2.180753004799546,3.1153614354279227,0.0,"['mysql', 'aws', 'data warehousing', 'etl', 'data warehouse', 'linux', 'pandas', 'sql', 'python', 'git', 'data pipeline', 'spark', 'postgresql', 'apache spark', 'data pipelines']"
876,DIGITAL-MEDIA,2.177953881835784,0.25421983119397734,6.666666666666667,"['mysql', 'aws', 'data warehousing', 'etl', 'data warehouse', 'linux', 'pandas', 'sql', 'python', 'data pipeline', 'spark', 'postgresql', 'apache spark', 'data pipelines']"
877,ENGINEERING,2.1777251707903655,3.111035958271951,0.0,"['mysql', 'aws', 'data warehousing', 'etl', 'data warehouse', 'linux', 'pandas', 'sql', 'python', 'git', 'data pipeline', 'spark', 'postgresql', 'apache spark', 'data pipelines']"
878,PUBLIC-RELATIONS,2.177558473842342,0.25365496263191734,6.666666666666667,"['mysql', 'aws', 'data warehousing', 'etl', 'data warehouse', 'linux', 'pandas', 'sql', 'python', 'data pipeline', 'spark', 'postgresql', 'apache spark', 'data pipelines']"
879,HR,2.1769354014790228,0.2527648592557467,6.666666666666667,"['mysql', 'data warehousing', 'etl', 'data warehouse', 'linux', 'pandas', 'sql', 'python', 'git', 'data pipeline', 'spark', 'postgresql', 'apache spark', 'data pipelines']"
880,FINANCE,2.176658416540669,0.2523691664866699,6.666666666666667,"['mysql', 'data warehousing', 'etl', 'data warehouse', 'linux', 'pandas', 'sql', 'python', 'git', 'data pipeline', 'spark', 'postgresql', 'apache spark', 'data pipelines']"
881,PUBLIC-RELATIONS,2.1758815919422725,0.25125941706038957,6.666666666666667,"['mysql', 'aws', 'data warehousing', 'etl', 'data warehouse', 'linux', 'pandas', 'sql', 'python', 'data pipeline', 'spark', 'postgresql', 'apache spark', 'data pipelines']"
882,CHEF,2.1745513545657933,0.24935907795113335,6.666666666666667,"['mysql', 'data warehousing', 'etl', 'data warehouse', 'linux', 'pandas', 'sql', 'python', 'git', 'data pipeline', 'spark', 'postgresql', 'apache spark', 'data pipelines']"
883,ACCOUNTANT,2.173884386702258,0.24840626671751115,6.666666666666667,"['mysql', 'data warehousing', 'etl', 'data warehouse', 'linux', 'pandas', 'sql', 'python', 'git', 'data pipeline', 'spark', 'postgresql', 'apache spark', 'data pipelines']"
884,DESIGNER,2.1737141634569017,3.105305947795574,0.0,"['mysql', 'aws', 'data warehousing', 'etl', 'data warehouse', 'linux', 'pandas', 'sql', 'python', 'git', 'data pipeline', 'spark', 'postgresql', 'apache spark', 'data pipelines']"
885,INFORMATION-TECHNOLOGY,2.1718121095117087,3.1025887278738695,0.0,"['mysql', 'aws', 'data warehousing', 'etl', 'data warehouse', 'linux', 'pandas', 'sql', 'python', 'git', 'data pipeline', 'spark', 'postgresql', 'apache spark', 'data pipelines']"
886,ACCOUNTANT,2.170863624251971,3.1012337489313877,0.0,"['mysql', 'aws', 'data warehousing', 'etl', 'data warehouse', 'linux', 'pandas', 'sql', 'python', 'git', 'data pipeline', 'spark', 'postgresql', 'apache spark', 'data pipelines']"
887,HR,2.1703738648721367,0.24339123553162398,6.666666666666667,"['mysql', 'data warehousing', 'etl', 'data warehouse', 'linux', 'pandas', 'sql', 'python', 'git', 'data pipeline', 'spark', 'postgresql', 'apache spark', 'data pipelines']"
888,DIGITAL-MEDIA,2.1700344364687707,0.24290633781252954,6.666666666666667,"['mysql', 'aws', 'data warehousing', 'etl', 'data warehouse', 'linux', 'pandas', 'sql', 'python', 'data pipeline', 'spark', 'postgresql', 'apache spark', 'data pipelines']"
889,APPAREL,2.169341676021051,3.09905953717293,0.0,"['mysql', 'aws', 'data warehousing', 'etl', 'data warehouse', 'linux', 'pandas', 'sql', 'python', 'git', 'data pipeline', 'spark', 'postgresql', 'apache spark', 'data pipelines']"
890,DIGITAL-MEDIA,2.165460185498607,0.23637169356943893,6.666666666666667,"['mysql', 'aws', 'data warehousing', 'etl', 'data warehouse', 'linux', 'pandas', 'sql', 'python', 'data pipeline', 'spark', 'postgresql', 'apache spark', 'data pipelines']"
891,FITNESS,2.1642703415607287,0.23467191651532665,6.666666666666667,"['mysql', 'data warehousing', 'etl', 'data warehouse', 'linux', 'pandas', 'sql', 'python', 'git', 'data pipeline', 'spark', 'postgresql', 'apache spark', 'data pipelines']"
892,BUSINESS-DEVELOPMENT,2.1599524546994924,0.22850350671356026,6.666666666666667,"['mysql', 'aws', 'data warehousing', 'etl', 'data warehouse', 'linux', 'pandas', 'sql', 'python', 'data pipeline', 'spark', 'postgresql', 'apache spark', 'data pipelines']"
893,BANKING,2.1591561548673424,0.22736593552477474,6.666666666666667,"['mysql', 'data warehousing', 'etl', 'data warehouse', 'linux', 'pandas', 'sql', 'python', 'git', 'data pipeline', 'spark', 'postgresql', 'apache spark', 'data pipelines']"
894,HEALTHCARE,2.1579922964180565,0.2257032805972236,6.666666666666667,"['mysql', 'data warehousing', 'etl', 'data warehouse', 'linux', 'pandas', 'sql', 'python', 'git', 'data pipeline', 'spark', 'postgresql', 'apache spark', 'data pipelines']"
895,BPO,2.1548659860106145,3.078379980015164,0.0,"['mysql', 'aws', 'data warehousing', 'etl', 'data warehouse', 'linux', 'pandas', 'sql', 'python', 'git', 'data pipeline', 'spark', 'postgresql', 'apache spark', 'data pipelines']"
896,HR,2.1539167866727036,0.21988112381814817,6.666666666666667,"['mysql', 'data warehousing', 'etl', 'data warehouse', 'linux', 'pandas', 'sql', 'python', 'git', 'data pipeline', 'spark', 'postgresql', 'apache spark', 'data pipelines']"
897,BANKING,2.153697928645088,0.2195684694929831,6.666666666666667,"['mysql', 'aws', 'data warehousing', 'etl', 'data warehouse', 'linux', 'pandas', 'sql', 'python', 'data pipeline', 'spark', 'postgresql', 'apache spark', 'data pipelines']"
898,HR,2.1528701732356756,0.2183859617652512,6.666666666666667,"['mysql', 'data warehousing', 'etl', 'data warehouse', 'linux', 'pandas', 'sql', 'python', 'git', 'data pipeline', 'spark', 'postgresql', 'apache spark', 'data pipelines']"
899,HEALTHCARE,2.1516530172950534,0.2166471675643623,6.666666666666667,"['mysql', 'data warehousing', 'etl', 'data warehouse', 'linux', 'pandas', 'sql', 'python', 'git', 'data pipeline', 'spark', 'postgresql', 'apache spark', 'data pipelines']"
900,HR,2.1474889532982897,0.2106985047118426,6.666666666666667,"['mysql', 'data warehousing', 'etl', 'data warehouse', 'linux', 'pandas', 'sql', 'python', 'git', 'data pipeline', 'spark', 'postgresql', 'apache spark', 'data pipelines']"
901,DIGITAL-MEDIA,2.1464321425659323,0.20918877509418873,6.666666666666667,"['mysql', 'aws', 'data warehousing', 'etl', 'data warehouse', 'linux', 'pandas', 'sql', 'python', 'data pipeline', 'spark', 'postgresql', 'apache spark', 'data pipelines']"
902,CONSULTANT,2.142810691009929,0.20401527287132742,6.666666666666667,"['mysql', 'aws', 'data warehousing', 'etl', 'data warehouse', 'linux', 'pandas', 'sql', 'python', 'data pipeline', 'spark', 'postgresql', 'apache spark', 'data pipelines']"
903,CONSTRUCTION,2.139778938797666,3.0568270554252375,0.0,"['mysql', 'aws', 'data warehousing', 'etl', 'data warehouse', 'linux', 'pandas', 'sql', 'python', 'git', 'data pipeline', 'spark', 'postgresql', 'apache spark', 'data pipelines']"
904,HR,2.139538163915065,0.19934023416437885,6.666666666666667,"['mysql', 'aws', 'data warehousing', 'etl', 'data warehouse', 'linux', 'pandas', 'sql', 'python', 'data pipeline', 'spark', 'postgresql', 'apache spark', 'data pipelines']"
905,AGRICULTURE,2.138178700894043,0.19739814413434748,6.666666666666667,"['mysql', 'data warehousing', 'etl', 'data warehouse', 'linux', 'pandas', 'sql', 'python', 'git', 'data pipeline', 'spark', 'postgresql', 'apache spark', 'data pipelines']"
906,BANKING,2.1349662357614645,0.19280890823066377,6.666666666666667,"['mysql', 'aws', 'data warehousing', 'etl', 'data warehouse', 'linux', 'pandas', 'sql', 'python', 'data pipeline', 'spark', 'postgresql', 'apache spark', 'data pipelines']"
907,DIGITAL-MEDIA,2.13413312202652,0.19161874575217133,6.666666666666667,"['mysql', 'aws', 'data warehousing', 'etl', 'data warehouse', 'linux', 'pandas', 'sql', 'python', 'data pipeline', 'spark', 'postgresql', 'apache spark', 'data pipelines']"
908,CHEF,2.1336862546795654,0.1909803638279509,6.666666666666667,"['mysql', 'data warehousing', 'etl', 'data warehouse', 'linux', 'pandas', 'sql', 'python', 'git', 'data pipeline', 'spark', 'postgresql', 'apache spark', 'data pipelines']"
909,FINANCE,2.132924503669299,3.0470350052418564,0.0,"['mysql', 'aws', 'data warehousing', 'etl', 'data warehouse', 'linux', 'pandas', 'sql', 'python', 'git', 'data pipeline', 'spark', 'postgresql', 'apache spark', 'data pipelines']"
910,ENGINEERING,2.1255248661175106,3.036464094453587,0.0,"['mysql', 'aws', 'data warehousing', 'etl', 'data warehouse', 'linux', 'pandas', 'sql', 'python', 'git', 'data pipeline', 'spark', 'postgresql', 'apache spark', 'data pipelines']"
911,DIGITAL-MEDIA,2.122801992846116,0.17543141835159415,6.666666666666667,"['mysql', 'aws', 'data warehousing', 'etl', 'data warehouse', 'linux', 'pandas', 'sql', 'python', 'data pipeline', 'spark', 'postgresql', 'apache spark', 'data pipelines']"
912,DESIGNER,2.1213437307097673,3.0304910438710966,0.0,"['mysql', 'aws', 'data warehousing', 'etl', 'data warehouse', 'linux', 'pandas', 'sql', 'python', 'git', 'data pipeline', 'spark', 'postgresql', 'apache spark', 'data pipelines']"
913,DESIGNER,2.1211158393521,0.1730226276458569,6.666666666666667,"['mysql', 'aws', 'data warehousing', 'etl', 'data warehouse', 'linux', 'pandas', 'sql', 'python', 'data pipeline', 'spark', 'postgresql', 'apache spark', 'data pipelines']"
914,ENGINEERING,2.1200503401853132,3.0286433431218764,0.0,"['mysql', 'aws', 'data warehousing', 'etl', 'data warehouse', 'linux', 'pandas', 'sql', 'python', 'git', 'data pipeline', 'spark', 'postgresql', 'apache spark', 'data pipelines']"
915,HR,2.1198192519186465,0.17117035988378101,6.666666666666667,"['mysql', 'data warehousing', 'etl', 'data warehouse', 'linux', 'pandas', 'sql', 'python', 'git', 'data pipeline', 'spark', 'postgresql', 'apache spark', 'data pipelines']"
916,CONSTRUCTION,2.11541283243091,0.1648754749013001,6.666666666666667,"['mysql', 'data warehousing', 'etl', 'data warehouse', 'linux', 'pandas', 'sql', 'python', 'git', 'data pipeline', 'spark', 'postgresql', 'apache spark', 'data pipelines']"
917,PUBLIC-RELATIONS,2.1149596097666694,0.16422801395238518,6.666666666666667,"['mysql', 'aws', 'data warehousing', 'etl', 'data warehouse', 'linux', 'pandas', 'sql', 'python', 'data pipeline', 'spark', 'postgresql', 'apache spark', 'data pipelines']"
918,HEALTHCARE,2.1107033045912997,3.0152904351304284,0.0,"['mysql', 'aws', 'data warehousing', 'etl', 'data warehouse', 'linux', 'pandas', 'sql', 'python', 'git', 'data pipeline', 'spark', 'postgresql', 'apache spark', 'data pipelines']"
919,CONSTRUCTION,2.1105646926653514,3.015092418093359,0.0,"['mysql', 'aws', 'data warehousing', 'etl', 'data warehouse', 'linux', 'pandas', 'sql', 'python', 'git', 'data pipeline', 'spark', 'postgresql', 'apache spark', 'data pipelines']"
920,APPAREL,2.1085324663929654,0.15504638056137912,6.666666666666667,"['mysql', 'aws', 'data warehousing', 'etl', 'data warehouse', 'linux', 'pandas', 'sql', 'python', 'data pipeline', 'spark', 'postgresql', 'apache spark', 'data pipelines']"
921,ARTS,2.1054425503940815,3.0077750719915453,0.0,"['mysql', 'aws', 'data warehousing', 'etl', 'data warehouse', 'linux', 'pandas', 'sql', 'python', 'git', 'data pipeline', 'spark', 'postgresql', 'apache spark', 'data pipelines']"
922,SALES,2.1028493800416643,0.1469276857738061,6.666666666666667,"['mysql', 'aws', 'data warehousing', 'etl', 'data warehouse', 'linux', 'pandas', 'sql', 'python', 'data pipeline', 'spark', 'postgresql', 'apache spark', 'data pipelines']"
923,HEALTHCARE,2.10282643016366,3.0040377573766572,0.0,"['mysql', 'aws', 'data warehousing', 'etl', 'data warehouse', 'linux', 'pandas', 'sql', 'python', 'git', 'data pipeline', 'spark', 'postgresql', 'apache spark', 'data pipelines']"
924,ADVOCATE,2.0986678598314237,2.99809694261632,0.0,"['mysql', 'aws', 'data warehousing', 'etl', 'data warehouse', 'linux', 'pandas', 'sql', 'python', 'git', 'data pipeline', 'spark', 'postgresql', 'apache spark', 'data pipelines']"
925,PUBLIC-RELATIONS,2.0934515405146454,0.1335022007352078,6.666666666666667,"['mysql', 'aws', 'data warehousing', 'etl', 'data warehouse', 'linux', 'pandas', 'sql', 'python', 'data pipeline', 'spark', 'postgresql', 'apache spark', 'data pipelines']"
926,CONSULTANT,2.0871918104020803,0.12455972914582938,6.666666666666667,"['mysql', 'data warehousing', 'etl', 'data warehouse', 'linux', 'pandas', 'sql', 'python', 'git', 'data pipeline', 'spark', 'postgresql', 'apache spark', 'data pipelines']"
927,PUBLIC-RELATIONS,2.0827210498027546,0.1181729282896497,6.666666666666667,"['mysql', 'aws', 'data warehousing', 'etl', 'data warehouse', 'linux', 'pandas', 'sql', 'python', 'data pipeline', 'spark', 'postgresql', 'apache spark', 'data pipelines']"
928,FINANCE,2.079619680642229,0.11374240091746968,6.666666666666667,"['mysql', 'aws', 'data warehousing', 'etl', 'data warehouse', 'linux', 'pandas', 'sql', 'python', 'data pipeline', 'spark', 'postgresql', 'apache spark', 'data pipelines']"
929,DESIGNER,2.078398726214443,0.11199818030634727,6.666666666666667,"['mysql', 'aws', 'data warehousing', 'etl', 'data warehouse', 'linux', 'pandas', 'sql', 'python', 'data pipeline', 'spark', 'postgresql', 'apache spark', 'data pipelines']"
930,HEALTHCARE,2.0783275819236406,2.9690394027480584,0.0,"['mysql', 'aws', 'data warehousing', 'etl', 'data warehouse', 'linux', 'pandas', 'sql', 'python', 'git', 'data pipeline', 'spark', 'postgresql', 'apache spark', 'data pipelines']"
931,CHEF,2.0783054013675053,2.969007716239293,0.0,"['mysql', 'aws', 'data warehousing', 'etl', 'data warehouse', 'linux', 'pandas', 'sql', 'python', 'git', 'data pipeline', 'spark', 'postgresql', 'apache spark', 'data pipelines']"
932,DIGITAL-MEDIA,2.0754956544836847,0.10785093497669268,6.666666666666667,"['mysql', 'aws', 'data warehousing', 'etl', 'data warehouse', 'linux', 'pandas', 'sql', 'python', 'data pipeline', 'spark', 'postgresql', 'apache spark', 'data pipelines']"
933,PUBLIC-RELATIONS,2.071460716259204,0.10208673751314859,6.666666666666667,"['mysql', 'aws', 'data warehousing', 'etl', 'data warehouse', 'linux', 'pandas', 'sql', 'python', 'data pipeline', 'spark', 'postgresql', 'apache spark', 'data pipelines']"
934,TEACHER,2.069741155576197,0.09963022225171012,6.666666666666667,"['mysql', 'aws', 'data warehousing', 'etl', 'data warehouse', 'linux', 'pandas', 'sql', 'python', 'git', 'data pipeline', 'postgresql', 'apache spark', 'data pipelines']"
935,ADVOCATE,2.0614129540942048,2.944875648706007,0.0,"['mysql', 'aws', 'data warehousing', 'etl', 'data warehouse', 'linux', 'pandas', 'sql', 'python', 'git', 'data pipeline', 'spark', 'postgresql', 'apache spark', 'data pipelines']"
936,CONSULTANT,2.058858963665556,0.08408423380793745,6.666666666666667,"['mysql', 'aws', 'data warehousing', 'etl', 'data warehouse', 'linux', 'pandas', 'sql', 'python', 'data pipeline', 'spark', 'postgresql', 'apache spark', 'data pipelines']"
937,DIGITAL-MEDIA,2.0577156255177984,0.08245089359685516,6.666666666666667,"['mysql', 'aws', 'data warehousing', 'etl', 'data warehouse', 'linux', 'pandas', 'sql', 'python', 'data pipeline', 'spark', 'postgresql', 'apache spark', 'data pipelines']"
938,SALES,2.0548141259472104,2.9354487513531575,0.0,"['mysql', 'aws', 'data warehousing', 'etl', 'data warehouse', 'linux', 'pandas', 'sql', 'python', 'git', 'data pipeline', 'spark', 'postgresql', 'apache spark', 'data pipelines']"
939,BUSINESS-DEVELOPMENT,2.0531391573563766,0.07591308193768076,6.666666666666667,"['mysql', 'aws', 'data warehousing', 'etl', 'data warehouse', 'linux', 'pandas', 'sql', 'python', 'data pipeline', 'spark', 'postgresql', 'apache spark', 'data pipelines']"
940,HR,2.0527135638991063,0.0753050912844375,6.666666666666667,"['mysql', 'aws', 'data warehousing', 'etl', 'data warehouse', 'linux', 'pandas', 'sql', 'python', 'data pipeline', 'spark', 'postgresql', 'apache spark', 'data pipelines']"
941,PUBLIC-RELATIONS,2.0521428843466474,0.07448983478092455,6.666666666666667,"['mysql', 'aws', 'data warehousing', 'etl', 'data warehouse', 'linux', 'pandas', 'sql', 'python', 'data pipeline', 'spark', 'postgresql', 'apache spark', 'data pipelines']"
942,ARTS,2.0491688012773532,0.0702411446819331,6.666666666666667,"['mysql', 'aws', 'data warehousing', 'etl', 'data warehouse', 'linux', 'pandas', 'sql', 'python', 'data pipeline', 'spark', 'postgresql', 'apache spark', 'data pipelines']"
943,AVIATION,2.0491570706088345,0.07022438658404931,6.666666666666667,"['mysql', 'aws', 'data warehousing', 'etl', 'data warehouse', 'linux', 'pandas', 'sql', 'python', 'data pipeline', 'spark', 'postgresql', 'apache spark', 'data pipelines']"
944,DIGITAL-MEDIA,2.0479276555297385,0.06846807932819801,6.666666666666667,"['mysql', 'aws', 'data warehousing', 'etl', 'data warehouse', 'linux', 'pandas', 'sql', 'python', 'data pipeline', 'spark', 'postgresql', 'apache spark', 'data pipelines']"
945,BANKING,2.0400322321567,0.05718890308100031,6.666666666666667,"['mysql', 'data warehousing', 'etl', 'data warehouse', 'linux', 'pandas', 'sql', 'python', 'git', 'data pipeline', 'spark', 'postgresql', 'apache spark', 'data pipelines']"
946,ADVOCATE,2.03946596017824,2.9135228002546287,0.0,"['mysql', 'aws', 'data warehousing', 'etl', 'data warehouse', 'linux', 'pandas', 'sql', 'python', 'git', 'data pipeline', 'spark', 'postgresql', 'apache spark', 'data pipelines']"
947,CONSTRUCTION,2.03876606848768,0.05538009783954265,6.666666666666667,"['mysql', 'data warehousing', 'etl', 'data warehouse', 'linux', 'pandas', 'sql', 'python', 'git', 'data pipeline', 'spark', 'postgresql', 'apache spark', 'data pipelines']"
948,BUSINESS-DEVELOPMENT,2.036452101621065,0.05207443088723557,6.666666666666667,"['mysql', 'aws', 'data warehousing', 'etl', 'data warehouse', 'linux', 'pandas', 'sql', 'python', 'data pipeline', 'spark', 'postgresql', 'apache spark', 'data pipelines']"
949,DIGITAL-MEDIA,2.0355614089706418,0.05080201281520274,6.666666666666667,"['mysql', 'aws', 'data warehousing', 'etl', 'data warehouse', 'linux', 'pandas', 'sql', 'python', 'data pipeline', 'spark', 'postgresql', 'apache spark', 'data pipelines']"
950,CHEF,2.0355194372620495,0.05074205323149962,6.666666666666667,"['mysql', 'data warehousing', 'etl', 'data warehouse', 'linux', 'pandas', 'sql', 'python', 'git', 'data pipeline', 'spark', 'postgresql', 'apache spark', 'data pipelines']"
951,AGRICULTURE,2.0320509284740433,2.902929897820062,0.0,"['mysql', 'aws', 'data warehousing', 'etl', 'data warehouse', 'linux', 'pandas', 'sql', 'python', 'git', 'data pipeline', 'spark', 'postgresql', 'apache spark', 'data pipelines']"
952,CHEF,2.0289567876349945,0.04136683947856374,6.666666666666667,"['mysql', 'data warehousing', 'etl', 'data warehouse', 'linux', 'pandas', 'sql', 'python', 'git', 'data pipeline', 'spark', 'postgresql', 'apache spark', 'data pipelines']"
953,ENGINEERING,2.028389157464339,2.8976987963776275,0.0,"['mysql', 'aws', 'data warehousing', 'etl', 'data warehouse', 'linux', 'pandas', 'sql', 'python', 'git', 'data pipeline', 'spark', 'postgresql', 'apache spark', 'data pipelines']"
954,PUBLIC-RELATIONS,2.023800085088611,0.03400012155515862,6.666666666666667,"['mysql', 'aws', 'data warehousing', 'etl', 'data warehouse', 'linux', 'pandas', 'sql', 'python', 'data pipeline', 'spark', 'postgresql', 'apache spark', 'data pipelines']"
955,DIGITAL-MEDIA,2.0229483355886213,0.03278333655517315,6.666666666666667,"['mysql', 'aws', 'data warehousing', 'etl', 'data warehouse', 'linux', 'pandas', 'sql', 'python', 'data pipeline', 'spark', 'postgresql', 'apache spark', 'data pipelines']"
956,INFORMATION-TECHNOLOGY,2.018976002651719,2.8842514323595987,0.0,"['mysql', 'aws', 'data warehousing', 'etl', 'data warehouse', 'linux', 'pandas', 'sql', 'python', 'git', 'data pipeline', 'spark', 'postgresql', 'apache spark', 'data pipelines']"
957,CONSULTANT,2.0154147316745137,0.022021045249305468,6.666666666666667,"['mysql', 'data warehousing', 'etl', 'data warehouse', 'linux', 'pandas', 'sql', 'python', 'git', 'data pipeline', 'spark', 'postgresql', 'apache spark', 'data pipelines']"
958,ENGINEERING,2.004662066286822,2.8638029518383172,0.0,"['mysql', 'aws', 'data warehousing', 'etl', 'data warehouse', 'linux', 'pandas', 'sql', 'python', 'git', 'data pipeline', 'spark', 'postgresql', 'apache spark', 'data pipelines']"
959,ENGINEERING,2.001093894700188,2.858705563857412,0.0,"['mysql', 'aws', 'data warehousing', 'etl', 'data warehouse', 'linux', 'pandas', 'sql', 'python', 'git', 'data pipeline', 'spark', 'postgresql', 'apache spark', 'data pipelines']"
960,INFORMATION-TECHNOLOGY,1.9989005495442052,2.855572213634579,0.0,"['mysql', 'aws', 'data warehousing', 'etl', 'data warehouse', 'linux', 'pandas', 'sql', 'python', 'git', 'data pipeline', 'spark', 'postgresql', 'apache spark', 'data pipelines']"
961,CONSTRUCTION,1.9906305377243316,2.8437579110347597,0.0,"['mysql', 'aws', 'data warehousing', 'etl', 'data warehouse', 'linux', 'pandas', 'sql', 'python', 'git', 'data pipeline', 'spark', 'postgresql', 'apache spark', 'data pipelines']"
962,INFORMATION-TECHNOLOGY,1.9828341965359102,2.8326202807655863,0.0,"['mysql', 'aws', 'data warehousing', 'etl', 'data warehouse', 'linux', 'pandas', 'sql', 'python', 'git', 'data pipeline', 'spark', 'postgresql', 'apache spark', 'data pipelines']"
963,AVIATION,1.9679400887327014,2.8113429839038595,0.0,"['mysql', 'aws', 'data warehousing', 'etl', 'data warehouse', 'linux', 'pandas', 'sql', 'python', 'git', 'data pipeline', 'spark', 'postgresql', 'apache spark', 'data pipelines']"
964,APPAREL,1.9638585979734002,2.8055122828191434,0.0,"['mysql', 'aws', 'data warehousing', 'etl', 'data warehouse', 'linux', 'pandas', 'sql', 'python', 'git', 'data pipeline', 'spark', 'postgresql', 'apache spark', 'data pipelines']"
965,BUSINESS-DEVELOPMENT,1.9627380668596088,2.8039115240851555,0.0,"['mysql', 'aws', 'data warehousing', 'etl', 'data warehouse', 'linux', 'pandas', 'sql', 'python', 'git', 'data pipeline', 'spark', 'postgresql', 'apache spark', 'data pipelines']"
966,BANKING,1.9620461167245626,2.8029230238922325,0.0,"['mysql', 'aws', 'data warehousing', 'etl', 'data warehouse', 'linux', 'pandas', 'sql', 'python', 'git', 'data pipeline', 'spark', 'postgresql', 'apache spark', 'data pipelines']"
967,AUTOMOBILE,1.96079109202327,2.8011301314618144,0.0,"['mysql', 'aws', 'data warehousing', 'etl', 'data warehouse', 'linux', 'pandas', 'sql', 'python', 'git', 'data pipeline', 'spark', 'postgresql', 'apache spark', 'data pipelines']"
968,CHEF,1.956278607565207,2.794683725093153,0.0,"['mysql', 'aws', 'data warehousing', 'etl', 'data warehouse', 'linux', 'pandas', 'sql', 'python', 'git', 'data pipeline', 'spark', 'postgresql', 'apache spark', 'data pipelines']"
969,ACCOUNTANT,1.9439390704417774,2.777055814916825,0.0,"['mysql', 'aws', 'data warehousing', 'etl', 'data warehouse', 'linux', 'pandas', 'sql', 'python', 'git', 'data pipeline', 'spark', 'postgresql', 'apache spark', 'data pipelines']"
970,ADVOCATE,1.929105605715196,2.755865151021709,0.0,"['mysql', 'aws', 'data warehousing', 'etl', 'data warehouse', 'linux', 'pandas', 'sql', 'python', 'git', 'data pipeline', 'spark', 'postgresql', 'apache spark', 'data pipelines']"
971,FINANCE,1.9257080494996386,2.751011499285198,0.0,"['mysql', 'aws', 'data warehousing', 'etl', 'data warehouse', 'linux', 'pandas', 'sql', 'python', 'git', 'data pipeline', 'spark', 'postgresql', 'apache spark', 'data pipelines']"
972,SALES,1.9212739820789875,2.7446771172556965,0.0,"['mysql', 'aws', 'data warehousing', 'etl', 'data warehouse', 'linux', 'pandas', 'sql', 'python', 'git', 'data pipeline', 'spark', 'postgresql', 'apache spark', 'data pipelines']"
973,ENGINEERING,1.9103873443634218,2.7291247776620313,0.0,"['mysql', 'aws', 'data warehousing', 'etl', 'data warehouse', 'linux', 'pandas', 'sql', 'python', 'git', 'data pipeline', 'spark', 'postgresql', 'apache spark', 'data pipelines']"
974,SALES,1.9080338590175452,2.7257626557393504,0.0,"['mysql', 'aws', 'data warehousing', 'etl', 'data warehouse', 'linux', 'pandas', 'sql', 'python', 'git', 'data pipeline', 'spark', 'postgresql', 'apache spark', 'data pipelines']"
975,TEACHER,1.9058723659591,2.722674808513,0.0,"['mysql', 'aws', 'data warehousing', 'etl', 'data warehouse', 'linux', 'pandas', 'sql', 'python', 'git', 'data pipeline', 'spark', 'postgresql', 'apache spark', 'data pipelines']"
976,BUSINESS-DEVELOPMENT,1.900424579835848,2.7148922569083545,0.0,"['mysql', 'aws', 'data warehousing', 'etl', 'data warehouse', 'linux', 'pandas', 'sql', 'python', 'git', 'data pipeline', 'spark', 'postgresql', 'apache spark', 'data pipelines']"
977,CHEF,1.8935142474552067,2.705020353507438,0.0,"['mysql', 'aws', 'data warehousing', 'etl', 'data warehouse', 'linux', 'pandas', 'sql', 'python', 'git', 'data pipeline', 'spark', 'postgresql', 'apache spark', 'data pipelines']"
978,CONSULTANT,1.8871293717994424,2.6958991025706323,0.0,"['mysql', 'aws', 'data warehousing', 'etl', 'data warehouse', 'linux', 'pandas', 'sql', 'python', 'git', 'data pipeline', 'spark', 'postgresql', 'apache spark', 'data pipelines']"
979,FINANCE,1.8847856333002049,2.6925509047145786,0.0,"['mysql', 'aws', 'data warehousing', 'etl', 'data warehouse', 'linux', 'pandas', 'sql', 'python', 'git', 'data pipeline', 'spark', 'postgresql', 'apache spark', 'data pipelines']"
980,FINANCE,1.8839069332303073,2.691295618900439,0.0,"['mysql', 'aws', 'data warehousing', 'etl', 'data warehouse', 'linux', 'pandas', 'sql', 'python', 'git', 'data pipeline', 'spark', 'postgresql', 'apache spark', 'data pipelines']"
981,APPAREL,1.8798248434899896,2.6854640621285566,0.0,"['mysql', 'aws', 'data warehousing', 'etl', 'data warehouse', 'linux', 'pandas', 'sql', 'python', 'git', 'data pipeline', 'spark', 'postgresql', 'apache spark', 'data pipelines']"
982,CONSULTANT,1.8794177821761753,2.684882545965965,0.0,"['mysql', 'aws', 'data warehousing', 'etl', 'data warehouse', 'linux', 'pandas', 'sql', 'python', 'git', 'data pipeline', 'spark', 'postgresql', 'apache spark', 'data pipelines']"
983,BANKING,1.8773957060073625,2.6819938657248037,0.0,"['mysql', 'aws', 'data warehousing', 'etl', 'data warehouse', 'linux', 'pandas', 'sql', 'python', 'git', 'data pipeline', 'spark', 'postgresql', 'apache spark', 'data pipelines']"
984,ENGINEERING,1.8626350829547191,2.6609072613638847,0.0,"['mysql', 'aws', 'data warehousing', 'etl', 'data warehouse', 'linux', 'pandas', 'sql', 'python', 'git', 'data pipeline', 'spark', 'postgresql', 'apache spark', 'data pipelines']"
985,FITNESS,1.8553203319891636,2.6504576171273766,0.0,"['mysql', 'aws', 'data warehousing', 'etl', 'data warehouse', 'linux', 'pandas', 'sql', 'python', 'git', 'data pipeline', 'spark', 'postgresql', 'apache spark', 'data pipelines']"
986,FITNESS,1.854517169500806,2.6493102421440087,0.0,"['mysql', 'aws', 'data warehousing', 'etl', 'data warehouse', 'linux', 'pandas', 'sql', 'python', 'git', 'data pipeline', 'spark', 'postgresql', 'apache spark', 'data pipelines']"
987,ARTS,1.8500796617885205,2.642970945412172,0.0,"['mysql', 'aws', 'data warehousing', 'etl', 'data warehouse', 'linux', 'pandas', 'sql', 'python', 'git', 'data pipeline', 'spark', 'postgresql', 'apache spark', 'data pipelines']"
988,BANKING,1.8473229631248198,2.6390328044640285,0.0,"['mysql', 'aws', 'data warehousing', 'etl', 'data warehouse', 'linux', 'pandas', 'sql', 'python', 'git', 'data pipeline', 'spark', 'postgresql', 'apache spark', 'data pipelines']"
989,ARTS,1.844877452517789,2.6355392178825556,0.0,"['mysql', 'aws', 'data warehousing', 'etl', 'data warehouse', 'linux', 'pandas', 'sql', 'python', 'git', 'data pipeline', 'spark', 'postgresql', 'apache spark', 'data pipelines']"
990,CHEF,1.8393565635070799,2.627652233581543,0.0,"['mysql', 'aws', 'data warehousing', 'etl', 'data warehouse', 'linux', 'pandas', 'sql', 'python', 'git', 'data pipeline', 'spark', 'postgresql', 'apache spark', 'data pipelines']"
991,ACCOUNTANT,1.8335043401486897,2.6192919144981284,0.0,"['mysql', 'aws', 'data warehousing', 'etl', 'data warehouse', 'linux', 'pandas', 'sql', 'python', 'git', 'data pipeline', 'spark', 'postgresql', 'apache spark', 'data pipelines']"
992,CONSTRUCTION,1.8321273092606352,2.6173247275151934,0.0,"['mysql', 'aws', 'data warehousing', 'etl', 'data warehouse', 'linux', 'pandas', 'sql', 'python', 'git', 'data pipeline', 'spark', 'postgresql', 'apache spark', 'data pipelines']"
993,HEALTHCARE,1.828414373057411,2.612020532939159,0.0,"['mysql', 'aws', 'data warehousing', 'etl', 'data warehouse', 'linux', 'pandas', 'sql', 'python', 'git', 'data pipeline', 'spark', 'postgresql', 'apache spark', 'data pipelines']"
994,ADVOCATE,1.8272296821572402,2.6103281173674864,0.0,"['mysql', 'aws', 'data warehousing', 'etl', 'data warehouse', 'linux', 'pandas', 'sql', 'python', 'git', 'data pipeline', 'spark', 'postgresql', 'apache spark', 'data pipelines']"
995,PUBLIC-RELATIONS,1.8264434480088698,2.609204925726957,0.0,"['mysql', 'aws', 'data warehousing', 'etl', 'data warehouse', 'linux', 'pandas', 'sql', 'python', 'git', 'data pipeline', 'spark', 'postgresql', 'apache spark', 'data pipelines']"
996,ACCOUNTANT,1.8117429816599993,2.588204259514285,0.0,"['mysql', 'aws', 'data warehousing', 'etl', 'data warehouse', 'linux', 'pandas', 'sql', 'python', 'git', 'data pipeline', 'spark', 'postgresql', 'apache spark', 'data pipelines']"
997,ENGINEERING,1.810232346006856,2.586046208581223,0.0,"['mysql', 'aws', 'data warehousing', 'etl', 'data warehouse', 'linux', 'pandas', 'sql', 'python', 'git', 'data pipeline', 'spark', 'postgresql', 'apache spark', 'data pipelines']"
998,ADVOCATE,1.805283701665746,2.5789767166653514,0.0,"['mysql', 'aws', 'data warehousing', 'etl', 'data warehouse', 'linux', 'pandas', 'sql', 'python', 'git', 'data pipeline', 'spark', 'postgresql', 'apache spark', 'data pipelines']"
999,CONSTRUCTION,1.7892919866458767,2.55613140949411,0.0,"['mysql', 'aws', 'data warehousing', 'etl', 'data warehouse', 'linux', 'pandas', 'sql', 'python', 'git', 'data pipeline', 'spark', 'postgresql', 'apache spark', 'data pipelines']"
1000,BANKING,1.789277657708407,2.556110939583439,0.0,"['mysql', 'aws', 'data warehousing', 'etl', 'data warehouse', 'linux', 'pandas', 'sql', 'python', 'git', 'data pipeline', 'spark', 'postgresql', 'apache spark', 'data pipelines']"
1001,ADVOCATE,1.7887713078732352,2.5553875826760506,0.0,"['mysql', 'aws', 'data warehousing', 'etl', 'data warehouse', 'linux', 'pandas', 'sql', 'python', 'git', 'data pipeline', 'spark', 'postgresql', 'apache spark', 'data pipelines']"
1002,ARTS,1.7864225152493434,2.5520321646419193,0.0,"['mysql', 'aws', 'data warehousing', 'etl', 'data warehouse', 'linux', 'pandas', 'sql', 'python', 'git', 'data pipeline', 'spark', 'postgresql', 'apache spark', 'data pipelines']"
1003,BANKING,1.784810222113238,2.5497288887331973,0.0,"['mysql', 'aws', 'data warehousing', 'etl', 'data warehouse', 'linux', 'pandas', 'sql', 'python', 'git', 'data pipeline', 'spark', 'postgresql', 'apache spark', 'data pipelines']"
1004,CONSTRUCTION,1.7818855376965068,2.545550768137867,0.0,"['mysql', 'aws', 'data warehousing', 'etl', 'data warehouse', 'linux', 'pandas', 'sql', 'python', 'git', 'data pipeline', 'spark', 'postgresql', 'apache spark', 'data pipelines']"
1005,ENGINEERING,1.7775299938993383,2.5393285627133406,0.0,"['mysql', 'aws', 'data warehousing', 'etl', 'data warehouse', 'linux', 'pandas', 'sql', 'python', 'git', 'data pipeline', 'spark', 'postgresql', 'apache spark', 'data pipelines']"
1006,SALES,1.7775040682350844,2.5392915260501208,0.0,"['mysql', 'aws', 'data warehousing', 'etl', 'data warehouse', 'linux', 'pandas', 'sql', 'python', 'git', 'data pipeline', 'spark', 'postgresql', 'apache spark', 'data pipelines']"
1007,ENGINEERING,1.7732763461947036,2.5332519231352912,0.0,"['mysql', 'aws', 'data warehousing', 'etl', 'data warehouse', 'linux', 'pandas', 'sql', 'python', 'git', 'data pipeline', 'spark', 'postgresql', 'apache spark', 'data pipelines']"
1008,AGRICULTURE,1.770820917404467,2.529744167720667,0.0,"['mysql', 'aws', 'data warehousing', 'etl', 'data warehouse', 'linux', 'pandas', 'sql', 'python', 'git', 'data pipeline', 'spark', 'postgresql', 'apache spark', 'data pipelines']"
1009,ENGINEERING,1.7642414393559893,2.520344913365699,0.0,"['mysql', 'aws', 'data warehousing', 'etl', 'data warehouse', 'linux', 'pandas', 'sql', 'python', 'git', 'data pipeline', 'spark', 'postgresql', 'apache spark', 'data pipelines']"
1010,FINANCE,1.761556132333077,2.5165087604758245,0.0,"['mysql', 'aws', 'data warehousing', 'etl', 'data warehouse', 'linux', 'pandas', 'sql', 'python', 'git', 'data pipeline', 'spark', 'postgresql', 'apache spark', 'data pipelines']"
1011,HR,1.7609576562042608,2.5156537945775157,0.0,"['mysql', 'aws', 'data warehousing', 'etl', 'data warehouse', 'linux', 'pandas', 'sql', 'python', 'git', 'data pipeline', 'spark', 'postgresql', 'apache spark', 'data pipelines']"
1012,BUSINESS-DEVELOPMENT,1.7607107711853134,2.515301101693305,0.0,"['mysql', 'aws', 'data warehousing', 'etl', 'data warehouse', 'linux', 'pandas', 'sql', 'python', 'git', 'data pipeline', 'spark', 'postgresql', 'apache spark', 'data pipelines']"
1013,AVIATION,1.7592908045433415,2.5132725779190594,0.0,"['mysql', 'aws', 'data warehousing', 'etl', 'data warehouse', 'linux', 'pandas', 'sql', 'python', 'git', 'data pipeline', 'spark', 'postgresql', 'apache spark', 'data pipelines']"
1014,TEACHER,1.755989482036153,2.5085564029087903,0.0,"['mysql', 'aws', 'data warehousing', 'etl', 'data warehouse', 'linux', 'pandas', 'sql', 'python', 'git', 'data pipeline', 'spark', 'postgresql', 'apache spark', 'data pipelines']"
1015,INFORMATION-TECHNOLOGY,1.7541592343971142,2.505941763424449,0.0,"['mysql', 'aws', 'data warehousing', 'etl', 'data warehouse', 'linux', 'pandas', 'sql', 'python', 'git', 'data pipeline', 'spark', 'postgresql', 'apache spark', 'data pipelines']"
1016,CONSTRUCTION,1.7444548292680155,2.4920783275257365,0.0,"['mysql', 'aws', 'data warehousing', 'etl', 'data warehouse', 'linux', 'pandas', 'sql', 'python', 'git', 'data pipeline', 'spark', 'postgresql', 'apache spark', 'data pipelines']"
1017,DIGITAL-MEDIA,1.7414803155857255,2.487829022265322,0.0,"['mysql', 'aws', 'data warehousing', 'etl', 'data warehouse', 'linux', 'pandas', 'sql', 'python', 'git', 'data pipeline', 'spark', 'postgresql', 'apache spark', 'data pipelines']"
1018,PUBLIC-RELATIONS,1.740664448559855,2.4866634979426503,0.0,"['mysql', 'aws', 'data warehousing', 'etl', 'data warehouse', 'linux', 'pandas', 'sql', 'python', 'git', 'data pipeline', 'spark', 'postgresql', 'apache spark', 'data pipelines']"
1019,APPAREL,1.7402218753844174,2.4860312505491677,0.0,"['mysql', 'aws', 'data warehousing', 'etl', 'data warehouse', 'linux', 'pandas', 'sql', 'python', 'git', 'data pipeline', 'spark', 'postgresql', 'apache spark', 'data pipelines']"
1020,CONSTRUCTION,1.7398077219312431,2.4854396027589187,0.0,"['mysql', 'aws', 'data warehousing', 'etl', 'data warehouse', 'linux', 'pandas', 'sql', 'python', 'git', 'data pipeline', 'spark', 'postgresql', 'apache spark', 'data pipelines']"
1021,HEALTHCARE,1.7376634825837571,2.482376403691082,0.0,"['mysql', 'aws', 'data warehousing', 'etl', 'data warehouse', 'linux', 'pandas', 'sql', 'python', 'git', 'data pipeline', 'spark', 'postgresql', 'apache spark', 'data pipelines']"
1022,BUSINESS-DEVELOPMENT,1.7364238999259975,2.4806055713228536,0.0,"['mysql', 'aws', 'data warehousing', 'etl', 'data warehouse', 'linux', 'pandas', 'sql', 'python', 'git', 'data pipeline', 'spark', 'postgresql', 'apache spark', 'data pipelines']"
1023,DESIGNER,1.7329412030053355,2.475630290007622,0.0,"['mysql', 'aws', 'data warehousing', 'etl', 'data warehouse', 'linux', 'pandas', 'sql', 'python', 'git', 'data pipeline', 'spark', 'postgresql', 'apache spark', 'data pipelines']"
1024,ARTS,1.7238017396671124,2.4625739138101608,0.0,"['mysql', 'aws', 'data warehousing', 'etl', 'data warehouse', 'linux', 'pandas', 'sql', 'python', 'git', 'data pipeline', 'spark', 'postgresql', 'apache spark', 'data pipelines']"
1025,FINANCE,1.723012392087681,2.461446274410973,0.0,"['mysql', 'aws', 'data warehousing', 'etl', 'data warehouse', 'linux', 'pandas', 'sql', 'python', 'git', 'data pipeline', 'spark', 'postgresql', 'apache spark', 'data pipelines']"
1026,APPAREL,1.7183036940323708,2.454719562903387,0.0,"['mysql', 'aws', 'data warehousing', 'etl', 'data warehouse', 'linux', 'pandas', 'sql', 'python', 'git', 'data pipeline', 'spark', 'postgresql', 'apache spark', 'data pipelines']"
1027,AGRICULTURE,1.7160727832182723,2.4515325474546747,0.0,"['mysql', 'aws', 'data warehousing', 'etl', 'data warehouse', 'linux', 'pandas', 'sql', 'python', 'git', 'data pipeline', 'spark', 'postgresql', 'apache spark', 'data pipelines']"
1028,ADVOCATE,1.7159990197448265,2.451427171064038,0.0,"['mysql', 'aws', 'data warehousing', 'etl', 'data warehouse', 'linux', 'pandas', 'sql', 'python', 'git', 'data pipeline', 'spark', 'postgresql', 'apache spark', 'data pipelines']"
1029,CONSULTANT,1.708235275329215,2.4403361076131644,0.0,"['mysql', 'aws', 'data warehousing', 'etl', 'data warehouse', 'linux', 'pandas', 'sql', 'python', 'git', 'data pipeline', 'spark', 'postgresql', 'apache spark', 'data pipelines']"
1030,FINANCE,1.7058064524737933,2.4368663606768477,0.0,"['mysql', 'aws', 'data warehousing', 'etl', 'data warehouse', 'linux', 'pandas', 'sql', 'python', 'git', 'data pipeline', 'spark', 'postgresql', 'apache spark', 'data pipelines']"
1031,CHEF,1.7018207761259783,2.4311725373228263,0.0,"['mysql', 'aws', 'data warehousing', 'etl', 'data warehouse', 'linux', 'pandas', 'sql', 'python', 'git', 'data pipeline', 'spark', 'postgresql', 'apache spark', 'data pipelines']"
1032,AVIATION,1.6946710931534377,2.420958704504911,0.0,"['mysql', 'aws', 'data warehousing', 'etl', 'data warehouse', 'linux', 'pandas', 'sql', 'python', 'git', 'data pipeline', 'spark', 'postgresql', 'apache spark', 'data pipelines']"
1033,BANKING,1.6939580254323083,2.419940036331869,0.0,"['mysql', 'aws', 'data warehousing', 'etl', 'data warehouse', 'linux', 'pandas', 'sql', 'python', 'git', 'data pipeline', 'spark', 'postgresql', 'apache spark', 'data pipelines']"
1034,HR,1.6872210806272658,2.410315829467523,0.0,"['mysql', 'aws', 'data warehousing', 'etl', 'data warehouse', 'linux', 'pandas', 'sql', 'python', 'git', 'data pipeline', 'spark', 'postgresql', 'apache spark', 'data pipelines']"
1035,AVIATION,1.679664994095456,2.3995214201363657,0.0,"['mysql', 'aws', 'data warehousing', 'etl', 'data warehouse', 'linux', 'pandas', 'sql', 'python', 'git', 'data pipeline', 'spark', 'postgresql', 'apache spark', 'data pipelines']"
1036,BPO,1.6780326617179608,2.397189516739944,0.0,"['mysql', 'aws', 'data warehousing', 'etl', 'data warehouse', 'linux', 'pandas', 'sql', 'python', 'git', 'data pipeline', 'spark', 'postgresql', 'apache spark', 'data pipelines']"
1037,CONSULTANT,1.676183999553002,2.3945485707900027,0.0,"['mysql', 'aws', 'data warehousing', 'etl', 'data warehouse', 'linux', 'pandas', 'sql', 'python', 'git', 'data pipeline', 'spark', 'postgresql', 'apache spark', 'data pipelines']"
1038,ADVOCATE,1.674254386128025,2.391791980182893,0.0,"['mysql', 'aws', 'data warehousing', 'etl', 'data warehouse', 'linux', 'pandas', 'sql', 'python', 'git', 'data pipeline', 'spark', 'postgresql', 'apache spark', 'data pipelines']"
1039,FINANCE,1.673384206463322,2.3905488663761743,0.0,"['mysql', 'aws', 'data warehousing', 'etl', 'data warehouse', 'linux', 'pandas', 'sql', 'python', 'git', 'data pipeline', 'spark', 'postgresql', 'apache spark', 'data pipelines']"
1040,AVIATION,1.6677339353410967,2.382477050487281,0.0,"['mysql', 'aws', 'data warehousing', 'etl', 'data warehouse', 'linux', 'pandas', 'sql', 'python', 'git', 'data pipeline', 'spark', 'postgresql', 'apache spark', 'data pipelines']"
1041,HR,1.665075781273042,2.3786796875329173,0.0,"['mysql', 'aws', 'data warehousing', 'etl', 'data warehouse', 'linux', 'pandas', 'sql', 'python', 'git', 'data pipeline', 'spark', 'postgresql', 'apache spark', 'data pipelines']"
1042,FINANCE,1.6636389052744078,2.3766270075348683,0.0,"['mysql', 'aws', 'data warehousing', 'etl', 'data warehouse', 'linux', 'pandas', 'sql', 'python', 'git', 'data pipeline', 'spark', 'postgresql', 'apache spark', 'data pipelines']"
1043,ENGINEERING,1.6635704289286588,2.3765291841837985,0.0,"['mysql', 'aws', 'data warehousing', 'etl', 'data warehouse', 'linux', 'pandas', 'sql', 'python', 'git', 'data pipeline', 'spark', 'postgresql', 'apache spark', 'data pipelines']"
1044,HR,1.6635396921671364,2.3764852745244807,0.0,"['mysql', 'aws', 'data warehousing', 'etl', 'data warehouse', 'linux', 'pandas', 'sql', 'python', 'git', 'data pipeline', 'spark', 'postgresql', 'apache spark', 'data pipelines']"
1045,AVIATION,1.6592504061525666,2.370357723075095,0.0,"['mysql', 'aws', 'data warehousing', 'etl', 'data warehouse', 'linux', 'pandas', 'sql', 'python', 'git', 'data pipeline', 'spark', 'postgresql', 'apache spark', 'data pipelines']"
1046,BUSINESS-DEVELOPMENT,1.6589588652583205,2.369941236083315,0.0,"['mysql', 'aws', 'data warehousing', 'etl', 'data warehouse', 'linux', 'pandas', 'sql', 'python', 'git', 'data pipeline', 'spark', 'postgresql', 'apache spark', 'data pipelines']"
1047,CHEF,1.6516630039924425,2.359518577132061,0.0,"['mysql', 'aws', 'data warehousing', 'etl', 'data warehouse', 'linux', 'pandas', 'sql', 'python', 'git', 'data pipeline', 'spark', 'postgresql', 'apache spark', 'data pipelines']"
1048,BUSINESS-DEVELOPMENT,1.647176323190749,2.3531090331296416,0.0,"['mysql', 'aws', 'data warehousing', 'etl', 'data warehouse', 'linux', 'pandas', 'sql', 'python', 'git', 'data pipeline', 'spark', 'postgresql', 'apache spark', 'data pipelines']"
1049,AGRICULTURE,1.6440235451213774,2.3486050644591105,0.0,"['mysql', 'aws', 'data warehousing', 'etl', 'data warehouse', 'linux', 'pandas', 'sql', 'python', 'git', 'data pipeline', 'spark', 'postgresql', 'apache spark', 'data pipelines']"
1050,ACCOUNTANT,1.6396561877096636,2.342365982442377,0.0,"['mysql', 'aws', 'data warehousing', 'etl', 'data warehouse', 'linux', 'pandas', 'sql', 'python', 'git', 'data pipeline', 'spark', 'postgresql', 'apache spark', 'data pipelines']"
1051,APPAREL,1.6380345946299155,2.3400494208998794,0.0,"['mysql', 'aws', 'data warehousing', 'etl', 'data warehouse', 'linux', 'pandas', 'sql', 'python', 'git', 'data pipeline', 'spark', 'postgresql', 'apache spark', 'data pipelines']"
1052,AVIATION,1.6353496750226224,2.3362138214608894,0.0,"['mysql', 'aws', 'data warehousing', 'etl', 'data warehouse', 'linux', 'pandas', 'sql', 'python', 'git', 'data pipeline', 'spark', 'postgresql', 'apache spark', 'data pipelines']"
1053,HEALTHCARE,1.6347580424197976,2.3353686320282825,0.0,"['mysql', 'aws', 'data warehousing', 'etl', 'data warehouse', 'linux', 'pandas', 'sql', 'python', 'git', 'data pipeline', 'spark', 'postgresql', 'apache spark', 'data pipelines']"
1054,FITNESS,1.6313419005317449,2.3304884293310644,0.0,"['mysql', 'aws', 'data warehousing', 'etl', 'data warehouse', 'linux', 'pandas', 'sql', 'python', 'git', 'data pipeline', 'spark', 'postgresql', 'apache spark', 'data pipelines']"
1055,ARTS,1.6298811289991537,2.328401612855934,0.0,"['mysql', 'aws', 'data warehousing', 'etl', 'data warehouse', 'linux', 'pandas', 'sql', 'python', 'git', 'data pipeline', 'spark', 'postgresql', 'apache spark', 'data pipelines']"
1056,ARTS,1.6285110820700626,2.3264444029572324,0.0,"['mysql', 'aws', 'data warehousing', 'etl', 'data warehouse', 'linux', 'pandas', 'sql', 'python', 'git', 'data pipeline', 'spark', 'postgresql', 'apache spark', 'data pipelines']"
1057,CONSTRUCTION,1.6262462152966721,2.323208878995246,0.0,"['mysql', 'aws', 'data warehousing', 'etl', 'data warehouse', 'linux', 'pandas', 'sql', 'python', 'git', 'data pipeline', 'spark', 'postgresql', 'apache spark', 'data pipelines']"
1058,CONSTRUCTION,1.6261585493324708,2.32308364190353,0.0,"['mysql', 'aws', 'data warehousing', 'etl', 'data warehouse', 'linux', 'pandas', 'sql', 'python', 'git', 'data pipeline', 'spark', 'postgresql', 'apache spark', 'data pipelines']"
1059,APPAREL,1.625584664956711,2.3222638070810158,0.0,"['mysql', 'aws', 'data warehousing', 'etl', 'data warehouse', 'linux', 'pandas', 'sql', 'python', 'git', 'data pipeline', 'spark', 'postgresql', 'apache spark', 'data pipelines']"
1060,CONSTRUCTION,1.6224152798677542,2.317736114096792,0.0,"['mysql', 'aws', 'data warehousing', 'etl', 'data warehouse', 'linux', 'pandas', 'sql', 'python', 'git', 'data pipeline', 'spark', 'postgresql', 'apache spark', 'data pipelines']"
1061,SALES,1.6178860794255527,2.31126582775079,0.0,"['mysql', 'aws', 'data warehousing', 'etl', 'data warehouse', 'linux', 'pandas', 'sql', 'python', 'git', 'data pipeline', 'spark', 'postgresql', 'apache spark', 'data pipelines']"
1062,ARTS,1.6162953103788384,2.308993300541198,0.0,"['mysql', 'aws', 'data warehousing', 'etl', 'data warehouse', 'linux', 'pandas', 'sql', 'python', 'git', 'data pipeline', 'spark', 'postgresql', 'apache spark', 'data pipelines']"
1063,BUSINESS-DEVELOPMENT,1.6161827606932104,2.308832515276015,0.0,"['mysql', 'aws', 'data warehousing', 'etl', 'data warehouse', 'linux', 'pandas', 'sql', 'python', 'git', 'data pipeline', 'spark', 'postgresql', 'apache spark', 'data pipelines']"
1064,INFORMATION-TECHNOLOGY,1.6150651849430118,2.307235978490017,0.0,"['mysql', 'aws', 'data warehousing', 'etl', 'data warehouse', 'linux', 'pandas', 'sql', 'python', 'git', 'data pipeline', 'spark', 'postgresql', 'apache spark', 'data pipelines']"
1065,ACCOUNTANT,1.6149590044835205,2.307084292119315,0.0,"['mysql', 'aws', 'data warehousing', 'etl', 'data warehouse', 'linux', 'pandas', 'sql', 'python', 'git', 'data pipeline', 'spark', 'postgresql', 'apache spark', 'data pipelines']"
1066,SALES,1.6043357768392053,2.291908252627436,0.0,"['mysql', 'aws', 'data warehousing', 'etl', 'data warehouse', 'linux', 'pandas', 'sql', 'python', 'git', 'data pipeline', 'spark', 'postgresql', 'apache spark', 'data pipelines']"
1067,ARTS,1.6042835148007106,2.291833592572444,0.0,"['mysql', 'aws', 'data warehousing', 'etl', 'data warehouse', 'linux', 'pandas', 'sql', 'python', 'git', 'data pipeline', 'spark', 'postgresql', 'apache spark', 'data pipelines']"
1068,ACCOUNTANT,1.5944289628039139,2.2777556611484484,0.0,"['mysql', 'aws', 'data warehousing', 'etl', 'data warehouse', 'linux', 'pandas', 'sql', 'python', 'git', 'data pipeline', 'spark', 'postgresql', 'apache spark', 'data pipelines']"
1069,HEALTHCARE,1.5882489330040257,2.2689270471486083,0.0,"['mysql', 'aws', 'data warehousing', 'etl', 'data warehouse', 'linux', 'pandas', 'sql', 'python', 'git', 'data pipeline', 'spark', 'postgresql', 'apache spark', 'data pipelines']"
1070,DESIGNER,1.5751502616581918,2.2502146595117027,0.0,"['mysql', 'aws', 'data warehousing', 'etl', 'data warehouse', 'linux', 'pandas', 'sql', 'python', 'git', 'data pipeline', 'spark', 'postgresql', 'apache spark', 'data pipelines']"
1071,BUSINESS-DEVELOPMENT,1.5732607805590408,2.2475154007986298,0.0,"['mysql', 'aws', 'data warehousing', 'etl', 'data warehouse', 'linux', 'pandas', 'sql', 'python', 'git', 'data pipeline', 'spark', 'postgresql', 'apache spark', 'data pipelines']"
1072,FITNESS,1.5659828858740275,2.237118408391468,0.0,"['mysql', 'aws', 'data warehousing', 'etl', 'data warehouse', 'linux', 'pandas', 'sql', 'python', 'git', 'data pipeline', 'spark', 'postgresql', 'apache spark', 'data pipelines']"
1073,CONSULTANT,1.5599586513170844,2.2285123590244065,0.0,"['mysql', 'aws', 'data warehousing', 'etl', 'data warehouse', 'linux', 'pandas', 'sql', 'python', 'git', 'data pipeline', 'spark', 'postgresql', 'apache spark', 'data pipelines']"
1074,ENGINEERING,1.5592684867216604,2.227526409602372,0.0,"['mysql', 'aws', 'data warehousing', 'etl', 'data warehouse', 'linux', 'pandas', 'sql', 'python', 'git', 'data pipeline', 'spark', 'postgresql', 'apache spark', 'data pipelines']"
1075,CONSTRUCTION,1.5573026970643489,2.2247181386633557,0.0,"['mysql', 'aws', 'data warehousing', 'etl', 'data warehouse', 'linux', 'pandas', 'sql', 'python', 'git', 'data pipeline', 'spark', 'postgresql', 'apache spark', 'data pipelines']"
1076,CONSULTANT,1.556920870320588,2.224172671886554,0.0,"['mysql', 'aws', 'data warehousing', 'etl', 'data warehouse', 'linux', 'pandas', 'sql', 'python', 'git', 'data pipeline', 'spark', 'postgresql', 'apache spark', 'data pipelines']"
1077,FINANCE,1.555816274439982,2.222594677771403,0.0,"['mysql', 'aws', 'data warehousing', 'etl', 'data warehouse', 'linux', 'pandas', 'sql', 'python', 'git', 'data pipeline', 'spark', 'postgresql', 'apache spark', 'data pipelines']"
1078,SALES,1.5546279630833921,2.2208970901191316,0.0,"['mysql', 'aws', 'data warehousing', 'etl', 'data warehouse', 'linux', 'pandas', 'sql', 'python', 'git', 'data pipeline', 'spark', 'postgresql', 'apache spark', 'data pipelines']"
1079,BANKING,1.5507645334548763,2.2153779049355378,0.0,"['mysql', 'aws', 'data warehousing', 'etl', 'data warehouse', 'linux', 'pandas', 'sql', 'python', 'git', 'data pipeline', 'spark', 'postgresql', 'apache spark', 'data pipelines']"
1080,ADVOCATE,1.548746648017275,2.21249521145325,0.0,"['mysql', 'aws', 'data warehousing', 'etl', 'data warehouse', 'linux', 'pandas', 'sql', 'python', 'git', 'data pipeline', 'spark', 'postgresql', 'apache spark', 'data pipelines']"
1081,BPO,1.5482288962174273,2.2117555660248964,0.0,"['mysql', 'aws', 'data warehousing', 'etl', 'data warehouse', 'linux', 'pandas', 'sql', 'python', 'git', 'data pipeline', 'spark', 'postgresql', 'apache spark', 'data pipelines']"
1082,ENGINEERING,1.5461103007749228,2.2087290011070326,0.0,"['mysql', 'aws', 'data warehousing', 'etl', 'data warehouse', 'linux', 'pandas', 'sql', 'python', 'git', 'data pipeline', 'spark', 'postgresql', 'apache spark', 'data pipelines']"
1083,HEALTHCARE,1.5445423004716559,2.2064890006737943,0.0,"['mysql', 'aws', 'data warehousing', 'etl', 'data warehouse', 'linux', 'pandas', 'sql', 'python', 'git', 'data pipeline', 'spark', 'postgresql', 'apache spark', 'data pipelines']"
1084,ENGINEERING,1.5301078111739146,2.185868301677021,0.0,"['mysql', 'aws', 'data warehousing', 'etl', 'data warehouse', 'linux', 'pandas', 'sql', 'python', 'git', 'data pipeline', 'spark', 'postgresql', 'apache spark', 'data pipelines']"
1085,CONSTRUCTION,1.5285203974996546,2.1836005678566495,0.0,"['mysql', 'aws', 'data warehousing', 'etl', 'data warehouse', 'linux', 'pandas', 'sql', 'python', 'git', 'data pipeline', 'spark', 'postgresql', 'apache spark', 'data pipelines']"
1086,BUSINESS-DEVELOPMENT,1.526604332708836,2.1808633324411946,0.0,"['mysql', 'aws', 'data warehousing', 'etl', 'data warehouse', 'linux', 'pandas', 'sql', 'python', 'git', 'data pipeline', 'spark', 'postgresql', 'apache spark', 'data pipelines']"
1087,FITNESS,1.5228774973513772,2.175539281930539,0.0,"['mysql', 'aws', 'data warehousing', 'etl', 'data warehouse', 'linux', 'pandas', 'sql', 'python', 'git', 'data pipeline', 'spark', 'postgresql', 'apache spark', 'data pipelines']"
1088,CHEF,1.5214758874475873,2.173536982067982,0.0,"['mysql', 'aws', 'data warehousing', 'etl', 'data warehouse', 'linux', 'pandas', 'sql', 'python', 'git', 'data pipeline', 'spark', 'postgresql', 'apache spark', 'data pipelines']"
1089,ACCOUNTANT,1.5213651560086787,2.1733787942981126,0.0,"['mysql', 'aws', 'data warehousing', 'etl', 'data warehouse', 'linux', 'pandas', 'sql', 'python', 'git', 'data pipeline', 'spark', 'postgresql', 'apache spark', 'data pipelines']"
1090,DESIGNER,1.519281877153836,2.170402681648337,0.0,"['mysql', 'aws', 'data warehousing', 'etl', 'data warehouse', 'linux', 'pandas', 'sql', 'python', 'git', 'data pipeline', 'spark', 'postgresql', 'apache spark', 'data pipelines']"
1091,CONSTRUCTION,1.5182159680792209,2.168879954398887,0.0,"['mysql', 'aws', 'data warehousing', 'etl', 'data warehouse', 'linux', 'pandas', 'sql', 'python', 'git', 'data pipeline', 'spark', 'postgresql', 'apache spark', 'data pipelines']"
1092,AVIATION,1.5180619392569246,2.168659913224178,0.0,"['mysql', 'aws', 'data warehousing', 'etl', 'data warehouse', 'linux', 'pandas', 'sql', 'python', 'git', 'data pipeline', 'spark', 'postgresql', 'apache spark', 'data pipelines']"
1093,AVIATION,1.5135561669389372,2.1622230956270534,0.0,"['mysql', 'aws', 'data warehousing', 'etl', 'data warehouse', 'linux', 'pandas', 'sql', 'python', 'git', 'data pipeline', 'spark', 'postgresql', 'apache spark', 'data pipelines']"
1094,BPO,1.5125702061450446,2.1608145802072065,0.0,"['mysql', 'aws', 'data warehousing', 'etl', 'data warehouse', 'linux', 'pandas', 'sql', 'python', 'git', 'data pipeline', 'spark', 'postgresql', 'apache spark', 'data pipelines']"
1095,INFORMATION-TECHNOLOGY,1.5123709631950015,2.160529947421431,0.0,"['mysql', 'aws', 'data warehousing', 'etl', 'data warehouse', 'linux', 'pandas', 'sql', 'python', 'git', 'data pipeline', 'spark', 'postgresql', 'apache spark', 'data pipelines']"
1096,AVIATION,1.508031241942905,2.1543303456327214,0.0,"['mysql', 'aws', 'data warehousing', 'etl', 'data warehouse', 'linux', 'pandas', 'sql', 'python', 'git', 'data pipeline', 'spark', 'postgresql', 'apache spark', 'data pipelines']"
1097,ACCOUNTANT,1.5037581613471869,2.1482259447816956,0.0,"['mysql', 'aws', 'data warehousing', 'etl', 'data warehouse', 'linux', 'pandas', 'sql', 'python', 'git', 'data pipeline', 'spark', 'postgresql', 'apache spark', 'data pipelines']"
1098,INFORMATION-TECHNOLOGY,1.5036579377206065,2.148082768172295,0.0,"['mysql', 'aws', 'data warehousing', 'etl', 'data warehouse', 'linux', 'pandas', 'sql', 'python', 'git', 'data pipeline', 'spark', 'postgresql', 'apache spark', 'data pipelines']"
1099,CHEF,1.501412707884191,2.144875296977416,0.0,"['mysql', 'aws', 'data warehousing', 'etl', 'data warehouse', 'linux', 'pandas', 'sql', 'python', 'git', 'data pipeline', 'spark', 'postgresql', 'apache spark', 'data pipelines']"
1100,BANKING,1.4999458797477385,2.1427798282110553,0.0,"['mysql', 'aws', 'data warehousing', 'etl', 'data warehouse', 'linux', 'pandas', 'sql', 'python', 'git', 'data pipeline', 'spark', 'postgresql', 'apache spark', 'data pipelines']"
1101,FITNESS,1.4970933436938854,2.1387047767055507,0.0,"['mysql', 'aws', 'data warehousing', 'etl', 'data warehouse', 'linux', 'pandas', 'sql', 'python', 'git', 'data pipeline', 'spark', 'postgresql', 'apache spark', 'data pipelines']"
1102,ACCOUNTANT,1.4965859080682473,2.137979868668925,0.0,"['mysql', 'aws', 'data warehousing', 'etl', 'data warehouse', 'linux', 'pandas', 'sql', 'python', 'git', 'data pipeline', 'spark', 'postgresql', 'apache spark', 'data pipelines']"
1103,ARTS,1.4959801036438742,2.137114433776963,0.0,"['mysql', 'aws', 'data warehousing', 'etl', 'data warehouse', 'linux', 'pandas', 'sql', 'python', 'git', 'data pipeline', 'spark', 'postgresql', 'apache spark', 'data pipelines']"
1104,FINANCE,1.4929774931913955,2.132824990273422,0.0,"['mysql', 'aws', 'data warehousing', 'etl', 'data warehouse', 'linux', 'pandas', 'sql', 'python', 'git', 'data pipeline', 'spark', 'postgresql', 'apache spark', 'data pipelines']"
1105,DESIGNER,1.4860425182837882,2.122917883262555,0.0,"['mysql', 'aws', 'data warehousing', 'etl', 'data warehouse', 'linux', 'pandas', 'sql', 'python', 'git', 'data pipeline', 'spark', 'postgresql', 'apache spark', 'data pipelines']"
1106,DESIGNER,1.481866331430932,2.1169519020441885,0.0,"['mysql', 'aws', 'data warehousing', 'etl', 'data warehouse', 'linux', 'pandas', 'sql', 'python', 'git', 'data pipeline', 'spark', 'postgresql', 'apache spark', 'data pipelines']"
1107,ACCOUNTANT,1.481178635240845,2.115969478915493,0.0,"['mysql', 'aws', 'data warehousing', 'etl', 'data warehouse', 'linux', 'pandas', 'sql', 'python', 'git', 'data pipeline', 'spark', 'postgresql', 'apache spark', 'data pipelines']"
1108,FINANCE,1.4793125742681363,2.1133036775259093,0.0,"['mysql', 'aws', 'data warehousing', 'etl', 'data warehouse', 'linux', 'pandas', 'sql', 'python', 'git', 'data pipeline', 'spark', 'postgresql', 'apache spark', 'data pipelines']"
1109,CONSTRUCTION,1.4772538525227532,2.110362646461076,0.0,"['mysql', 'aws', 'data warehousing', 'etl', 'data warehouse', 'linux', 'pandas', 'sql', 'python', 'git', 'data pipeline', 'spark', 'postgresql', 'apache spark', 'data pipelines']"
1110,ENGINEERING,1.477238567363656,2.1103408105195087,0.0,"['mysql', 'aws', 'data warehousing', 'etl', 'data warehouse', 'linux', 'pandas', 'sql', 'python', 'git', 'data pipeline', 'spark', 'postgresql', 'apache spark', 'data pipelines']"
1111,CONSTRUCTION,1.4742873138172314,2.1061247340246165,0.0,"['mysql', 'aws', 'data warehousing', 'etl', 'data warehouse', 'linux', 'pandas', 'sql', 'python', 'git', 'data pipeline', 'spark', 'postgresql', 'apache spark', 'data pipelines']"
1112,TEACHER,1.47374750039498,2.1053535719928287,0.0,"['mysql', 'aws', 'data warehousing', 'etl', 'data warehouse', 'linux', 'pandas', 'sql', 'python', 'git', 'data pipeline', 'spark', 'postgresql', 'apache spark', 'data pipelines']"
1113,SALES,1.4727926858938256,2.103989551276894,0.0,"['mysql', 'aws', 'data warehousing', 'etl', 'data warehouse', 'linux', 'pandas', 'sql', 'python', 'git', 'data pipeline', 'spark', 'postgresql', 'apache spark', 'data pipelines']"
1114,ACCOUNTANT,1.4694855349182205,2.099265049883172,0.0,"['mysql', 'aws', 'data warehousing', 'etl', 'data warehouse', 'linux', 'pandas', 'sql', 'python', 'git', 'data pipeline', 'spark', 'postgresql', 'apache spark', 'data pipelines']"
1115,ADVOCATE,1.4570876590538624,2.081553798648375,0.0,"['mysql', 'aws', 'data warehousing', 'etl', 'data warehouse', 'linux', 'pandas', 'sql', 'python', 'git', 'data pipeline', 'spark', 'postgresql', 'apache spark', 'data pipelines']"
1116,ARTS,1.4517581723528419,2.0739402462183456,0.0,"['mysql', 'aws', 'data warehousing', 'etl', 'data warehouse', 'linux', 'pandas', 'sql', 'python', 'git', 'data pipeline', 'spark', 'postgresql', 'apache spark', 'data pipelines']"
1117,SALES,1.4492232327966343,2.070318903995192,0.0,"['mysql', 'aws', 'data warehousing', 'etl', 'data warehouse', 'linux', 'pandas', 'sql', 'python', 'git', 'data pipeline', 'spark', 'postgresql', 'apache spark', 'data pipelines']"
1118,CONSULTANT,1.4489632913097055,2.069947559013865,0.0,"['mysql', 'aws', 'data warehousing', 'etl', 'data warehouse', 'linux', 'pandas', 'sql', 'python', 'git', 'data pipeline', 'spark', 'postgresql', 'apache spark', 'data pipelines']"
1119,CHEF,1.4454964991946802,2.064994998849543,0.0,"['mysql', 'aws', 'data warehousing', 'etl', 'data warehouse', 'linux', 'pandas', 'sql', 'python', 'git', 'data pipeline', 'spark', 'postgresql', 'apache spark', 'data pipelines']"
1120,ACCOUNTANT,1.4420113366181881,2.0600161951688403,0.0,"['mysql', 'aws', 'data warehousing', 'etl', 'data warehouse', 'linux', 'pandas', 'sql', 'python', 'git', 'data pipeline', 'spark', 'postgresql', 'apache spark', 'data pipelines']"
1121,HR,1.441833820358433,2.0597626005120473,0.0,"['mysql', 'aws', 'data warehousing', 'etl', 'data warehouse', 'linux', 'pandas', 'sql', 'python', 'git', 'data pipeline', 'spark', 'postgresql', 'apache spark', 'data pipelines']"
1122,ADVOCATE,1.441722553503764,2.05960364786252,0.0,"['mysql', 'aws', 'data warehousing', 'etl', 'data warehouse', 'linux', 'pandas', 'sql', 'python', 'git', 'data pipeline', 'spark', 'postgresql', 'apache spark', 'data pipelines']"
1123,BANKING,1.440939462928469,2.0584849470406703,0.0,"['mysql', 'aws', 'data warehousing', 'etl', 'data warehouse', 'linux', 'pandas', 'sql', 'python', 'git', 'data pipeline', 'spark', 'postgresql', 'apache spark', 'data pipelines']"
1124,DESIGNER,1.4407778656944967,2.058254093849281,0.0,"['mysql', 'aws', 'data warehousing', 'etl', 'data warehouse', 'linux', 'pandas', 'sql', 'python', 'git', 'data pipeline', 'spark', 'postgresql', 'apache spark', 'data pipelines']"
1125,FITNESS,1.4390372996956817,2.0557675709938312,0.0,"['mysql', 'aws', 'data warehousing', 'etl', 'data warehouse', 'linux', 'pandas', 'sql', 'python', 'git', 'data pipeline', 'spark', 'postgresql', 'apache spark', 'data pipelines']"
1126,AVIATION,1.4383862579632212,2.0548375113760304,0.0,"['mysql', 'aws', 'data warehousing', 'etl', 'data warehouse', 'linux', 'pandas', 'sql', 'python', 'git', 'data pipeline', 'spark', 'postgresql', 'apache spark', 'data pipelines']"
1127,AVIATION,1.4349911021949726,2.049987288849961,0.0,"['mysql', 'aws', 'data warehousing', 'etl', 'data warehouse', 'linux', 'pandas', 'sql', 'python', 'git', 'data pipeline', 'spark', 'postgresql', 'apache spark', 'data pipelines']"
1128,ARTS,1.431950091767899,2.0456429882398557,0.0,"['mysql', 'aws', 'data warehousing', 'etl', 'data warehouse', 'linux', 'pandas', 'sql', 'python', 'git', 'data pipeline', 'spark', 'postgresql', 'apache spark', 'data pipelines']"
1129,TEACHER,1.4297261048992975,2.0424658641418536,0.0,"['mysql', 'aws', 'data warehousing', 'etl', 'data warehouse', 'linux', 'pandas', 'sql', 'python', 'git', 'data pipeline', 'spark', 'postgresql', 'apache spark', 'data pipelines']"
1130,ENGINEERING,1.4236281138699463,2.0337544483856376,0.0,"['mysql', 'aws', 'data warehousing', 'etl', 'data warehouse', 'linux', 'pandas', 'sql', 'python', 'git', 'data pipeline', 'spark', 'postgresql', 'apache spark', 'data pipelines']"
1131,AUTOMOBILE,1.4222105440434702,2.031729348633529,0.0,"['mysql', 'aws', 'data warehousing', 'etl', 'data warehouse', 'linux', 'pandas', 'sql', 'python', 'git', 'data pipeline', 'spark', 'postgresql', 'apache spark', 'data pipelines']"
1132,CONSTRUCTION,1.4220554249163269,2.031507749880467,0.0,"['mysql', 'aws', 'data warehousing', 'etl', 'data warehouse', 'linux', 'pandas', 'sql', 'python', 'git', 'data pipeline', 'spark', 'postgresql', 'apache spark', 'data pipelines']"
1133,ACCOUNTANT,1.421276549117014,2.030395070167163,0.0,"['mysql', 'aws', 'data warehousing', 'etl', 'data warehouse', 'linux', 'pandas', 'sql', 'python', 'git', 'data pipeline', 'spark', 'postgresql', 'apache spark', 'data pipelines']"
1134,APPAREL,1.4161928782824613,2.023132683260659,0.0,"['mysql', 'aws', 'data warehousing', 'etl', 'data warehouse', 'linux', 'pandas', 'sql', 'python', 'git', 'data pipeline', 'spark', 'postgresql', 'apache spark', 'data pipelines']"
1135,ENGINEERING,1.4149714880194249,2.02138784002775,0.0,"['mysql', 'aws', 'data warehousing', 'etl', 'data warehouse', 'linux', 'pandas', 'sql', 'python', 'git', 'data pipeline', 'spark', 'postgresql', 'apache spark', 'data pipelines']"
1136,ACCOUNTANT,1.4133024179773126,2.019003454253304,0.0,"['mysql', 'aws', 'data warehousing', 'etl', 'data warehouse', 'linux', 'pandas', 'sql', 'python', 'git', 'data pipeline', 'spark', 'postgresql', 'apache spark', 'data pipelines']"
1137,APPAREL,1.4119947859886055,2.0171354085551507,0.0,"['mysql', 'aws', 'data warehousing', 'etl', 'data warehouse', 'linux', 'pandas', 'sql', 'python', 'git', 'data pipeline', 'spark', 'postgresql', 'apache spark', 'data pipelines']"
1138,BPO,1.4103087882484466,2.014726840354924,0.0,"['mysql', 'aws', 'data warehousing', 'etl', 'data warehouse', 'linux', 'pandas', 'sql', 'python', 'git', 'data pipeline', 'spark', 'postgresql', 'apache spark', 'data pipelines']"
1139,PUBLIC-RELATIONS,1.4096523597666102,2.0137890853808718,0.0,"['mysql', 'aws', 'data warehousing', 'etl', 'data warehouse', 'linux', 'pandas', 'sql', 'python', 'git', 'data pipeline', 'spark', 'postgresql', 'apache spark', 'data pipelines']"
1140,ENGINEERING,1.4071177619277684,2.0101682313253835,0.0,"['mysql', 'aws', 'data warehousing', 'etl', 'data warehouse', 'linux', 'pandas', 'sql', 'python', 'git', 'data pipeline', 'spark', 'postgresql', 'apache spark', 'data pipelines']"
1141,INFORMATION-TECHNOLOGY,1.407052204365461,2.0100745776649442,0.0,"['mysql', 'aws', 'data warehousing', 'etl', 'data warehouse', 'linux', 'pandas', 'sql', 'python', 'git', 'data pipeline', 'spark', 'postgresql', 'apache spark', 'data pipelines']"
1142,ADVOCATE,1.4070221180474731,2.010031597210676,0.0,"['mysql', 'aws', 'data warehousing', 'etl', 'data warehouse', 'linux', 'pandas', 'sql', 'python', 'git', 'data pipeline', 'spark', 'postgresql', 'apache spark', 'data pipelines']"
1143,FINANCE,1.4024770348714093,2.0035386212448705,0.0,"['mysql', 'aws', 'data warehousing', 'etl', 'data warehouse', 'linux', 'pandas', 'sql', 'python', 'git', 'data pipeline', 'spark', 'postgresql', 'apache spark', 'data pipelines']"
1144,ACCOUNTANT,1.4019786186502585,2.002826598071798,0.0,"['mysql', 'aws', 'data warehousing', 'etl', 'data warehouse', 'linux', 'pandas', 'sql', 'python', 'git', 'data pipeline', 'spark', 'postgresql', 'apache spark', 'data pipelines']"
1145,CONSTRUCTION,1.3992762310415892,1.9989660443451276,0.0,"['mysql', 'aws', 'data warehousing', 'etl', 'data warehouse', 'linux', 'pandas', 'sql', 'python', 'git', 'data pipeline', 'spark', 'postgresql', 'apache spark', 'data pipelines']"
1146,SALES,1.399264136455388,1.99894876636484,0.0,"['mysql', 'aws', 'data warehousing', 'etl', 'data warehouse', 'linux', 'pandas', 'sql', 'python', 'git', 'data pipeline', 'spark', 'postgresql', 'apache spark', 'data pipelines']"
1147,BANKING,1.395402362914296,1.993431947020423,0.0,"['mysql', 'aws', 'data warehousing', 'etl', 'data warehouse', 'linux', 'pandas', 'sql', 'python', 'git', 'data pipeline', 'spark', 'postgresql', 'apache spark', 'data pipelines']"
1148,ARTS,1.3953495177277515,1.993356453896788,0.0,"['mysql', 'aws', 'data warehousing', 'etl', 'data warehouse', 'linux', 'pandas', 'sql', 'python', 'git', 'data pipeline', 'spark', 'postgresql', 'apache spark', 'data pipelines']"
1149,APPAREL,1.394748781724515,1.99249825960645,0.0,"['mysql', 'aws', 'data warehousing', 'etl', 'data warehouse', 'linux', 'pandas', 'sql', 'python', 'git', 'data pipeline', 'spark', 'postgresql', 'apache spark', 'data pipelines']"
1150,ENGINEERING,1.3855337161452814,1.9793338802075449,0.0,"['mysql', 'aws', 'data warehousing', 'etl', 'data warehouse', 'linux', 'pandas', 'sql', 'python', 'git', 'data pipeline', 'spark', 'postgresql', 'apache spark', 'data pipelines']"
1151,FINANCE,1.38492964120281,1.9784709160040146,0.0,"['mysql', 'aws', 'data warehousing', 'etl', 'data warehouse', 'linux', 'pandas', 'sql', 'python', 'git', 'data pipeline', 'spark', 'postgresql', 'apache spark', 'data pipelines']"
1152,CHEF,1.3832278023831035,1.9760397176901479,0.0,"['mysql', 'aws', 'data warehousing', 'etl', 'data warehouse', 'linux', 'pandas', 'sql', 'python', 'git', 'data pipeline', 'spark', 'postgresql', 'apache spark', 'data pipelines']"
1153,BANKING,1.380527148169764,1.9721816402425203,0.0,"['mysql', 'aws', 'data warehousing', 'etl', 'data warehouse', 'linux', 'pandas', 'sql', 'python', 'git', 'data pipeline', 'spark', 'postgresql', 'apache spark', 'data pipelines']"
1154,FINANCE,1.3751666109175935,1.9645237298822764,0.0,"['mysql', 'aws', 'data warehousing', 'etl', 'data warehouse', 'linux', 'pandas', 'sql', 'python', 'git', 'data pipeline', 'spark', 'postgresql', 'apache spark', 'data pipelines']"
1155,ADVOCATE,1.3728804422065917,1.9612577745808455,0.0,"['mysql', 'aws', 'data warehousing', 'etl', 'data warehouse', 'linux', 'pandas', 'sql', 'python', 'git', 'data pipeline', 'spark', 'postgresql', 'apache spark', 'data pipelines']"
1156,FITNESS,1.3677686836002039,1.9539552622860057,0.0,"['mysql', 'aws', 'data warehousing', 'etl', 'data warehouse', 'linux', 'pandas', 'sql', 'python', 'git', 'data pipeline', 'spark', 'postgresql', 'apache spark', 'data pipelines']"
1157,TEACHER,1.366650302662771,1.9523575752325302,0.0,"['mysql', 'aws', 'data warehousing', 'etl', 'data warehouse', 'linux', 'pandas', 'sql', 'python', 'git', 'data pipeline', 'spark', 'postgresql', 'apache spark', 'data pipelines']"
1158,HR,1.3654957651379516,1.9507082359113594,0.0,"['mysql', 'aws', 'data warehousing', 'etl', 'data warehouse', 'linux', 'pandas', 'sql', 'python', 'git', 'data pipeline', 'spark', 'postgresql', 'apache spark', 'data pipelines']"
1159,AVIATION,1.3635512009611208,1.9479302870873156,0.0,"['mysql', 'aws', 'data warehousing', 'etl', 'data warehouse', 'linux', 'pandas', 'sql', 'python', 'git', 'data pipeline', 'spark', 'postgresql', 'apache spark', 'data pipelines']"
1160,AVIATION,1.3607789144832418,1.9439698778332029,0.0,"['mysql', 'aws', 'data warehousing', 'etl', 'data warehouse', 'linux', 'pandas', 'sql', 'python', 'git', 'data pipeline', 'spark', 'postgresql', 'apache spark', 'data pipelines']"
1161,PUBLIC-RELATIONS,1.3607255476729931,1.9438936395328474,0.0,"['mysql', 'aws', 'data warehousing', 'etl', 'data warehouse', 'linux', 'pandas', 'sql', 'python', 'git', 'data pipeline', 'spark', 'postgresql', 'apache spark', 'data pipelines']"
1162,SALES,1.3604088244802208,1.943441177828887,0.0,"['mysql', 'aws', 'data warehousing', 'etl', 'data warehouse', 'linux', 'pandas', 'sql', 'python', 'git', 'data pipeline', 'spark', 'postgresql', 'apache spark', 'data pipelines']"
1163,BUSINESS-DEVELOPMENT,1.3573510049616435,1.9390728642309194,0.0,"['mysql', 'aws', 'data warehousing', 'etl', 'data warehouse', 'linux', 'pandas', 'sql', 'python', 'git', 'data pipeline', 'spark', 'postgresql', 'apache spark', 'data pipelines']"
1164,HR,1.357177450130924,1.938824928758463,0.0,"['mysql', 'aws', 'data warehousing', 'etl', 'data warehouse', 'linux', 'pandas', 'sql', 'python', 'git', 'data pipeline', 'spark', 'postgresql', 'apache spark', 'data pipelines']"
1165,CONSULTANT,1.3563029650801746,1.9375756644002495,0.0,"['mysql', 'aws', 'data warehousing', 'etl', 'data warehouse', 'linux', 'pandas', 'sql', 'python', 'git', 'data pipeline', 'spark', 'postgresql', 'apache spark', 'data pipelines']"
1166,HR,1.3539544843004447,1.9342206918577785,0.0,"['mysql', 'aws', 'data warehousing', 'etl', 'data warehouse', 'linux', 'pandas', 'sql', 'python', 'git', 'data pipeline', 'spark', 'postgresql', 'apache spark', 'data pipelines']"
1167,ENGINEERING,1.337334583111922,1.9104779758741746,0.0,"['mysql', 'aws', 'data warehousing', 'etl', 'data warehouse', 'linux', 'pandas', 'sql', 'python', 'git', 'data pipeline', 'spark', 'postgresql', 'apache spark', 'data pipelines']"
1168,ARTS,1.3349881638636676,1.907125948376668,0.0,"['mysql', 'aws', 'data warehousing', 'etl', 'data warehouse', 'linux', 'pandas', 'sql', 'python', 'git', 'data pipeline', 'spark', 'postgresql', 'apache spark', 'data pipelines']"
1169,ENGINEERING,1.3335416058185612,1.905059436883659,0.0,"['mysql', 'aws', 'data warehousing', 'etl', 'data warehouse', 'linux', 'pandas', 'sql', 'python', 'git', 'data pipeline', 'spark', 'postgresql', 'apache spark', 'data pipelines']"
1170,ADVOCATE,1.32828422554714,1.8975488936387717,0.0,"['mysql', 'aws', 'data warehousing', 'etl', 'data warehouse', 'linux', 'pandas', 'sql', 'python', 'git', 'data pipeline', 'spark', 'postgresql', 'apache spark', 'data pipelines']"
1171,BUSINESS-DEVELOPMENT,1.327268956149257,1.896098508784653,0.0,"['mysql', 'aws', 'data warehousing', 'etl', 'data warehouse', 'linux', 'pandas', 'sql', 'python', 'git', 'data pipeline', 'spark', 'postgresql', 'apache spark', 'data pipelines']"
1172,AVIATION,1.3263262341958377,1.8947517631369113,0.0,"['mysql', 'aws', 'data warehousing', 'etl', 'data warehouse', 'linux', 'pandas', 'sql', 'python', 'git', 'data pipeline', 'spark', 'postgresql', 'apache spark', 'data pipelines']"
1173,CONSTRUCTION,1.3262795110726187,1.8946850158180268,0.0,"['mysql', 'aws', 'data warehousing', 'etl', 'data warehouse', 'linux', 'pandas', 'sql', 'python', 'git', 'data pipeline', 'spark', 'postgresql', 'apache spark', 'data pipelines']"
1174,INFORMATION-TECHNOLOGY,1.325102725876898,1.8930038941098544,0.0,"['mysql', 'aws', 'data warehousing', 'etl', 'data warehouse', 'linux', 'pandas', 'sql', 'python', 'git', 'data pipeline', 'spark', 'postgresql', 'apache spark', 'data pipelines']"
1175,SALES,1.3249975591050733,1.8928536558643905,0.0,"['mysql', 'aws', 'data warehousing', 'etl', 'data warehouse', 'linux', 'pandas', 'sql', 'python', 'git', 'data pipeline', 'spark', 'postgresql', 'apache spark', 'data pipelines']"
1176,AVIATION,1.3220688497324036,1.8886697853320054,0.0,"['mysql', 'aws', 'data warehousing', 'etl', 'data warehouse', 'linux', 'pandas', 'sql', 'python', 'git', 'data pipeline', 'spark', 'postgresql', 'apache spark', 'data pipelines']"
1177,APPAREL,1.3219776217634396,1.8885394596620566,0.0,"['mysql', 'aws', 'data warehousing', 'etl', 'data warehouse', 'linux', 'pandas', 'sql', 'python', 'git', 'data pipeline', 'spark', 'postgresql', 'apache spark', 'data pipelines']"
1178,TEACHER,1.321596924935443,1.887995607050633,0.0,"['mysql', 'aws', 'data warehousing', 'etl', 'data warehouse', 'linux', 'pandas', 'sql', 'python', 'git', 'data pipeline', 'spark', 'postgresql', 'apache spark', 'data pipelines']"
1179,APPAREL,1.3209154996437402,1.8870221423482005,0.0,"['mysql', 'aws', 'data warehousing', 'etl', 'data warehouse', 'linux', 'pandas', 'sql', 'python', 'git', 'data pipeline', 'spark', 'postgresql', 'apache spark', 'data pipelines']"
1180,CONSULTANT,1.310864755578275,1.872663936540393,0.0,"['mysql', 'aws', 'data warehousing', 'etl', 'data warehouse', 'linux', 'pandas', 'sql', 'python', 'git', 'data pipeline', 'spark', 'postgresql', 'apache spark', 'data pipelines']"
1181,AVIATION,1.3077732860282023,1.8682475514688606,0.0,"['mysql', 'aws', 'data warehousing', 'etl', 'data warehouse', 'linux', 'pandas', 'sql', 'python', 'git', 'data pipeline', 'spark', 'postgresql', 'apache spark', 'data pipelines']"
1182,FINANCE,1.304318059397749,1.863311513425356,0.0,"['mysql', 'aws', 'data warehousing', 'etl', 'data warehouse', 'linux', 'pandas', 'sql', 'python', 'git', 'data pipeline', 'spark', 'postgresql', 'apache spark', 'data pipelines']"
1183,ACCOUNTANT,1.3036889813179149,1.8624128304541643,0.0,"['mysql', 'aws', 'data warehousing', 'etl', 'data warehouse', 'linux', 'pandas', 'sql', 'python', 'git', 'data pipeline', 'spark', 'postgresql', 'apache spark', 'data pipelines']"
1184,FITNESS,1.3028148321458268,1.8611640459226098,0.0,"['mysql', 'aws', 'data warehousing', 'etl', 'data warehouse', 'linux', 'pandas', 'sql', 'python', 'git', 'data pipeline', 'spark', 'postgresql', 'apache spark', 'data pipelines']"
1185,BANKING,1.3023777427746515,1.8605396325352166,0.0,"['mysql', 'aws', 'data warehousing', 'etl', 'data warehouse', 'linux', 'pandas', 'sql', 'python', 'git', 'data pipeline', 'spark', 'postgresql', 'apache spark', 'data pipelines']"
1186,HR,1.301563117492057,1.85937588213151,0.0,"['mysql', 'aws', 'data warehousing', 'etl', 'data warehouse', 'linux', 'pandas', 'sql', 'python', 'git', 'data pipeline', 'spark', 'postgresql', 'apache spark', 'data pipelines']"
1187,APPAREL,1.3014883846338023,1.859269120905432,0.0,"['mysql', 'aws', 'data warehousing', 'etl', 'data warehouse', 'linux', 'pandas', 'sql', 'python', 'git', 'data pipeline', 'spark', 'postgresql', 'apache spark', 'data pipelines']"
1188,CONSTRUCTION,1.2987609201768395,1.8553727431097709,0.0,"['mysql', 'aws', 'data warehousing', 'etl', 'data warehouse', 'linux', 'pandas', 'sql', 'python', 'git', 'data pipeline', 'spark', 'postgresql', 'apache spark', 'data pipelines']"
1189,FINANCE,1.2979485755095341,1.854212250727906,0.0,"['mysql', 'aws', 'data warehousing', 'etl', 'data warehouse', 'linux', 'pandas', 'sql', 'python', 'git', 'data pipeline', 'spark', 'postgresql', 'apache spark', 'data pipelines']"
1190,CONSULTANT,1.2955611404182976,1.8508016291689966,0.0,"['mysql', 'aws', 'data warehousing', 'etl', 'data warehouse', 'linux', 'pandas', 'sql', 'python', 'git', 'data pipeline', 'spark', 'postgresql', 'apache spark', 'data pipelines']"
1191,FINANCE,1.292925316132886,1.847036165904123,0.0,"['mysql', 'aws', 'data warehousing', 'etl', 'data warehouse', 'linux', 'pandas', 'sql', 'python', 'git', 'data pipeline', 'spark', 'postgresql', 'apache spark', 'data pipelines']"
1192,ARTS,1.2894256692854729,1.8420366704078186,0.0,"['mysql', 'aws', 'data warehousing', 'etl', 'data warehouse', 'linux', 'pandas', 'sql', 'python', 'git', 'data pipeline', 'spark', 'postgresql', 'apache spark', 'data pipelines']"
1193,APPAREL,1.2892835789225177,1.8418336841750254,0.0,"['mysql', 'aws', 'data warehousing', 'etl', 'data warehouse', 'linux', 'pandas', 'sql', 'python', 'git', 'data pipeline', 'spark', 'postgresql', 'apache spark', 'data pipelines']"
1194,CONSULTANT,1.2889547820688203,1.841363974384029,0.0,"['mysql', 'aws', 'data warehousing', 'etl', 'data warehouse', 'linux', 'pandas', 'sql', 'python', 'git', 'data pipeline', 'spark', 'postgresql', 'apache spark', 'data pipelines']"
1195,BPO,1.2878607915775793,1.8398011308251132,0.0,"['mysql', 'aws', 'data warehousing', 'etl', 'data warehouse', 'linux', 'pandas', 'sql', 'python', 'git', 'data pipeline', 'spark', 'postgresql', 'apache spark', 'data pipelines']"
1196,AVIATION,1.2862098404458262,1.8374426292083232,0.0,"['mysql', 'aws', 'data warehousing', 'etl', 'data warehouse', 'linux', 'pandas', 'sql', 'python', 'git', 'data pipeline', 'spark', 'postgresql', 'apache spark', 'data pipelines']"
1197,AGRICULTURE,1.2845970110986136,1.8351385872837338,0.0,"['mysql', 'aws', 'data warehousing', 'etl', 'data warehouse', 'linux', 'pandas', 'sql', 'python', 'git', 'data pipeline', 'spark', 'postgresql', 'apache spark', 'data pipelines']"
1198,SALES,1.2839478112739438,1.8342111589627768,0.0,"['mysql', 'aws', 'data warehousing', 'etl', 'data warehouse', 'linux', 'pandas', 'sql', 'python', 'git', 'data pipeline', 'spark', 'postgresql', 'apache spark', 'data pipelines']"
1199,BUSINESS-DEVELOPMENT,1.282205784545825,1.8317225493511786,0.0,"['mysql', 'aws', 'data warehousing', 'etl', 'data warehouse', 'linux', 'pandas', 'sql', 'python', 'git', 'data pipeline', 'spark', 'postgresql', 'apache spark', 'data pipelines']"
1200,ACCOUNTANT,1.282102794367785,1.8315754205254073,0.0,"['mysql', 'aws', 'data warehousing', 'etl', 'data warehouse', 'linux', 'pandas', 'sql', 'python', 'git', 'data pipeline', 'spark', 'postgresql', 'apache spark', 'data pipelines']"
1201,HEALTHCARE,1.2816736436896203,1.830962348128029,0.0,"['mysql', 'aws', 'data warehousing', 'etl', 'data warehouse', 'linux', 'pandas', 'sql', 'python', 'git', 'data pipeline', 'spark', 'postgresql', 'apache spark', 'data pipelines']"
1202,AVIATION,1.278741729139071,1.8267738987701014,0.0,"['mysql', 'aws', 'data warehousing', 'etl', 'data warehouse', 'linux', 'pandas', 'sql', 'python', 'git', 'data pipeline', 'spark', 'postgresql', 'apache spark', 'data pipelines']"
1203,TEACHER,1.2776720206415848,1.8252457437736926,0.0,"['mysql', 'aws', 'data warehousing', 'etl', 'data warehouse', 'linux', 'pandas', 'sql', 'python', 'git', 'data pipeline', 'spark', 'postgresql', 'apache spark', 'data pipelines']"
1204,ARTS,1.2766410637667638,1.823772948238234,0.0,"['mysql', 'aws', 'data warehousing', 'etl', 'data warehouse', 'linux', 'pandas', 'sql', 'python', 'git', 'data pipeline', 'spark', 'postgresql', 'apache spark', 'data pipelines']"
1205,PUBLIC-RELATIONS,1.2752118123403857,1.8217311604862654,0.0,"['mysql', 'aws', 'data warehousing', 'etl', 'data warehouse', 'linux', 'pandas', 'sql', 'python', 'git', 'data pipeline', 'spark', 'postgresql', 'apache spark', 'data pipelines']"
1206,ARTS,1.2654204520764385,1.8077435029663407,0.0,"['mysql', 'aws', 'data warehousing', 'etl', 'data warehouse', 'linux', 'pandas', 'sql', 'python', 'git', 'data pipeline', 'spark', 'postgresql', 'apache spark', 'data pipelines']"
1207,HR,1.263521838504616,1.8050311978637372,0.0,"['mysql', 'aws', 'data warehousing', 'etl', 'data warehouse', 'linux', 'pandas', 'sql', 'python', 'git', 'data pipeline', 'spark', 'postgresql', 'apache spark', 'data pipelines']"
1208,FITNESS,1.2634813676653132,1.804973382379019,0.0,"['mysql', 'aws', 'data warehousing', 'etl', 'data warehouse', 'linux', 'pandas', 'sql', 'python', 'git', 'data pipeline', 'spark', 'postgresql', 'apache spark', 'data pipelines']"
1209,ADVOCATE,1.2540975957785319,1.7915679939693314,0.0,"['mysql', 'aws', 'data warehousing', 'etl', 'data warehouse', 'linux', 'pandas', 'sql', 'python', 'git', 'data pipeline', 'spark', 'postgresql', 'apache spark', 'data pipelines']"
1210,BUSINESS-DEVELOPMENT,1.2510899797880366,1.7872713996971952,0.0,"['mysql', 'aws', 'data warehousing', 'etl', 'data warehouse', 'linux', 'pandas', 'sql', 'python', 'git', 'data pipeline', 'spark', 'postgresql', 'apache spark', 'data pipelines']"
1211,ENGINEERING,1.250519049890036,1.7864557855571943,0.0,"['mysql', 'aws', 'data warehousing', 'etl', 'data warehouse', 'linux', 'pandas', 'sql', 'python', 'git', 'data pipeline', 'spark', 'postgresql', 'apache spark', 'data pipelines']"
1212,AGRICULTURE,1.2484564674231586,1.783509239175941,0.0,"['mysql', 'aws', 'data warehousing', 'etl', 'data warehouse', 'linux', 'pandas', 'sql', 'python', 'git', 'data pipeline', 'spark', 'postgresql', 'apache spark', 'data pipelines']"
1213,AVIATION,1.2483734922245004,1.783390703177858,0.0,"['mysql', 'aws', 'data warehousing', 'etl', 'data warehouse', 'linux', 'pandas', 'sql', 'python', 'git', 'data pipeline', 'spark', 'postgresql', 'apache spark', 'data pipelines']"
1214,HEALTHCARE,1.2407750295249844,1.7725357564642636,0.0,"['mysql', 'aws', 'data warehousing', 'etl', 'data warehouse', 'linux', 'pandas', 'sql', 'python', 'git', 'data pipeline', 'spark', 'postgresql', 'apache spark', 'data pipelines']"
1215,CHEF,1.2401728501797287,1.7716755002567555,0.0,"['mysql', 'aws', 'data warehousing', 'etl', 'data warehouse', 'linux', 'pandas', 'sql', 'python', 'git', 'data pipeline', 'spark', 'postgresql', 'apache spark', 'data pipelines']"
1216,BUSINESS-DEVELOPMENT,1.2398584368632402,1.7712263383760574,0.0,"['mysql', 'aws', 'data warehousing', 'etl', 'data warehouse', 'linux', 'pandas', 'sql', 'python', 'git', 'data pipeline', 'spark', 'postgresql', 'apache spark', 'data pipelines']"
1217,BANKING,1.2365657268844013,1.7665224669777162,0.0,"['mysql', 'aws', 'data warehousing', 'etl', 'data warehouse', 'linux', 'pandas', 'sql', 'python', 'git', 'data pipeline', 'spark', 'postgresql', 'apache spark', 'data pipelines']"
1218,CHEF,1.236472961894145,1.7663899455630645,0.0,"['mysql', 'aws', 'data warehousing', 'etl', 'data warehouse', 'linux', 'pandas', 'sql', 'python', 'git', 'data pipeline', 'spark', 'postgresql', 'apache spark', 'data pipelines']"
1219,INFORMATION-TECHNOLOGY,1.2360175808182097,1.7657394011688712,0.0,"['mysql', 'aws', 'data warehousing', 'etl', 'data warehouse', 'linux', 'pandas', 'sql', 'python', 'git', 'data pipeline', 'spark', 'postgresql', 'apache spark', 'data pipelines']"
1220,AVIATION,1.2320315122309557,1.760045017472794,0.0,"['mysql', 'aws', 'data warehousing', 'etl', 'data warehouse', 'linux', 'pandas', 'sql', 'python', 'git', 'data pipeline', 'spark', 'postgresql', 'apache spark', 'data pipelines']"
1221,FITNESS,1.2309148241751802,1.7584497488216861,0.0,"['mysql', 'aws', 'data warehousing', 'etl', 'data warehouse', 'linux', 'pandas', 'sql', 'python', 'git', 'data pipeline', 'spark', 'postgresql', 'apache spark', 'data pipelines']"
1222,BUSINESS-DEVELOPMENT,1.2285165724013538,1.755023674859077,0.0,"['mysql', 'aws', 'data warehousing', 'etl', 'data warehouse', 'linux', 'pandas', 'sql', 'python', 'git', 'data pipeline', 'spark', 'postgresql', 'apache spark', 'data pipelines']"
1223,TEACHER,1.228338992420334,1.754769989171906,0.0,"['mysql', 'aws', 'data warehousing', 'etl', 'data warehouse', 'linux', 'pandas', 'sql', 'python', 'git', 'data pipeline', 'spark', 'postgresql', 'apache spark', 'data pipelines']"
1224,TEACHER,1.2267190166210438,1.7524557380300625,0.0,"['mysql', 'aws', 'data warehousing', 'etl', 'data warehouse', 'linux', 'pandas', 'sql', 'python', 'git', 'data pipeline', 'spark', 'postgresql', 'apache spark', 'data pipelines']"
1225,BANKING,1.219687095136773,1.742410135909676,0.0,"['mysql', 'aws', 'data warehousing', 'etl', 'data warehouse', 'linux', 'pandas', 'sql', 'python', 'git', 'data pipeline', 'spark', 'postgresql', 'apache spark', 'data pipelines']"
1226,SALES,1.2150154746816317,1.735736392402331,0.0,"['mysql', 'aws', 'data warehousing', 'etl', 'data warehouse', 'linux', 'pandas', 'sql', 'python', 'git', 'data pipeline', 'spark', 'postgresql', 'apache spark', 'data pipelines']"
1227,AGRICULTURE,1.2135096930460367,1.7335852757800525,0.0,"['mysql', 'aws', 'data warehousing', 'etl', 'data warehouse', 'linux', 'pandas', 'sql', 'python', 'git', 'data pipeline', 'spark', 'postgresql', 'apache spark', 'data pipelines']"
1228,BANKING,1.2107224150351794,1.7296034500502564,0.0,"['mysql', 'aws', 'data warehousing', 'etl', 'data warehouse', 'linux', 'pandas', 'sql', 'python', 'git', 'data pipeline', 'spark', 'postgresql', 'apache spark', 'data pipelines']"
1229,CHEF,1.210682233382337,1.729546047689053,0.0,"['mysql', 'aws', 'data warehousing', 'etl', 'data warehouse', 'linux', 'pandas', 'sql', 'python', 'git', 'data pipeline', 'spark', 'postgresql', 'apache spark', 'data pipelines']"
1230,BANKING,1.209813759173681,1.728305370248116,0.0,"['mysql', 'aws', 'data warehousing', 'etl', 'data warehouse', 'linux', 'pandas', 'sql', 'python', 'git', 'data pipeline', 'spark', 'postgresql', 'apache spark', 'data pipelines']"
1231,ARTS,1.2096899883615277,1.7281285548021825,0.0,"['mysql', 'aws', 'data warehousing', 'etl', 'data warehouse', 'linux', 'pandas', 'sql', 'python', 'git', 'data pipeline', 'spark', 'postgresql', 'apache spark', 'data pipelines']"
1232,FITNESS,1.2094201599923247,1.7277430857033211,0.0,"['mysql', 'aws', 'data warehousing', 'etl', 'data warehouse', 'linux', 'pandas', 'sql', 'python', 'git', 'data pipeline', 'spark', 'postgresql', 'apache spark', 'data pipelines']"
1233,BANKING,1.2041951757802252,1.7202788225431789,0.0,"['mysql', 'aws', 'data warehousing', 'etl', 'data warehouse', 'linux', 'pandas', 'sql', 'python', 'git', 'data pipeline', 'spark', 'postgresql', 'apache spark', 'data pipelines']"
1234,BANKING,1.2037442842606776,1.719634691800968,0.0,"['mysql', 'aws', 'data warehousing', 'etl', 'data warehouse', 'linux', 'pandas', 'sql', 'python', 'git', 'data pipeline', 'spark', 'postgresql', 'apache spark', 'data pipelines']"
1235,ACCOUNTANT,1.2036819795662466,1.719545685094638,0.0,"['mysql', 'aws', 'data warehousing', 'etl', 'data warehouse', 'linux', 'pandas', 'sql', 'python', 'git', 'data pipeline', 'spark', 'postgresql', 'apache spark', 'data pipelines']"
1236,BUSINESS-DEVELOPMENT,1.2028085782060185,1.718297968865741,0.0,"['mysql', 'aws', 'data warehousing', 'etl', 'data warehouse', 'linux', 'pandas', 'sql', 'python', 'git', 'data pipeline', 'spark', 'postgresql', 'apache spark', 'data pipelines']"
1237,BANKING,1.202477240285124,1.7178246289787487,0.0,"['mysql', 'aws', 'data warehousing', 'etl', 'data warehouse', 'linux', 'pandas', 'sql', 'python', 'git', 'data pipeline', 'spark', 'postgresql', 'apache spark', 'data pipelines']"
1238,SALES,1.2023773595639096,1.7176819422341565,0.0,"['mysql', 'aws', 'data warehousing', 'etl', 'data warehouse', 'linux', 'pandas', 'sql', 'python', 'git', 'data pipeline', 'spark', 'postgresql', 'apache spark', 'data pipelines']"
1239,BANKING,1.2006651619502402,1.7152359456432003,0.0,"['mysql', 'aws', 'data warehousing', 'etl', 'data warehouse', 'linux', 'pandas', 'sql', 'python', 'git', 'data pipeline', 'spark', 'postgresql', 'apache spark', 'data pipelines']"
1240,INFORMATION-TECHNOLOGY,1.1969961424302837,1.7099944891861198,0.0,"['mysql', 'aws', 'data warehousing', 'etl', 'data warehouse', 'linux', 'pandas', 'sql', 'python', 'git', 'data pipeline', 'spark', 'postgresql', 'apache spark', 'data pipelines']"
1241,HR,1.1968452159030372,1.709778879861482,0.0,"['mysql', 'aws', 'data warehousing', 'etl', 'data warehouse', 'linux', 'pandas', 'sql', 'python', 'git', 'data pipeline', 'spark', 'postgresql', 'apache spark', 'data pipelines']"
1242,FITNESS,1.1956469149354478,1.7080670213363542,0.0,"['mysql', 'aws', 'data warehousing', 'etl', 'data warehouse', 'linux', 'pandas', 'sql', 'python', 'git', 'data pipeline', 'spark', 'postgresql', 'apache spark', 'data pipelines']"
1243,AVIATION,1.1942952470332495,1.7061360671903565,0.0,"['mysql', 'aws', 'data warehousing', 'etl', 'data warehouse', 'linux', 'pandas', 'sql', 'python', 'git', 'data pipeline', 'spark', 'postgresql', 'apache spark', 'data pipelines']"
1244,AVIATION,1.1934641086564632,1.7049487266520904,0.0,"['mysql', 'aws', 'data warehousing', 'etl', 'data warehouse', 'linux', 'pandas', 'sql', 'python', 'git', 'data pipeline', 'spark', 'postgresql', 'apache spark', 'data pipelines']"
1245,AVIATION,1.1934641086564632,1.7049487266520904,0.0,"['mysql', 'aws', 'data warehousing', 'etl', 'data warehouse', 'linux', 'pandas', 'sql', 'python', 'git', 'data pipeline', 'spark', 'postgresql', 'apache spark', 'data pipelines']"
1246,AGRICULTURE,1.189500082303715,1.6992858318624502,0.0,"['mysql', 'aws', 'data warehousing', 'etl', 'data warehouse', 'linux', 'pandas', 'sql', 'python', 'git', 'data pipeline', 'spark', 'postgresql', 'apache spark', 'data pipelines']"
1247,SALES,1.1878712194905692,1.6969588849865274,0.0,"['mysql', 'aws', 'data warehousing', 'etl', 'data warehouse', 'linux', 'pandas', 'sql', 'python', 'git', 'data pipeline', 'spark', 'postgresql', 'apache spark', 'data pipelines']"
1248,FINANCE,1.1854923291947808,1.6935604702782583,0.0,"['mysql', 'aws', 'data warehousing', 'etl', 'data warehouse', 'linux', 'pandas', 'sql', 'python', 'git', 'data pipeline', 'spark', 'postgresql', 'apache spark', 'data pipelines']"
1249,CONSTRUCTION,1.1839230847173443,1.6913186924533492,0.0,"['mysql', 'aws', 'data warehousing', 'etl', 'data warehouse', 'linux', 'pandas', 'sql', 'python', 'git', 'data pipeline', 'spark', 'postgresql', 'apache spark', 'data pipelines']"
1250,ENGINEERING,1.1832148032548668,1.6903068617926669,0.0,"['mysql', 'aws', 'data warehousing', 'etl', 'data warehouse', 'linux', 'pandas', 'sql', 'python', 'git', 'data pipeline', 'spark', 'postgresql', 'apache spark', 'data pipelines']"
1251,ARTS,1.1799723161590885,1.6856747373701266,0.0,"['mysql', 'aws', 'data warehousing', 'etl', 'data warehouse', 'linux', 'pandas', 'sql', 'python', 'git', 'data pipeline', 'spark', 'postgresql', 'apache spark', 'data pipelines']"
1252,PUBLIC-RELATIONS,1.1795679808369437,1.685097115481348,0.0,"['mysql', 'aws', 'data warehousing', 'etl', 'data warehouse', 'linux', 'pandas', 'sql', 'python', 'git', 'data pipeline', 'spark', 'postgresql', 'apache spark', 'data pipelines']"
1253,TEACHER,1.1785915297401108,1.6837021853430156,0.0,"['mysql', 'aws', 'data warehousing', 'etl', 'data warehouse', 'linux', 'pandas', 'sql', 'python', 'git', 'data pipeline', 'spark', 'postgresql', 'apache spark', 'data pipelines']"
1254,BANKING,1.1781806096226388,1.6831151566037699,0.0,"['mysql', 'aws', 'data warehousing', 'etl', 'data warehouse', 'linux', 'pandas', 'sql', 'python', 'git', 'data pipeline', 'spark', 'postgresql', 'apache spark', 'data pipelines']"
1255,FINANCE,1.1735049695149722,1.6764356707356747,0.0,"['mysql', 'aws', 'data warehousing', 'etl', 'data warehouse', 'linux', 'pandas', 'sql', 'python', 'git', 'data pipeline', 'spark', 'postgresql', 'apache spark', 'data pipelines']"
1256,CONSTRUCTION,1.173494392679912,1.676420560971303,0.0,"['mysql', 'aws', 'data warehousing', 'etl', 'data warehouse', 'linux', 'pandas', 'sql', 'python', 'git', 'data pipeline', 'spark', 'postgresql', 'apache spark', 'data pipelines']"
1257,INFORMATION-TECHNOLOGY,1.1731193936725441,1.6758848481036346,0.0,"['mysql', 'aws', 'data warehousing', 'etl', 'data warehouse', 'linux', 'pandas', 'sql', 'python', 'git', 'data pipeline', 'spark', 'postgresql', 'apache spark', 'data pipelines']"
1258,CONSULTANT,1.1728990293040993,1.675570041862999,0.0,"['mysql', 'aws', 'data warehousing', 'etl', 'data warehouse', 'linux', 'pandas', 'sql', 'python', 'git', 'data pipeline', 'spark', 'postgresql', 'apache spark', 'data pipelines']"
1259,ENGINEERING,1.1724912892042767,1.6749875560061098,0.0,"['mysql', 'aws', 'data warehousing', 'etl', 'data warehouse', 'linux', 'pandas', 'sql', 'python', 'git', 'data pipeline', 'spark', 'postgresql', 'apache spark', 'data pipelines']"
1260,CONSULTANT,1.1692731052141467,1.670390150305924,0.0,"['mysql', 'aws', 'data warehousing', 'etl', 'data warehouse', 'linux', 'pandas', 'sql', 'python', 'git', 'data pipeline', 'spark', 'postgresql', 'apache spark', 'data pipelines']"
1261,HR,1.1682411435988476,1.6689159194269252,0.0,"['mysql', 'aws', 'data warehousing', 'etl', 'data warehouse', 'linux', 'pandas', 'sql', 'python', 'git', 'data pipeline', 'spark', 'postgresql', 'apache spark', 'data pipelines']"
1262,AVIATION,1.1681501914973695,1.6687859878533853,0.0,"['mysql', 'aws', 'data warehousing', 'etl', 'data warehouse', 'linux', 'pandas', 'sql', 'python', 'git', 'data pipeline', 'spark', 'postgresql', 'apache spark', 'data pipelines']"
1263,SALES,1.1677658252883882,1.668236893269126,0.0,"['mysql', 'aws', 'data warehousing', 'etl', 'data warehouse', 'linux', 'pandas', 'sql', 'python', 'git', 'data pipeline', 'spark', 'postgresql', 'apache spark', 'data pipelines']"
1264,HEALTHCARE,1.1617640833715528,1.6596629762450756,0.0,"['mysql', 'aws', 'data warehousing', 'etl', 'data warehouse', 'linux', 'pandas', 'sql', 'python', 'git', 'data pipeline', 'spark', 'postgresql', 'apache spark', 'data pipelines']"
1265,PUBLIC-RELATIONS,1.1594797553663665,1.6563996505233807,0.0,"['mysql', 'aws', 'data warehousing', 'etl', 'data warehouse', 'linux', 'pandas', 'sql', 'python', 'git', 'data pipeline', 'spark', 'postgresql', 'apache spark', 'data pipelines']"
1266,AVIATION,1.1570582613887825,1.6529403734125467,0.0,"['mysql', 'aws', 'data warehousing', 'etl', 'data warehouse', 'linux', 'pandas', 'sql', 'python', 'git', 'data pipeline', 'spark', 'postgresql', 'apache spark', 'data pipelines']"
1267,TEACHER,1.1556566712324903,1.6509381017607005,0.0,"['mysql', 'aws', 'data warehousing', 'etl', 'data warehouse', 'linux', 'pandas', 'sql', 'python', 'git', 'data pipeline', 'spark', 'postgresql', 'apache spark', 'data pipelines']"
1268,FINANCE,1.1556535307014129,1.6509336152877327,0.0,"['mysql', 'aws', 'data warehousing', 'etl', 'data warehouse', 'linux', 'pandas', 'sql', 'python', 'git', 'data pipeline', 'spark', 'postgresql', 'apache spark', 'data pipelines']"
1269,FINANCE,1.1527249408236948,1.6467499154624212,0.0,"['mysql', 'aws', 'data warehousing', 'etl', 'data warehouse', 'linux', 'pandas', 'sql', 'python', 'git', 'data pipeline', 'spark', 'postgresql', 'apache spark', 'data pipelines']"
1270,ENGINEERING,1.1521478850672306,1.645925550096044,0.0,"['mysql', 'aws', 'data warehousing', 'etl', 'data warehouse', 'linux', 'pandas', 'sql', 'python', 'git', 'data pipeline', 'spark', 'postgresql', 'apache spark', 'data pipelines']"
1271,BANKING,1.151987175017893,1.6456959643112758,0.0,"['mysql', 'aws', 'data warehousing', 'etl', 'data warehouse', 'linux', 'pandas', 'sql', 'python', 'git', 'data pipeline', 'spark', 'postgresql', 'apache spark', 'data pipelines']"
1272,CONSTRUCTION,1.1511596820604844,1.6445138315149777,0.0,"['mysql', 'aws', 'data warehousing', 'etl', 'data warehouse', 'linux', 'pandas', 'sql', 'python', 'git', 'data pipeline', 'spark', 'postgresql', 'apache spark', 'data pipelines']"
1273,AVIATION,1.1505780200847346,1.6436828858353354,0.0,"['mysql', 'aws', 'data warehousing', 'etl', 'data warehouse', 'linux', 'pandas', 'sql', 'python', 'git', 'data pipeline', 'spark', 'postgresql', 'apache spark', 'data pipelines']"
1274,ACCOUNTANT,1.1505067193220107,1.6435810276028726,0.0,"['mysql', 'aws', 'data warehousing', 'etl', 'data warehouse', 'linux', 'pandas', 'sql', 'python', 'git', 'data pipeline', 'spark', 'postgresql', 'apache spark', 'data pipelines']"
1275,ACCOUNTANT,1.1498440145101385,1.642634306443055,0.0,"['mysql', 'aws', 'data warehousing', 'etl', 'data warehouse', 'linux', 'pandas', 'sql', 'python', 'git', 'data pipeline', 'spark', 'postgresql', 'apache spark', 'data pipelines']"
1276,BUSINESS-DEVELOPMENT,1.1491995063612044,1.6417135805160064,0.0,"['mysql', 'aws', 'data warehousing', 'etl', 'data warehouse', 'linux', 'pandas', 'sql', 'python', 'git', 'data pipeline', 'spark', 'postgresql', 'apache spark', 'data pipelines']"
1277,ADVOCATE,1.1438373067468217,1.6340532953526026,0.0,"['mysql', 'aws', 'data warehousing', 'etl', 'data warehouse', 'linux', 'pandas', 'sql', 'python', 'git', 'data pipeline', 'spark', 'postgresql', 'apache spark', 'data pipelines']"
1278,ARTS,1.1429875592481182,1.6328393703544548,0.0,"['mysql', 'aws', 'data warehousing', 'etl', 'data warehouse', 'linux', 'pandas', 'sql', 'python', 'git', 'data pipeline', 'spark', 'postgresql', 'apache spark', 'data pipelines']"
1279,HR,1.1419499536056745,1.631357076579535,0.0,"['mysql', 'aws', 'data warehousing', 'etl', 'data warehouse', 'linux', 'pandas', 'sql', 'python', 'git', 'data pipeline', 'spark', 'postgresql', 'apache spark', 'data pipelines']"
1280,BANKING,1.1417851750627486,1.6311216786610694,0.0,"['mysql', 'aws', 'data warehousing', 'etl', 'data warehouse', 'linux', 'pandas', 'sql', 'python', 'git', 'data pipeline', 'spark', 'postgresql', 'apache spark', 'data pipelines']"
1281,ARTS,1.1417668665575382,1.6310955236536262,0.0,"['mysql', 'aws', 'data warehousing', 'etl', 'data warehouse', 'linux', 'pandas', 'sql', 'python', 'git', 'data pipeline', 'spark', 'postgresql', 'apache spark', 'data pipelines']"
1282,PUBLIC-RELATIONS,1.1389734740435544,1.6271049629193637,0.0,"['mysql', 'aws', 'data warehousing', 'etl', 'data warehouse', 'linux', 'pandas', 'sql', 'python', 'git', 'data pipeline', 'spark', 'postgresql', 'apache spark', 'data pipelines']"
1283,HR,1.1351769791568895,1.6216813987955567,0.0,"['mysql', 'aws', 'data warehousing', 'etl', 'data warehouse', 'linux', 'pandas', 'sql', 'python', 'git', 'data pipeline', 'spark', 'postgresql', 'apache spark', 'data pipelines']"
1284,ADVOCATE,1.132200044142126,1.6174286344887516,0.0,"['mysql', 'aws', 'data warehousing', 'etl', 'data warehouse', 'linux', 'pandas', 'sql', 'python', 'git', 'data pipeline', 'spark', 'postgresql', 'apache spark', 'data pipelines']"
1285,BPO,1.1286886335326942,1.6124123336181346,0.0,"['mysql', 'aws', 'data warehousing', 'etl', 'data warehouse', 'linux', 'pandas', 'sql', 'python', 'git', 'data pipeline', 'spark', 'postgresql', 'apache spark', 'data pipelines']"
1286,CONSULTANT,1.1284947718599327,1.6121353883713325,0.0,"['mysql', 'aws', 'data warehousing', 'etl', 'data warehouse', 'linux', 'pandas', 'sql', 'python', 'git', 'data pipeline', 'spark', 'postgresql', 'apache spark', 'data pipelines']"
1287,HEALTHCARE,1.1275595530601774,1.6107993615145393,0.0,"['mysql', 'aws', 'data warehousing', 'etl', 'data warehouse', 'linux', 'pandas', 'sql', 'python', 'git', 'data pipeline', 'spark', 'postgresql', 'apache spark', 'data pipelines']"
1288,BANKING,1.1263577653333816,1.609082521904831,0.0,"['mysql', 'aws', 'data warehousing', 'etl', 'data warehouse', 'linux', 'pandas', 'sql', 'python', 'git', 'data pipeline', 'spark', 'postgresql', 'apache spark', 'data pipelines']"
1289,CONSTRUCTION,1.1212273768025771,1.6017533954322531,0.0,"['mysql', 'aws', 'data warehousing', 'etl', 'data warehouse', 'linux', 'pandas', 'sql', 'python', 'git', 'data pipeline', 'spark', 'postgresql', 'apache spark', 'data pipelines']"
1290,AGRICULTURE,1.120480850993023,1.600686929990033,0.0,"['mysql', 'aws', 'data warehousing', 'etl', 'data warehouse', 'linux', 'pandas', 'sql', 'python', 'git', 'data pipeline', 'spark', 'postgresql', 'apache spark', 'data pipelines']"
1291,CONSULTANT,1.1166140488468392,1.5951629269240561,0.0,"['mysql', 'aws', 'data warehousing', 'etl', 'data warehouse', 'linux', 'pandas', 'sql', 'python', 'git', 'data pipeline', 'spark', 'postgresql', 'apache spark', 'data pipelines']"
1292,ACCOUNTANT,1.115468425230525,1.5935263217578928,0.0,"['mysql', 'aws', 'data warehousing', 'etl', 'data warehouse', 'linux', 'pandas', 'sql', 'python', 'git', 'data pipeline', 'spark', 'postgresql', 'apache spark', 'data pipelines']"
1293,ARTS,1.115421270175703,1.5934589573938613,0.0,"['mysql', 'aws', 'data warehousing', 'etl', 'data warehouse', 'linux', 'pandas', 'sql', 'python', 'git', 'data pipeline', 'spark', 'postgresql', 'apache spark', 'data pipelines']"
1294,HR,1.1147915997694562,1.5925594282420803,0.0,"['mysql', 'aws', 'data warehousing', 'etl', 'data warehouse', 'linux', 'pandas', 'sql', 'python', 'git', 'data pipeline', 'spark', 'postgresql', 'apache spark', 'data pipelines']"
1295,CHEF,1.1129319560456215,1.5899027943508879,0.0,"['mysql', 'aws', 'data warehousing', 'etl', 'data warehouse', 'linux', 'pandas', 'sql', 'python', 'git', 'data pipeline', 'spark', 'postgresql', 'apache spark', 'data pipelines']"
1296,INFORMATION-TECHNOLOGY,1.1125276806463764,1.5893252580662522,0.0,"['mysql', 'aws', 'data warehousing', 'etl', 'data warehouse', 'linux', 'pandas', 'sql', 'python', 'git', 'data pipeline', 'spark', 'postgresql', 'apache spark', 'data pipelines']"
1297,ARTS,1.1123222055504303,1.5890317222149004,0.0,"['mysql', 'aws', 'data warehousing', 'etl', 'data warehouse', 'linux', 'pandas', 'sql', 'python', 'git', 'data pipeline', 'spark', 'postgresql', 'apache spark', 'data pipelines']"
1298,CONSTRUCTION,1.108090537827063,1.58298648261009,0.0,"['mysql', 'aws', 'data warehousing', 'etl', 'data warehouse', 'linux', 'pandas', 'sql', 'python', 'git', 'data pipeline', 'spark', 'postgresql', 'apache spark', 'data pipelines']"
1299,ACCOUNTANT,1.1057232451485945,1.5796046359265636,0.0,"['mysql', 'aws', 'data warehousing', 'etl', 'data warehouse', 'linux', 'pandas', 'sql', 'python', 'git', 'data pipeline', 'spark', 'postgresql', 'apache spark', 'data pipelines']"
1300,AUTOMOBILE,1.1052581355234876,1.5789401936049825,0.0,"['mysql', 'aws', 'data warehousing', 'etl', 'data warehouse', 'linux', 'pandas', 'sql', 'python', 'git', 'data pipeline', 'spark', 'postgresql', 'apache spark', 'data pipelines']"
1301,ARTS,1.1044094586052826,1.5777277980075468,0.0,"['mysql', 'aws', 'data warehousing', 'etl', 'data warehouse', 'linux', 'pandas', 'sql', 'python', 'git', 'data pipeline', 'spark', 'postgresql', 'apache spark', 'data pipelines']"
1302,ACCOUNTANT,1.1041880407890405,1.5774114868414866,0.0,"['mysql', 'aws', 'data warehousing', 'etl', 'data warehouse', 'linux', 'pandas', 'sql', 'python', 'git', 'data pipeline', 'spark', 'postgresql', 'apache spark', 'data pipelines']"
1303,BUSINESS-DEVELOPMENT,1.102522447272099,1.57503206753157,0.0,"['mysql', 'aws', 'data warehousing', 'etl', 'data warehouse', 'linux', 'pandas', 'sql', 'python', 'git', 'data pipeline', 'spark', 'postgresql', 'apache spark', 'data pipelines']"
1304,CONSTRUCTION,1.0971950720309538,1.5674215314727913,0.0,"['mysql', 'aws', 'data warehousing', 'etl', 'data warehouse', 'linux', 'pandas', 'sql', 'python', 'git', 'data pipeline', 'spark', 'postgresql', 'apache spark', 'data pipelines']"
1305,SALES,1.095917700059326,1.5655967143704659,0.0,"['mysql', 'aws', 'data warehousing', 'etl', 'data warehouse', 'linux', 'pandas', 'sql', 'python', 'git', 'data pipeline', 'spark', 'postgresql', 'apache spark', 'data pipelines']"
1306,TEACHER,1.0944831085734237,1.563547297962034,0.0,"['mysql', 'aws', 'data warehousing', 'etl', 'data warehouse', 'linux', 'pandas', 'sql', 'python', 'git', 'data pipeline', 'spark', 'postgresql', 'apache spark', 'data pipelines']"
1307,CONSULTANT,1.0930676130310863,1.5615251614729806,0.0,"['mysql', 'aws', 'data warehousing', 'etl', 'data warehouse', 'linux', 'pandas', 'sql', 'python', 'git', 'data pipeline', 'spark', 'postgresql', 'apache spark', 'data pipelines']"
1308,AUTOMOBILE,1.0923329528669976,1.5604756469528538,0.0,"['mysql', 'aws', 'data warehousing', 'etl', 'data warehouse', 'linux', 'pandas', 'sql', 'python', 'git', 'data pipeline', 'spark', 'postgresql', 'apache spark', 'data pipelines']"
1309,ARTS,1.0864695258173593,1.5520993225962278,0.0,"['mysql', 'aws', 'data warehousing', 'etl', 'data warehouse', 'linux', 'pandas', 'sql', 'python', 'git', 'data pipeline', 'spark', 'postgresql', 'apache spark', 'data pipelines']"
1310,HEALTHCARE,1.0863516858180664,1.5519309797400949,0.0,"['mysql', 'aws', 'data warehousing', 'etl', 'data warehouse', 'linux', 'pandas', 'sql', 'python', 'git', 'data pipeline', 'spark', 'postgresql', 'apache spark', 'data pipelines']"
1311,ACCOUNTANT,1.0844705200670852,1.5492436000958363,0.0,"['mysql', 'aws', 'data warehousing', 'etl', 'data warehouse', 'linux', 'pandas', 'sql', 'python', 'git', 'data pipeline', 'spark', 'postgresql', 'apache spark', 'data pipelines']"
1312,ADVOCATE,1.0836162509093787,1.548023215584827,0.0,"['mysql', 'aws', 'data warehousing', 'etl', 'data warehouse', 'linux', 'pandas', 'sql', 'python', 'git', 'data pipeline', 'spark', 'postgresql', 'apache spark', 'data pipelines']"
1313,CHEF,1.0815886597586535,1.5451266567980766,0.0,"['mysql', 'aws', 'data warehousing', 'etl', 'data warehouse', 'linux', 'pandas', 'sql', 'python', 'git', 'data pipeline', 'spark', 'postgresql', 'apache spark', 'data pipelines']"
1314,BUSINESS-DEVELOPMENT,1.0776471831441259,1.5394959759201798,0.0,"['mysql', 'aws', 'data warehousing', 'etl', 'data warehouse', 'linux', 'pandas', 'sql', 'python', 'git', 'data pipeline', 'spark', 'postgresql', 'apache spark', 'data pipelines']"
1315,ACCOUNTANT,1.0774289766228833,1.5391842523184047,0.0,"['mysql', 'aws', 'data warehousing', 'etl', 'data warehouse', 'linux', 'pandas', 'sql', 'python', 'git', 'data pipeline', 'spark', 'postgresql', 'apache spark', 'data pipelines']"
1316,ADVOCATE,1.0758081788046077,1.5368688268637254,0.0,"['mysql', 'aws', 'data warehousing', 'etl', 'data warehouse', 'linux', 'pandas', 'sql', 'python', 'git', 'data pipeline', 'spark', 'postgresql', 'apache spark', 'data pipelines']"
1317,CONSULTANT,1.0725225808219685,1.532175115459955,0.0,"['mysql', 'aws', 'data warehousing', 'etl', 'data warehouse', 'linux', 'pandas', 'sql', 'python', 'git', 'data pipeline', 'spark', 'postgresql', 'apache spark', 'data pipelines']"
1318,AGRICULTURE,1.0699772020276328,1.5285388600394756,0.0,"['mysql', 'aws', 'data warehousing', 'etl', 'data warehouse', 'linux', 'pandas', 'sql', 'python', 'git', 'data pipeline', 'spark', 'postgresql', 'apache spark', 'data pipelines']"
1319,AGRICULTURE,1.0664493017707257,1.5234990025296082,0.0,"['mysql', 'aws', 'data warehousing', 'etl', 'data warehouse', 'linux', 'pandas', 'sql', 'python', 'git', 'data pipeline', 'spark', 'postgresql', 'apache spark', 'data pipelines']"
1320,ENGINEERING,1.0648438648786132,1.5212055212551618,0.0,"['mysql', 'aws', 'data warehousing', 'etl', 'data warehouse', 'linux', 'pandas', 'sql', 'python', 'git', 'data pipeline', 'spark', 'postgresql', 'apache spark', 'data pipelines']"
1321,ENGINEERING,1.064635334498707,1.5209076207124386,0.0,"['mysql', 'aws', 'data warehousing', 'etl', 'data warehouse', 'linux', 'pandas', 'sql', 'python', 'git', 'data pipeline', 'spark', 'postgresql', 'apache spark', 'data pipelines']"
1322,FINANCE,1.0626006437446194,1.5180009196351707,0.0,"['mysql', 'aws', 'data warehousing', 'etl', 'data warehouse', 'linux', 'pandas', 'sql', 'python', 'git', 'data pipeline', 'spark', 'postgresql', 'apache spark', 'data pipelines']"
1323,BUSINESS-DEVELOPMENT,1.0619676962098552,1.517096708871222,0.0,"['mysql', 'aws', 'data warehousing', 'etl', 'data warehouse', 'linux', 'pandas', 'sql', 'python', 'git', 'data pipeline', 'spark', 'postgresql', 'apache spark', 'data pipelines']"
1324,ACCOUNTANT,1.0607152672437443,1.5153075246339207,0.0,"['mysql', 'aws', 'data warehousing', 'etl', 'data warehouse', 'linux', 'pandas', 'sql', 'python', 'git', 'data pipeline', 'spark', 'postgresql', 'apache spark', 'data pipelines']"
1325,BUSINESS-DEVELOPMENT,1.059418552073832,1.5134550743911885,0.0,"['mysql', 'aws', 'data warehousing', 'etl', 'data warehouse', 'linux', 'pandas', 'sql', 'python', 'git', 'data pipeline', 'spark', 'postgresql', 'apache spark', 'data pipelines']"
1326,BUSINESS-DEVELOPMENT,1.05597664705695,1.5085380672242144,0.0,"['mysql', 'aws', 'data warehousing', 'etl', 'data warehouse', 'linux', 'pandas', 'sql', 'python', 'git', 'data pipeline', 'spark', 'postgresql', 'apache spark', 'data pipelines']"
1327,ENGINEERING,1.0519067315646216,1.5027239022351737,0.0,"['mysql', 'aws', 'data warehousing', 'etl', 'data warehouse', 'linux', 'pandas', 'sql', 'python', 'git', 'data pipeline', 'spark', 'postgresql', 'apache spark', 'data pipelines']"
1328,SALES,1.050785916717551,1.5011227381679302,0.0,"['mysql', 'aws', 'data warehousing', 'etl', 'data warehouse', 'linux', 'pandas', 'sql', 'python', 'git', 'data pipeline', 'spark', 'postgresql', 'apache spark', 'data pipelines']"
1329,APPAREL,1.0486853078992722,1.4981218684275317,0.0,"['mysql', 'aws', 'data warehousing', 'etl', 'data warehouse', 'linux', 'pandas', 'sql', 'python', 'git', 'data pipeline', 'spark', 'postgresql', 'apache spark', 'data pipelines']"
1330,ACCOUNTANT,1.0470383256376443,1.4957690366252063,0.0,"['mysql', 'aws', 'data warehousing', 'etl', 'data warehouse', 'linux', 'pandas', 'sql', 'python', 'git', 'data pipeline', 'spark', 'postgresql', 'apache spark', 'data pipelines']"
1331,ADVOCATE,1.0454279331650804,1.493468475950115,0.0,"['mysql', 'aws', 'data warehousing', 'etl', 'data warehouse', 'linux', 'pandas', 'sql', 'python', 'git', 'data pipeline', 'spark', 'postgresql', 'apache spark', 'data pipelines']"
1332,ACCOUNTANT,1.0427585316434065,1.4896550452048665,0.0,"['mysql', 'aws', 'data warehousing', 'etl', 'data warehouse', 'linux', 'pandas', 'sql', 'python', 'git', 'data pipeline', 'spark', 'postgresql', 'apache spark', 'data pipelines']"
1333,AVIATION,1.0408338276732345,1.4869054681046208,0.0,"['mysql', 'aws', 'data warehousing', 'etl', 'data warehouse', 'linux', 'pandas', 'sql', 'python', 'git', 'data pipeline', 'spark', 'postgresql', 'apache spark', 'data pipelines']"
1334,ARTS,1.0355471687540336,1.4793530982200482,0.0,"['mysql', 'aws', 'data warehousing', 'etl', 'data warehouse', 'linux', 'pandas', 'sql', 'python', 'git', 'data pipeline', 'spark', 'postgresql', 'apache spark', 'data pipelines']"
1335,SALES,1.0340002034577291,1.477143147796756,0.0,"['mysql', 'aws', 'data warehousing', 'etl', 'data warehouse', 'linux', 'pandas', 'sql', 'python', 'git', 'data pipeline', 'spark', 'postgresql', 'apache spark', 'data pipelines']"
1336,CONSTRUCTION,1.0327455246156878,1.4753507494509825,0.0,"['mysql', 'aws', 'data warehousing', 'etl', 'data warehouse', 'linux', 'pandas', 'sql', 'python', 'git', 'data pipeline', 'spark', 'postgresql', 'apache spark', 'data pipelines']"
1337,INFORMATION-TECHNOLOGY,1.032511285768383,1.4750161225262615,0.0,"['mysql', 'aws', 'data warehousing', 'etl', 'data warehouse', 'linux', 'pandas', 'sql', 'python', 'git', 'data pipeline', 'spark', 'postgresql', 'apache spark', 'data pipelines']"
1338,ACCOUNTANT,1.0309978422782797,1.4728540603975426,0.0,"['mysql', 'aws', 'data warehousing', 'etl', 'data warehouse', 'linux', 'pandas', 'sql', 'python', 'git', 'data pipeline', 'spark', 'postgresql', 'apache spark', 'data pipelines']"
1339,FITNESS,1.0300267645831254,1.471466806547322,0.0,"['mysql', 'aws', 'data warehousing', 'etl', 'data warehouse', 'linux', 'pandas', 'sql', 'python', 'git', 'data pipeline', 'spark', 'postgresql', 'apache spark', 'data pipelines']"
1340,TEACHER,1.0297039183541632,1.4710055976488046,0.0,"['mysql', 'aws', 'data warehousing', 'etl', 'data warehouse', 'linux', 'pandas', 'sql', 'python', 'git', 'data pipeline', 'spark', 'postgresql', 'apache spark', 'data pipelines']"
1341,HEALTHCARE,1.0265099543198508,1.4664427918855012,0.0,"['mysql', 'aws', 'data warehousing', 'etl', 'data warehouse', 'linux', 'pandas', 'sql', 'python', 'git', 'data pipeline', 'spark', 'postgresql', 'apache spark', 'data pipelines']"
1342,ARTS,1.0264317671975447,1.4663310959964926,0.0,"['mysql', 'aws', 'data warehousing', 'etl', 'data warehouse', 'linux', 'pandas', 'sql', 'python', 'git', 'data pipeline', 'spark', 'postgresql', 'apache spark', 'data pipelines']"
1343,BANKING,1.0244682821642528,1.463526117377504,0.0,"['mysql', 'aws', 'data warehousing', 'etl', 'data warehouse', 'linux', 'pandas', 'sql', 'python', 'git', 'data pipeline', 'spark', 'postgresql', 'apache spark', 'data pipelines']"
1344,FITNESS,1.0233900275015768,1.4619857535736813,0.0,"['mysql', 'aws', 'data warehousing', 'etl', 'data warehouse', 'linux', 'pandas', 'sql', 'python', 'git', 'data pipeline', 'spark', 'postgresql', 'apache spark', 'data pipelines']"
1345,HEALTHCARE,1.0205428019483538,1.4579182884976483,0.0,"['mysql', 'aws', 'data warehousing', 'etl', 'data warehouse', 'linux', 'pandas', 'sql', 'python', 'git', 'data pipeline', 'spark', 'postgresql', 'apache spark', 'data pipelines']"
1346,BPO,1.0201069055813148,1.4572955794018783,0.0,"['mysql', 'aws', 'data warehousing', 'etl', 'data warehouse', 'linux', 'pandas', 'sql', 'python', 'git', 'data pipeline', 'spark', 'postgresql', 'apache spark', 'data pipelines']"
1347,AGRICULTURE,1.0169225709275411,1.4527465298964874,0.0,"['mysql', 'aws', 'data warehousing', 'etl', 'data warehouse', 'linux', 'pandas', 'sql', 'python', 'git', 'data pipeline', 'spark', 'postgresql', 'apache spark', 'data pipelines']"
1348,BUSINESS-DEVELOPMENT,1.01663233688477,1.452331909835386,0.0,"['mysql', 'aws', 'data warehousing', 'etl', 'data warehouse', 'linux', 'pandas', 'sql', 'python', 'git', 'data pipeline', 'spark', 'postgresql', 'apache spark', 'data pipelines']"
1349,DIGITAL-MEDIA,1.0151562322950338,1.4502231889929056,0.0,"['mysql', 'aws', 'data warehousing', 'etl', 'data warehouse', 'linux', 'pandas', 'sql', 'python', 'git', 'data pipeline', 'spark', 'postgresql', 'apache spark', 'data pipelines']"
1350,ACCOUNTANT,1.014661973410348,1.4495171048719258,0.0,"['mysql', 'aws', 'data warehousing', 'etl', 'data warehouse', 'linux', 'pandas', 'sql', 'python', 'git', 'data pipeline', 'spark', 'postgresql', 'apache spark', 'data pipelines']"
1351,TEACHER,1.0130731680388463,1.4472473829126378,0.0,"['mysql', 'aws', 'data warehousing', 'etl', 'data warehouse', 'linux', 'pandas', 'sql', 'python', 'git', 'data pipeline', 'spark', 'postgresql', 'apache spark', 'data pipelines']"
1352,ADVOCATE,1.0087001294004745,1.4410001848578209,0.0,"['mysql', 'aws', 'data warehousing', 'etl', 'data warehouse', 'linux', 'pandas', 'sql', 'python', 'git', 'data pipeline', 'spark', 'postgresql', 'apache spark', 'data pipelines']"
1353,PUBLIC-RELATIONS,1.0081521622629823,1.4402173746614035,0.0,"['mysql', 'aws', 'data warehousing', 'etl', 'data warehouse', 'linux', 'pandas', 'sql', 'python', 'git', 'data pipeline', 'spark', 'postgresql', 'apache spark', 'data pipelines']"
1354,AVIATION,1.0080719208227087,1.440102744032441,0.0,"['mysql', 'aws', 'data warehousing', 'etl', 'data warehouse', 'linux', 'pandas', 'sql', 'python', 'git', 'data pipeline', 'spark', 'postgresql', 'apache spark', 'data pipelines']"
1355,BUSINESS-DEVELOPMENT,1.0072128971187975,1.438875567312568,0.0,"['mysql', 'aws', 'data warehousing', 'etl', 'data warehouse', 'linux', 'pandas', 'sql', 'python', 'git', 'data pipeline', 'spark', 'postgresql', 'apache spark', 'data pipelines']"
1356,CONSULTANT,1.0068477688886823,1.4383539555552607,0.0,"['mysql', 'aws', 'data warehousing', 'etl', 'data warehouse', 'linux', 'pandas', 'sql', 'python', 'git', 'data pipeline', 'spark', 'postgresql', 'apache spark', 'data pipelines']"
1357,AVIATION,1.0067028320618465,1.438146902945495,0.0,"['mysql', 'aws', 'data warehousing', 'etl', 'data warehouse', 'linux', 'pandas', 'sql', 'python', 'git', 'data pipeline', 'spark', 'postgresql', 'apache spark', 'data pipelines']"
1358,PUBLIC-RELATIONS,1.0042248384903636,1.434606912129091,0.0,"['mysql', 'aws', 'data warehousing', 'etl', 'data warehouse', 'linux', 'pandas', 'sql', 'python', 'git', 'data pipeline', 'spark', 'postgresql', 'apache spark', 'data pipelines']"
1359,ACCOUNTANT,1.0031956857023487,1.4331366938604984,0.0,"['mysql', 'aws', 'data warehousing', 'etl', 'data warehouse', 'linux', 'pandas', 'sql', 'python', 'git', 'data pipeline', 'spark', 'postgresql', 'apache spark', 'data pipelines']"
1360,SALES,1.0030729544937607,1.4329613635625154,0.0,"['mysql', 'aws', 'data warehousing', 'etl', 'data warehouse', 'linux', 'pandas', 'sql', 'python', 'git', 'data pipeline', 'spark', 'postgresql', 'apache spark', 'data pipelines']"
1361,SALES,1.0019682994533168,1.43138328493331,0.0,"['mysql', 'aws', 'data warehousing', 'etl', 'data warehouse', 'linux', 'pandas', 'sql', 'python', 'git', 'data pipeline', 'spark', 'postgresql', 'apache spark', 'data pipelines']"
1362,HR,1.001048678727495,1.4300695410392787,0.0,"['mysql', 'aws', 'data warehousing', 'etl', 'data warehouse', 'linux', 'pandas', 'sql', 'python', 'git', 'data pipeline', 'spark', 'postgresql', 'apache spark', 'data pipelines']"
1363,AVIATION,0.9991452881147732,1.4273504115925333,0.0,"['mysql', 'aws', 'data warehousing', 'etl', 'data warehouse', 'linux', 'pandas', 'sql', 'python', 'git', 'data pipeline', 'spark', 'postgresql', 'apache spark', 'data pipelines']"
1364,BUSINESS-DEVELOPMENT,0.9989192482053355,1.4270274974361936,0.0,"['mysql', 'aws', 'data warehousing', 'etl', 'data warehouse', 'linux', 'pandas', 'sql', 'python', 'git', 'data pipeline', 'spark', 'postgresql', 'apache spark', 'data pipelines']"
1365,PUBLIC-RELATIONS,0.9967492029825206,1.4239274328321723,0.0,"['mysql', 'aws', 'data warehousing', 'etl', 'data warehouse', 'linux', 'pandas', 'sql', 'python', 'git', 'data pipeline', 'spark', 'postgresql', 'apache spark', 'data pipelines']"
1366,FINANCE,0.9935383411567725,1.419340487366818,0.0,"['mysql', 'aws', 'data warehousing', 'etl', 'data warehouse', 'linux', 'pandas', 'sql', 'python', 'git', 'data pipeline', 'spark', 'postgresql', 'apache spark', 'data pipelines']"
1367,DIGITAL-MEDIA,0.988452510124326,1.412075014463323,0.0,"['mysql', 'aws', 'data warehousing', 'etl', 'data warehouse', 'linux', 'pandas', 'sql', 'python', 'git', 'data pipeline', 'spark', 'postgresql', 'apache spark', 'data pipelines']"
1368,FITNESS,0.9865128464538777,1.4093040663626826,0.0,"['mysql', 'aws', 'data warehousing', 'etl', 'data warehouse', 'linux', 'pandas', 'sql', 'python', 'git', 'data pipeline', 'spark', 'postgresql', 'apache spark', 'data pipelines']"
1369,BUSINESS-DEVELOPMENT,0.9860572566305582,1.4086532237579403,0.0,"['mysql', 'aws', 'data warehousing', 'etl', 'data warehouse', 'linux', 'pandas', 'sql', 'python', 'git', 'data pipeline', 'spark', 'postgresql', 'apache spark', 'data pipelines']"
1370,SALES,0.9768511506676805,1.3955016438109722,0.0,"['mysql', 'aws', 'data warehousing', 'etl', 'data warehouse', 'linux', 'pandas', 'sql', 'python', 'git', 'data pipeline', 'spark', 'postgresql', 'apache spark', 'data pipelines']"
1371,CHEF,0.9766742671943598,1.3952489531347998,0.0,"['mysql', 'aws', 'data warehousing', 'etl', 'data warehouse', 'linux', 'pandas', 'sql', 'python', 'git', 'data pipeline', 'spark', 'postgresql', 'apache spark', 'data pipelines']"
1372,ARTS,0.9757924655184516,1.393989236454931,0.0,"['mysql', 'aws', 'data warehousing', 'etl', 'data warehouse', 'linux', 'pandas', 'sql', 'python', 'git', 'data pipeline', 'spark', 'postgresql', 'apache spark', 'data pipelines']"
1373,AVIATION,0.971189243385265,1.387413204836093,0.0,"['mysql', 'aws', 'data warehousing', 'etl', 'data warehouse', 'linux', 'pandas', 'sql', 'python', 'git', 'data pipeline', 'spark', 'postgresql', 'apache spark', 'data pipelines']"
1374,BUSINESS-DEVELOPMENT,0.9711817237674877,1.3874024625249826,0.0,"['mysql', 'aws', 'data warehousing', 'etl', 'data warehouse', 'linux', 'pandas', 'sql', 'python', 'git', 'data pipeline', 'spark', 'postgresql', 'apache spark', 'data pipelines']"
1375,BANKING,0.970529495046974,1.386470707209963,0.0,"['mysql', 'aws', 'data warehousing', 'etl', 'data warehouse', 'linux', 'pandas', 'sql', 'python', 'git', 'data pipeline', 'spark', 'postgresql', 'apache spark', 'data pipelines']"
1376,HEALTHCARE,0.9702677596691823,1.3860967995274034,0.0,"['mysql', 'aws', 'data warehousing', 'etl', 'data warehouse', 'linux', 'pandas', 'sql', 'python', 'git', 'data pipeline', 'spark', 'postgresql', 'apache spark', 'data pipelines']"
1377,FITNESS,0.9696712681023747,1.3852446687176783,0.0,"['mysql', 'aws', 'data warehousing', 'etl', 'data warehouse', 'linux', 'pandas', 'sql', 'python', 'git', 'data pipeline', 'spark', 'postgresql', 'apache spark', 'data pipelines']"
1378,TEACHER,0.9680765666261661,1.382966523751666,0.0,"['mysql', 'aws', 'data warehousing', 'etl', 'data warehouse', 'linux', 'pandas', 'sql', 'python', 'git', 'data pipeline', 'spark', 'postgresql', 'apache spark', 'data pipelines']"
1379,ENGINEERING,0.9650703452892133,1.3786719218417334,0.0,"['mysql', 'aws', 'data warehousing', 'etl', 'data warehouse', 'linux', 'pandas', 'sql', 'python', 'git', 'data pipeline', 'spark', 'postgresql', 'apache spark', 'data pipelines']"
1380,BUSINESS-DEVELOPMENT,0.9619780933532287,1.374254419076041,0.0,"['mysql', 'aws', 'data warehousing', 'etl', 'data warehouse', 'linux', 'pandas', 'sql', 'python', 'git', 'data pipeline', 'spark', 'postgresql', 'apache spark', 'data pipelines']"
1381,BUSINESS-DEVELOPMENT,0.9618655896924113,1.3740936995605877,0.0,"['mysql', 'aws', 'data warehousing', 'etl', 'data warehouse', 'linux', 'pandas', 'sql', 'python', 'git', 'data pipeline', 'spark', 'postgresql', 'apache spark', 'data pipelines']"
1382,FINANCE,0.9595335045982193,1.3707621494260276,0.0,"['mysql', 'aws', 'data warehousing', 'etl', 'data warehouse', 'linux', 'pandas', 'sql', 'python', 'git', 'data pipeline', 'spark', 'postgresql', 'apache spark', 'data pipelines']"
1383,BANKING,0.9591773035235774,1.3702532907479679,0.0,"['mysql', 'aws', 'data warehousing', 'etl', 'data warehouse', 'linux', 'pandas', 'sql', 'python', 'git', 'data pipeline', 'spark', 'postgresql', 'apache spark', 'data pipelines']"
1384,ACCOUNTANT,0.9570627005092242,1.3672324292988918,0.0,"['mysql', 'aws', 'data warehousing', 'etl', 'data warehouse', 'linux', 'pandas', 'sql', 'python', 'git', 'data pipeline', 'spark', 'postgresql', 'apache spark', 'data pipelines']"
1385,ACCOUNTANT,0.9569118683169038,1.367016954738434,0.0,"['mysql', 'aws', 'data warehousing', 'etl', 'data warehouse', 'linux', 'pandas', 'sql', 'python', 'git', 'data pipeline', 'spark', 'postgresql', 'apache spark', 'data pipelines']"
1386,TEACHER,0.955749478365177,1.3653563976645386,0.0,"['mysql', 'aws', 'data warehousing', 'etl', 'data warehouse', 'linux', 'pandas', 'sql', 'python', 'git', 'data pipeline', 'spark', 'postgresql', 'apache spark', 'data pipelines']"
1387,AGRICULTURE,0.9534361532382052,1.3620516474831503,0.0,"['mysql', 'aws', 'data warehousing', 'etl', 'data warehouse', 'linux', 'pandas', 'sql', 'python', 'git', 'data pipeline', 'spark', 'postgresql', 'apache spark', 'data pipelines']"
1388,BANKING,0.9531311682371372,1.3616159546244817,0.0,"['mysql', 'aws', 'data warehousing', 'etl', 'data warehouse', 'linux', 'pandas', 'sql', 'python', 'git', 'data pipeline', 'spark', 'postgresql', 'apache spark', 'data pipelines']"
1389,ADVOCATE,0.9508754041870607,1.358393434552944,0.0,"['mysql', 'aws', 'data warehousing', 'etl', 'data warehouse', 'linux', 'pandas', 'sql', 'python', 'git', 'data pipeline', 'spark', 'postgresql', 'apache spark', 'data pipelines']"
1390,APPAREL,0.9503663144283111,1.357666163469016,0.0,"['mysql', 'aws', 'data warehousing', 'etl', 'data warehouse', 'linux', 'pandas', 'sql', 'python', 'git', 'data pipeline', 'spark', 'postgresql', 'apache spark', 'data pipelines']"
1391,AVIATION,0.950186988998379,1.3574099842833987,0.0,"['mysql', 'aws', 'data warehousing', 'etl', 'data warehouse', 'linux', 'pandas', 'sql', 'python', 'git', 'data pipeline', 'spark', 'postgresql', 'apache spark', 'data pipelines']"
1392,ACCOUNTANT,0.9479772536222356,1.3542532194603367,0.0,"['mysql', 'aws', 'data warehousing', 'etl', 'data warehouse', 'linux', 'pandas', 'sql', 'python', 'git', 'data pipeline', 'spark', 'postgresql', 'apache spark', 'data pipelines']"
1393,ENGINEERING,0.9462841790422006,1.3518345414888582,0.0,"['mysql', 'aws', 'data warehousing', 'etl', 'data warehouse', 'linux', 'pandas', 'sql', 'python', 'git', 'data pipeline', 'spark', 'postgresql', 'apache spark', 'data pipelines']"
1394,ACCOUNTANT,0.9461832274633535,1.351690324947648,0.0,"['mysql', 'aws', 'data warehousing', 'etl', 'data warehouse', 'linux', 'pandas', 'sql', 'python', 'git', 'data pipeline', 'spark', 'postgresql', 'apache spark', 'data pipelines']"
1395,FINANCE,0.9457890770272865,1.3511272528961238,0.0,"['mysql', 'aws', 'data warehousing', 'etl', 'data warehouse', 'linux', 'pandas', 'sql', 'python', 'git', 'data pipeline', 'spark', 'postgresql', 'apache spark', 'data pipelines']"
1396,HR,0.943909939565944,1.3484427708084916,0.0,"['mysql', 'aws', 'data warehousing', 'etl', 'data warehouse', 'linux', 'pandas', 'sql', 'python', 'git', 'data pipeline', 'spark', 'postgresql', 'apache spark', 'data pipelines']"
1397,CONSTRUCTION,0.9430563330213699,1.3472233328876715,0.0,"['mysql', 'aws', 'data warehousing', 'etl', 'data warehouse', 'linux', 'pandas', 'sql', 'python', 'git', 'data pipeline', 'spark', 'postgresql', 'apache spark', 'data pipelines']"
1398,BUSINESS-DEVELOPMENT,0.942599733933939,1.3465710484770559,0.0,"['mysql', 'aws', 'data warehousing', 'etl', 'data warehouse', 'linux', 'pandas', 'sql', 'python', 'git', 'data pipeline', 'spark', 'postgresql', 'apache spark', 'data pipelines']"
1399,HEALTHCARE,0.9422293841320086,1.346041977331441,0.0,"['mysql', 'aws', 'data warehousing', 'etl', 'data warehouse', 'linux', 'pandas', 'sql', 'python', 'git', 'data pipeline', 'spark', 'postgresql', 'apache spark', 'data pipelines']"
1400,DESIGNER,0.9410382216135962,1.3443403165908518,0.0,"['mysql', 'aws', 'data warehousing', 'etl', 'data warehouse', 'linux', 'pandas', 'sql', 'python', 'git', 'data pipeline', 'spark', 'postgresql', 'apache spark', 'data pipelines']"
1401,ACCOUNTANT,0.940550674944633,1.3436438213494757,0.0,"['mysql', 'aws', 'data warehousing', 'etl', 'data warehouse', 'linux', 'pandas', 'sql', 'python', 'git', 'data pipeline', 'spark', 'postgresql', 'apache spark', 'data pipelines']"
1402,CONSULTANT,0.9402923518782648,1.3432747883975211,0.0,"['mysql', 'aws', 'data warehousing', 'etl', 'data warehouse', 'linux', 'pandas', 'sql', 'python', 'git', 'data pipeline', 'spark', 'postgresql', 'apache spark', 'data pipelines']"
1403,APPAREL,0.9402785811268468,1.3432551158954955,0.0,"['mysql', 'aws', 'data warehousing', 'etl', 'data warehouse', 'linux', 'pandas', 'sql', 'python', 'git', 'data pipeline', 'spark', 'postgresql', 'apache spark', 'data pipelines']"
1404,FINANCE,0.9380933199583095,1.3401333142261564,0.0,"['mysql', 'aws', 'data warehousing', 'etl', 'data warehouse', 'linux', 'pandas', 'sql', 'python', 'git', 'data pipeline', 'spark', 'postgresql', 'apache spark', 'data pipelines']"
1405,BUSINESS-DEVELOPMENT,0.9379940452222135,1.3399914931745909,0.0,"['mysql', 'aws', 'data warehousing', 'etl', 'data warehouse', 'linux', 'pandas', 'sql', 'python', 'git', 'data pipeline', 'spark', 'postgresql', 'apache spark', 'data pipelines']"
1406,ACCOUNTANT,0.9366154834752844,1.3380221192504065,0.0,"['mysql', 'aws', 'data warehousing', 'etl', 'data warehouse', 'linux', 'pandas', 'sql', 'python', 'git', 'data pipeline', 'spark', 'postgresql', 'apache spark', 'data pipelines']"
1407,BUSINESS-DEVELOPMENT,0.9364260706186102,1.3377515294551574,0.0,"['mysql', 'aws', 'data warehousing', 'etl', 'data warehouse', 'linux', 'pandas', 'sql', 'python', 'git', 'data pipeline', 'spark', 'postgresql', 'apache spark', 'data pipelines']"
1408,HEALTHCARE,0.9345738029458459,1.33510543277978,0.0,"['mysql', 'aws', 'data warehousing', 'etl', 'data warehouse', 'linux', 'pandas', 'sql', 'python', 'git', 'data pipeline', 'spark', 'postgresql', 'apache spark', 'data pipelines']"
1409,BANKING,0.9333236196392433,1.3333194566274904,0.0,"['mysql', 'aws', 'data warehousing', 'etl', 'data warehouse', 'linux', 'pandas', 'sql', 'python', 'git', 'data pipeline', 'spark', 'postgresql', 'apache spark', 'data pipelines']"
1410,SALES,0.9329029531729667,1.3327185045328096,0.0,"['mysql', 'aws', 'data warehousing', 'etl', 'data warehouse', 'linux', 'pandas', 'sql', 'python', 'git', 'data pipeline', 'spark', 'postgresql', 'apache spark', 'data pipelines']"
1411,ENGINEERING,0.9312785131046039,1.3303978758637198,0.0,"['mysql', 'aws', 'data warehousing', 'etl', 'data warehouse', 'linux', 'pandas', 'sql', 'python', 'git', 'data pipeline', 'spark', 'postgresql', 'apache spark', 'data pipelines']"
1412,HR,0.9310212222287826,1.3300303174696895,0.0,"['mysql', 'aws', 'data warehousing', 'etl', 'data warehouse', 'linux', 'pandas', 'sql', 'python', 'git', 'data pipeline', 'spark', 'postgresql', 'apache spark', 'data pipelines']"
1413,BANKING,0.9291811170633183,1.3274015958047405,0.0,"['mysql', 'aws', 'data warehousing', 'etl', 'data warehouse', 'linux', 'pandas', 'sql', 'python', 'git', 'data pipeline', 'spark', 'postgresql', 'apache spark', 'data pipelines']"
1414,ARTS,0.9291124066380954,1.327303438054422,0.0,"['mysql', 'aws', 'data warehousing', 'etl', 'data warehouse', 'linux', 'pandas', 'sql', 'python', 'git', 'data pipeline', 'spark', 'postgresql', 'apache spark', 'data pipelines']"
1415,ACCOUNTANT,0.9288760521586907,1.3269657887981297,0.0,"['mysql', 'aws', 'data warehousing', 'etl', 'data warehouse', 'linux', 'pandas', 'sql', 'python', 'git', 'data pipeline', 'spark', 'postgresql', 'apache spark', 'data pipelines']"
1416,CHEF,0.9255667156371975,1.3222381651959965,0.0,"['mysql', 'aws', 'data warehousing', 'etl', 'data warehouse', 'linux', 'pandas', 'sql', 'python', 'git', 'data pipeline', 'spark', 'postgresql', 'apache spark', 'data pipelines']"
1417,FITNESS,0.9233329744024584,1.3190471062892264,0.0,"['mysql', 'aws', 'data warehousing', 'etl', 'data warehouse', 'linux', 'pandas', 'sql', 'python', 'git', 'data pipeline', 'spark', 'postgresql', 'apache spark', 'data pipelines']"
1418,CHEF,0.9224407012592709,1.317772430370387,0.0,"['mysql', 'aws', 'data warehousing', 'etl', 'data warehouse', 'linux', 'pandas', 'sql', 'python', 'git', 'data pipeline', 'spark', 'postgresql', 'apache spark', 'data pipelines']"
1419,TEACHER,0.9152978612549518,1.3075683732213599,0.0,"['mysql', 'aws', 'data warehousing', 'etl', 'data warehouse', 'linux', 'pandas', 'sql', 'python', 'git', 'data pipeline', 'spark', 'postgresql', 'apache spark', 'data pipelines']"
1420,AVIATION,0.9126676575503605,1.303810939357658,0.0,"['mysql', 'aws', 'data warehousing', 'etl', 'data warehouse', 'linux', 'pandas', 'sql', 'python', 'git', 'data pipeline', 'spark', 'postgresql', 'apache spark', 'data pipelines']"
1421,ACCOUNTANT,0.9121402873852614,1.3030575534075164,0.0,"['mysql', 'aws', 'data warehousing', 'etl', 'data warehouse', 'linux', 'pandas', 'sql', 'python', 'git', 'data pipeline', 'spark', 'postgresql', 'apache spark', 'data pipelines']"
1422,HEALTHCARE,0.9107852627606156,1.3011218039437367,0.0,"['mysql', 'aws', 'data warehousing', 'etl', 'data warehouse', 'linux', 'pandas', 'sql', 'python', 'git', 'data pipeline', 'spark', 'postgresql', 'apache spark', 'data pipelines']"
1423,INFORMATION-TECHNOLOGY,0.9106845422154592,1.3009779174506562,0.0,"['mysql', 'aws', 'data warehousing', 'etl', 'data warehouse', 'linux', 'pandas', 'sql', 'python', 'git', 'data pipeline', 'spark', 'postgresql', 'apache spark', 'data pipelines']"
1424,ARTS,0.9073047379506606,1.296149625643801,0.0,"['mysql', 'aws', 'data warehousing', 'etl', 'data warehouse', 'linux', 'pandas', 'sql', 'python', 'git', 'data pipeline', 'spark', 'postgresql', 'apache spark', 'data pipelines']"
1425,FINANCE,0.9070303801134196,1.2957576858763138,0.0,"['mysql', 'aws', 'data warehousing', 'etl', 'data warehouse', 'linux', 'pandas', 'sql', 'python', 'git', 'data pipeline', 'spark', 'postgresql', 'apache spark', 'data pipelines']"
1426,AGRICULTURE,0.9062455813121617,1.2946365447316597,0.0,"['mysql', 'aws', 'data warehousing', 'etl', 'data warehouse', 'linux', 'pandas', 'sql', 'python', 'git', 'data pipeline', 'spark', 'postgresql', 'apache spark', 'data pipelines']"
1427,BUSINESS-DEVELOPMENT,0.9032083678029537,1.2902976682899339,0.0,"['mysql', 'aws', 'data warehousing', 'etl', 'data warehouse', 'linux', 'pandas', 'sql', 'python', 'git', 'data pipeline', 'spark', 'postgresql', 'apache spark', 'data pipelines']"
1428,ACCOUNTANT,0.9025034477472047,1.289290639638864,0.0,"['mysql', 'aws', 'data warehousing', 'etl', 'data warehouse', 'linux', 'pandas', 'sql', 'python', 'git', 'data pipeline', 'spark', 'postgresql', 'apache spark', 'data pipelines']"
1429,AVIATION,0.8946807693327399,1.2781153847610571,0.0,"['mysql', 'aws', 'data warehousing', 'etl', 'data warehouse', 'linux', 'pandas', 'sql', 'python', 'git', 'data pipeline', 'spark', 'postgresql', 'apache spark', 'data pipelines']"
1430,CONSTRUCTION,0.8918357613794676,1.2740510876849538,0.0,"['mysql', 'aws', 'data warehousing', 'etl', 'data warehouse', 'linux', 'pandas', 'sql', 'python', 'git', 'data pipeline', 'spark', 'postgresql', 'apache spark', 'data pipelines']"
1431,BUSINESS-DEVELOPMENT,0.8898402262734499,1.2712003232477858,0.0,"['mysql', 'aws', 'data warehousing', 'etl', 'data warehouse', 'linux', 'pandas', 'sql', 'python', 'git', 'data pipeline', 'spark', 'postgresql', 'apache spark', 'data pipelines']"
1432,AVIATION,0.8895205678977403,1.2707436684253433,0.0,"['mysql', 'aws', 'data warehousing', 'etl', 'data warehouse', 'linux', 'pandas', 'sql', 'python', 'git', 'data pipeline', 'spark', 'postgresql', 'apache spark', 'data pipelines']"
1433,ACCOUNTANT,0.8890707985180598,1.2701011407400855,0.0,"['mysql', 'aws', 'data warehousing', 'etl', 'data warehouse', 'linux', 'pandas', 'sql', 'python', 'git', 'data pipeline', 'spark', 'postgresql', 'apache spark', 'data pipelines']"
1434,AVIATION,0.888584383944286,1.2694062627775515,0.0,"['mysql', 'aws', 'data warehousing', 'etl', 'data warehouse', 'linux', 'pandas', 'sql', 'python', 'git', 'data pipeline', 'spark', 'postgresql', 'apache spark', 'data pipelines']"
1435,ACCOUNTANT,0.8879698034567978,1.2685282906525683,0.0,"['mysql', 'aws', 'data warehousing', 'etl', 'data warehouse', 'linux', 'pandas', 'sql', 'python', 'git', 'data pipeline', 'spark', 'postgresql', 'apache spark', 'data pipelines']"
1436,HR,0.8874884668972971,1.2678406669961388,0.0,"['mysql', 'aws', 'data warehousing', 'etl', 'data warehouse', 'linux', 'pandas', 'sql', 'python', 'git', 'data pipeline', 'spark', 'postgresql', 'apache spark', 'data pipelines']"
1437,HEALTHCARE,0.8867216352529881,1.2667451932185545,0.0,"['mysql', 'aws', 'data warehousing', 'etl', 'data warehouse', 'linux', 'pandas', 'sql', 'python', 'git', 'data pipeline', 'spark', 'postgresql', 'apache spark', 'data pipelines']"
1438,DIGITAL-MEDIA,0.8839033449263258,1.2627190641804655,0.0,"['mysql', 'aws', 'data warehousing', 'etl', 'data warehouse', 'linux', 'pandas', 'sql', 'python', 'git', 'data pipeline', 'spark', 'postgresql', 'apache spark', 'data pipelines']"
1439,ARTS,0.8815432387408858,1.2593474839155512,0.0,"['mysql', 'aws', 'data warehousing', 'etl', 'data warehouse', 'linux', 'pandas', 'sql', 'python', 'git', 'data pipeline', 'spark', 'postgresql', 'apache spark', 'data pipelines']"
1440,PUBLIC-RELATIONS,0.8813418437861176,1.2590597768373109,0.0,"['mysql', 'aws', 'data warehousing', 'etl', 'data warehouse', 'linux', 'pandas', 'sql', 'python', 'git', 'data pipeline', 'spark', 'postgresql', 'apache spark', 'data pipelines']"
1441,FITNESS,0.8812049164287284,1.258864166326755,0.0,"['mysql', 'aws', 'data warehousing', 'etl', 'data warehouse', 'linux', 'pandas', 'sql', 'python', 'git', 'data pipeline', 'spark', 'postgresql', 'apache spark', 'data pipelines']"
1442,BUSINESS-DEVELOPMENT,0.8801945827548423,1.2574208325069176,0.0,"['mysql', 'aws', 'data warehousing', 'etl', 'data warehouse', 'linux', 'pandas', 'sql', 'python', 'git', 'data pipeline', 'spark', 'postgresql', 'apache spark', 'data pipelines']"
1443,ADVOCATE,0.8783030026222165,1.254718575174595,0.0,"['mysql', 'aws', 'data warehousing', 'etl', 'data warehouse', 'linux', 'pandas', 'sql', 'python', 'git', 'data pipeline', 'spark', 'postgresql', 'apache spark', 'data pipelines']"
1444,FINANCE,0.8730895011518662,1.2472707159312375,0.0,"['mysql', 'aws', 'data warehousing', 'etl', 'data warehouse', 'linux', 'pandas', 'sql', 'python', 'git', 'data pipeline', 'spark', 'postgresql', 'apache spark', 'data pipelines']"
1445,SALES,0.8725583302605197,1.246511900372171,0.0,"['mysql', 'aws', 'data warehousing', 'etl', 'data warehouse', 'linux', 'pandas', 'sql', 'python', 'git', 'data pipeline', 'spark', 'postgresql', 'apache spark', 'data pipelines']"
1446,ADVOCATE,0.871755129711295,1.2453644710161358,0.0,"['mysql', 'aws', 'data warehousing', 'etl', 'data warehouse', 'linux', 'pandas', 'sql', 'python', 'git', 'data pipeline', 'spark', 'postgresql', 'apache spark', 'data pipelines']"
1447,ACCOUNTANT,0.8671404264299087,1.2387720377570126,0.0,"['mysql', 'aws', 'data warehousing', 'etl', 'data warehouse', 'linux', 'pandas', 'sql', 'python', 'git', 'data pipeline', 'spark', 'postgresql', 'apache spark', 'data pipelines']"
1448,CHEF,0.8666166469239819,1.2380237813199741,0.0,"['mysql', 'aws', 'data warehousing', 'etl', 'data warehouse', 'linux', 'pandas', 'sql', 'python', 'git', 'data pipeline', 'spark', 'postgresql', 'apache spark', 'data pipelines']"
1449,SALES,0.8662470471634512,1.2374957816620733,0.0,"['mysql', 'aws', 'data warehousing', 'etl', 'data warehouse', 'linux', 'pandas', 'sql', 'python', 'git', 'data pipeline', 'spark', 'postgresql', 'apache spark', 'data pipelines']"
1450,CONSTRUCTION,0.865150765295648,1.2359296647080686,0.0,"['mysql', 'aws', 'data warehousing', 'etl', 'data warehouse', 'linux', 'pandas', 'sql', 'python', 'git', 'data pipeline', 'spark', 'postgresql', 'apache spark', 'data pipelines']"
1451,HEALTHCARE,0.8622544758151254,1.231792108307322,0.0,"['mysql', 'aws', 'data warehousing', 'etl', 'data warehouse', 'linux', 'pandas', 'sql', 'python', 'git', 'data pipeline', 'spark', 'postgresql', 'apache spark', 'data pipelines']"
1452,TEACHER,0.8619376992824892,1.2313395704035561,0.0,"['mysql', 'aws', 'data warehousing', 'etl', 'data warehouse', 'linux', 'pandas', 'sql', 'python', 'git', 'data pipeline', 'spark', 'postgresql', 'apache spark', 'data pipelines']"
1453,ADVOCATE,0.8616413754602904,1.2309162506575577,0.0,"['mysql', 'aws', 'data warehousing', 'etl', 'data warehouse', 'linux', 'pandas', 'sql', 'python', 'git', 'data pipeline', 'spark', 'postgresql', 'apache spark', 'data pipelines']"
1454,FINANCE,0.8609168069787021,1.2298811528267173,0.0,"['mysql', 'aws', 'data warehousing', 'etl', 'data warehouse', 'linux', 'pandas', 'sql', 'python', 'git', 'data pipeline', 'spark', 'postgresql', 'apache spark', 'data pipelines']"
1455,INFORMATION-TECHNOLOGY,0.8602309999776258,1.2289014285394655,0.0,"['mysql', 'aws', 'data warehousing', 'etl', 'data warehouse', 'linux', 'pandas', 'sql', 'python', 'git', 'data pipeline', 'spark', 'postgresql', 'apache spark', 'data pipelines']"
1456,AGRICULTURE,0.859433716840296,1.2277624526289943,0.0,"['mysql', 'aws', 'data warehousing', 'etl', 'data warehouse', 'linux', 'pandas', 'sql', 'python', 'git', 'data pipeline', 'spark', 'postgresql', 'apache spark', 'data pipelines']"
1457,DESIGNER,0.8533239253718076,1.2190341791025823,0.0,"['mysql', 'aws', 'data warehousing', 'etl', 'data warehouse', 'linux', 'pandas', 'sql', 'python', 'git', 'data pipeline', 'spark', 'postgresql', 'apache spark', 'data pipelines']"
1458,AVIATION,0.8504274487494992,1.2148963553564274,0.0,"['mysql', 'aws', 'data warehousing', 'etl', 'data warehouse', 'linux', 'pandas', 'sql', 'python', 'git', 'data pipeline', 'spark', 'postgresql', 'apache spark', 'data pipelines']"
1459,AVIATION,0.8465624785361855,1.2093749693374078,0.0,"['mysql', 'aws', 'data warehousing', 'etl', 'data warehouse', 'linux', 'pandas', 'sql', 'python', 'git', 'data pipeline', 'spark', 'postgresql', 'apache spark', 'data pipelines']"
1460,ADVOCATE,0.8464343653251556,1.2091919504645081,0.0,"['mysql', 'aws', 'data warehousing', 'etl', 'data warehouse', 'linux', 'pandas', 'sql', 'python', 'git', 'data pipeline', 'spark', 'postgresql', 'apache spark', 'data pipelines']"
1461,CHEF,0.8443505271828613,1.2062150388326591,0.0,"['mysql', 'aws', 'data warehousing', 'etl', 'data warehouse', 'linux', 'pandas', 'sql', 'python', 'git', 'data pipeline', 'spark', 'postgresql', 'apache spark', 'data pipelines']"
1462,CHEF,0.842605103182269,1.20372157597467,0.0,"['mysql', 'aws', 'data warehousing', 'etl', 'data warehouse', 'linux', 'pandas', 'sql', 'python', 'git', 'data pipeline', 'spark', 'postgresql', 'apache spark', 'data pipelines']"
1463,FITNESS,0.8397607120580926,1.1996581600829894,0.0,"['mysql', 'aws', 'data warehousing', 'etl', 'data warehouse', 'linux', 'pandas', 'sql', 'python', 'git', 'data pipeline', 'spark', 'postgresql', 'apache spark', 'data pipelines']"
1464,BANKING,0.8347932041880454,1.1925617202686363,0.0,"['mysql', 'aws', 'data warehousing', 'etl', 'data warehouse', 'linux', 'pandas', 'sql', 'python', 'git', 'data pipeline', 'spark', 'postgresql', 'apache spark', 'data pipelines']"
1465,AVIATION,0.8334224644651387,1.1906035206644838,0.0,"['mysql', 'aws', 'data warehousing', 'etl', 'data warehouse', 'linux', 'pandas', 'sql', 'python', 'git', 'data pipeline', 'spark', 'postgresql', 'apache spark', 'data pipelines']"
1466,HEALTHCARE,0.8331180289007197,1.190168612715314,0.0,"['mysql', 'aws', 'data warehousing', 'etl', 'data warehouse', 'linux', 'pandas', 'sql', 'python', 'git', 'data pipeline', 'spark', 'postgresql', 'apache spark', 'data pipelines']"
1467,SALES,0.832886467028327,1.1898378100404672,0.0,"['mysql', 'aws', 'data warehousing', 'etl', 'data warehouse', 'linux', 'pandas', 'sql', 'python', 'git', 'data pipeline', 'spark', 'postgresql', 'apache spark', 'data pipelines']"
1468,FITNESS,0.8326767825573971,1.1895382607962817,0.0,"['mysql', 'aws', 'data warehousing', 'etl', 'data warehouse', 'linux', 'pandas', 'sql', 'python', 'git', 'data pipeline', 'spark', 'postgresql', 'apache spark', 'data pipelines']"
1469,FITNESS,0.8322612377325647,1.1889446253322353,0.0,"['mysql', 'aws', 'data warehousing', 'etl', 'data warehouse', 'linux', 'pandas', 'sql', 'python', 'git', 'data pipeline', 'spark', 'postgresql', 'apache spark', 'data pipelines']"
1470,FITNESS,0.8285572594263904,1.1836532277519862,0.0,"['mysql', 'aws', 'data warehousing', 'etl', 'data warehouse', 'linux', 'pandas', 'sql', 'python', 'git', 'data pipeline', 'spark', 'postgresql', 'apache spark', 'data pipelines']"
1471,ADVOCATE,0.8284806147010964,1.1835437352872806,0.0,"['mysql', 'aws', 'data warehousing', 'etl', 'data warehouse', 'linux', 'pandas', 'sql', 'python', 'git', 'data pipeline', 'spark', 'postgresql', 'apache spark', 'data pipelines']"
1472,INFORMATION-TECHNOLOGY,0.8257825184556041,1.1796893120794345,0.0,"['mysql', 'aws', 'data warehousing', 'etl', 'data warehouse', 'linux', 'pandas', 'sql', 'python', 'git', 'data pipeline', 'spark', 'postgresql', 'apache spark', 'data pipelines']"
1473,HR,0.8243789748084449,1.17768424972635,0.0,"['mysql', 'aws', 'data warehousing', 'etl', 'data warehouse', 'linux', 'pandas', 'sql', 'python', 'git', 'data pipeline', 'spark', 'postgresql', 'apache spark', 'data pipelines']"
1474,HEALTHCARE,0.8240893581901104,1.1772705117001578,0.0,"['mysql', 'aws', 'data warehousing', 'etl', 'data warehouse', 'linux', 'pandas', 'sql', 'python', 'git', 'data pipeline', 'spark', 'postgresql', 'apache spark', 'data pipelines']"
1475,SALES,0.8235910148665314,1.1765585926664734,0.0,"['mysql', 'aws', 'data warehousing', 'etl', 'data warehouse', 'linux', 'pandas', 'sql', 'python', 'git', 'data pipeline', 'spark', 'postgresql', 'apache spark', 'data pipelines']"
1476,FITNESS,0.8230996395572101,1.1758566279388716,0.0,"['mysql', 'aws', 'data warehousing', 'etl', 'data warehouse', 'linux', 'pandas', 'sql', 'python', 'git', 'data pipeline', 'spark', 'postgresql', 'apache spark', 'data pipelines']"
1477,ARTS,0.8225598047644657,1.1750854353778082,0.0,"['mysql', 'aws', 'data warehousing', 'etl', 'data warehouse', 'linux', 'pandas', 'sql', 'python', 'git', 'data pipeline', 'spark', 'postgresql', 'apache spark', 'data pipelines']"
1478,CHEF,0.8197665398199449,1.1710950568856355,0.0,"['mysql', 'aws', 'data warehousing', 'etl', 'data warehouse', 'linux', 'pandas', 'sql', 'python', 'git', 'data pipeline', 'spark', 'postgresql', 'apache spark', 'data pipelines']"
1479,BANKING,0.8182243938839092,1.1688919912627276,0.0,"['mysql', 'aws', 'data warehousing', 'etl', 'data warehouse', 'linux', 'pandas', 'sql', 'python', 'git', 'data pipeline', 'spark', 'postgresql', 'apache spark', 'data pipelines']"
1480,AGRICULTURE,0.818103365082948,1.1687190929756401,0.0,"['mysql', 'aws', 'data warehousing', 'etl', 'data warehouse', 'linux', 'pandas', 'sql', 'python', 'git', 'data pipeline', 'spark', 'postgresql', 'apache spark', 'data pipelines']"
1481,HEALTHCARE,0.817508420431466,1.1678691720449514,0.0,"['mysql', 'aws', 'data warehousing', 'etl', 'data warehouse', 'linux', 'pandas', 'sql', 'python', 'git', 'data pipeline', 'spark', 'postgresql', 'apache spark', 'data pipelines']"
1482,FITNESS,0.8167995699924867,1.1668565285606953,0.0,"['mysql', 'aws', 'data warehousing', 'etl', 'data warehouse', 'linux', 'pandas', 'sql', 'python', 'git', 'data pipeline', 'spark', 'postgresql', 'apache spark', 'data pipelines']"
1483,HEALTHCARE,0.8145085207686293,1.163583601098042,0.0,"['mysql', 'aws', 'data warehousing', 'etl', 'data warehouse', 'linux', 'pandas', 'sql', 'python', 'git', 'data pipeline', 'spark', 'postgresql', 'apache spark', 'data pipelines']"
1484,AVIATION,0.8087824032674732,1.1554034332392475,0.0,"['mysql', 'aws', 'data warehousing', 'etl', 'data warehouse', 'linux', 'pandas', 'sql', 'python', 'git', 'data pipeline', 'spark', 'postgresql', 'apache spark', 'data pipelines']"
1485,AUTOMOBILE,0.8080066649473963,1.1542952356391376,0.0,"['mysql', 'aws', 'data warehousing', 'etl', 'data warehouse', 'linux', 'pandas', 'sql', 'python', 'git', 'data pipeline', 'spark', 'postgresql', 'apache spark', 'data pipelines']"
1486,FITNESS,0.8079170330771456,1.154167190110208,0.0,"['mysql', 'aws', 'data warehousing', 'etl', 'data warehouse', 'linux', 'pandas', 'sql', 'python', 'git', 'data pipeline', 'spark', 'postgresql', 'apache spark', 'data pipelines']"
1487,APPAREL,0.8075144332934234,1.1535920475620336,0.0,"['mysql', 'aws', 'data warehousing', 'etl', 'data warehouse', 'linux', 'pandas', 'sql', 'python', 'git', 'data pipeline', 'spark', 'postgresql', 'apache spark', 'data pipelines']"
1488,AVIATION,0.8069383864006376,1.1527691234294823,0.0,"['mysql', 'aws', 'data warehousing', 'etl', 'data warehouse', 'linux', 'pandas', 'sql', 'python', 'git', 'data pipeline', 'spark', 'postgresql', 'apache spark', 'data pipelines']"
1489,ADVOCATE,0.8058895982463853,1.1512708546376933,0.0,"['mysql', 'aws', 'data warehousing', 'etl', 'data warehouse', 'linux', 'pandas', 'sql', 'python', 'git', 'data pipeline', 'spark', 'postgresql', 'apache spark', 'data pipelines']"
1490,FITNESS,0.8047476981967849,1.14963956885255,0.0,"['mysql', 'aws', 'data warehousing', 'etl', 'data warehouse', 'linux', 'pandas', 'sql', 'python', 'git', 'data pipeline', 'spark', 'postgresql', 'apache spark', 'data pipelines']"
1491,INFORMATION-TECHNOLOGY,0.8046566038945007,1.149509434135001,0.0,"['mysql', 'aws', 'data warehousing', 'etl', 'data warehouse', 'linux', 'pandas', 'sql', 'python', 'git', 'data pipeline', 'spark', 'postgresql', 'apache spark', 'data pipelines']"
1492,ADVOCATE,0.8041844101856565,1.148834871693795,0.0,"['mysql', 'aws', 'data warehousing', 'etl', 'data warehouse', 'linux', 'pandas', 'sql', 'python', 'git', 'data pipeline', 'spark', 'postgresql', 'apache spark', 'data pipelines']"
1493,ADVOCATE,0.8020988971113083,1.145855567301869,0.0,"['mysql', 'aws', 'data warehousing', 'etl', 'data warehouse', 'linux', 'pandas', 'sql', 'python', 'git', 'data pipeline', 'spark', 'postgresql', 'apache spark', 'data pipelines']"
1494,ADVOCATE,0.8009534404977039,1.1442192007110057,0.0,"['mysql', 'aws', 'data warehousing', 'etl', 'data warehouse', 'linux', 'pandas', 'sql', 'python', 'git', 'data pipeline', 'spark', 'postgresql', 'apache spark', 'data pipelines']"
1495,ADVOCATE,0.7985307598645438,1.1407582283779198,0.0,"['mysql', 'aws', 'data warehousing', 'etl', 'data warehouse', 'linux', 'pandas', 'sql', 'python', 'git', 'data pipeline', 'spark', 'postgresql', 'apache spark', 'data pipelines']"
1496,HEALTHCARE,0.7982567898336161,1.1403668426194518,0.0,"['mysql', 'aws', 'data warehousing', 'etl', 'data warehouse', 'linux', 'pandas', 'sql', 'python', 'git', 'data pipeline', 'spark', 'postgresql', 'apache spark', 'data pipelines']"
1497,HEALTHCARE,0.7920444273546862,1.1314920390781231,0.0,"['mysql', 'aws', 'data warehousing', 'etl', 'data warehouse', 'linux', 'pandas', 'sql', 'python', 'git', 'data pipeline', 'spark', 'postgresql', 'apache spark', 'data pipelines']"
1498,APPAREL,0.7899654432113642,1.1285220617305203,0.0,"['mysql', 'aws', 'data warehousing', 'etl', 'data warehouse', 'linux', 'pandas', 'sql', 'python', 'git', 'data pipeline', 'spark', 'postgresql', 'apache spark', 'data pipelines']"
1499,HR,0.789637861011723,1.1280540871596043,0.0,"['mysql', 'aws', 'data warehousing', 'etl', 'data warehouse', 'linux', 'pandas', 'sql', 'python', 'git', 'data pipeline', 'spark', 'postgresql', 'apache spark', 'data pipelines']"
1500,CONSULTANT,0.7895378036946861,1.127911148135266,0.0,"['mysql', 'aws', 'data warehousing', 'etl', 'data warehouse', 'linux', 'pandas', 'sql', 'python', 'git', 'data pipeline', 'spark', 'postgresql', 'apache spark', 'data pipelines']"
1501,PUBLIC-RELATIONS,0.789182180809615,1.1274031154423072,0.0,"['mysql', 'aws', 'data warehousing', 'etl', 'data warehouse', 'linux', 'pandas', 'sql', 'python', 'git', 'data pipeline', 'spark', 'postgresql', 'apache spark', 'data pipelines']"
1502,FINANCE,0.7884453940533073,1.1263505629332962,0.0,"['mysql', 'aws', 'data warehousing', 'etl', 'data warehouse', 'linux', 'pandas', 'sql', 'python', 'git', 'data pipeline', 'spark', 'postgresql', 'apache spark', 'data pipelines']"
1503,AVIATION,0.7873784450589296,1.1248263500841853,0.0,"['mysql', 'aws', 'data warehousing', 'etl', 'data warehouse', 'linux', 'pandas', 'sql', 'python', 'git', 'data pipeline', 'spark', 'postgresql', 'apache spark', 'data pipelines']"
1504,APPAREL,0.7872368762812486,1.1246241089732123,0.0,"['mysql', 'aws', 'data warehousing', 'etl', 'data warehouse', 'linux', 'pandas', 'sql', 'python', 'git', 'data pipeline', 'spark', 'postgresql', 'apache spark', 'data pipelines']"
1505,SALES,0.7870107643787921,1.1243010919697032,0.0,"['mysql', 'aws', 'data warehousing', 'etl', 'data warehouse', 'linux', 'pandas', 'sql', 'python', 'git', 'data pipeline', 'spark', 'postgresql', 'apache spark', 'data pipelines']"
1506,AUTOMOBILE,0.7868996496617834,1.1241423566596906,0.0,"['mysql', 'aws', 'data warehousing', 'etl', 'data warehouse', 'linux', 'pandas', 'sql', 'python', 'git', 'data pipeline', 'spark', 'postgresql', 'apache spark', 'data pipelines']"
1507,FINANCE,0.7860536805719411,1.1229338293884874,0.0,"['mysql', 'aws', 'data warehousing', 'etl', 'data warehouse', 'linux', 'pandas', 'sql', 'python', 'git', 'data pipeline', 'spark', 'postgresql', 'apache spark', 'data pipelines']"
1508,ACCOUNTANT,0.7856667141723501,1.1223810202462146,0.0,"['mysql', 'aws', 'data warehousing', 'etl', 'data warehouse', 'linux', 'pandas', 'sql', 'python', 'git', 'data pipeline', 'spark', 'postgresql', 'apache spark', 'data pipelines']"
1509,ADVOCATE,0.7847495880303548,1.121070840043364,0.0,"['mysql', 'aws', 'data warehousing', 'etl', 'data warehouse', 'linux', 'pandas', 'sql', 'python', 'git', 'data pipeline', 'spark', 'postgresql', 'apache spark', 'data pipelines']"
1510,BPO,0.7846768033943821,1.1209668619919744,0.0,"['mysql', 'aws', 'data warehousing', 'etl', 'data warehouse', 'linux', 'pandas', 'sql', 'python', 'git', 'data pipeline', 'spark', 'postgresql', 'apache spark', 'data pipelines']"
1511,DIGITAL-MEDIA,0.7839233838687231,1.1198905483838901,0.0,"['mysql', 'aws', 'data warehousing', 'etl', 'data warehouse', 'linux', 'pandas', 'sql', 'python', 'git', 'data pipeline', 'spark', 'postgresql', 'apache spark', 'data pipelines']"
1512,DESIGNER,0.783196888673525,1.1188526981050357,0.0,"['mysql', 'aws', 'data warehousing', 'etl', 'data warehouse', 'linux', 'pandas', 'sql', 'python', 'git', 'data pipeline', 'spark', 'postgresql', 'apache spark', 'data pipelines']"
1513,AGRICULTURE,0.7825466446004139,1.1179237780005913,0.0,"['mysql', 'aws', 'data warehousing', 'etl', 'data warehouse', 'linux', 'pandas', 'sql', 'python', 'git', 'data pipeline', 'spark', 'postgresql', 'apache spark', 'data pipelines']"
1514,DESIGNER,0.7820424905261786,1.117203557894541,0.0,"['mysql', 'aws', 'data warehousing', 'etl', 'data warehouse', 'linux', 'pandas', 'sql', 'python', 'git', 'data pipeline', 'spark', 'postgresql', 'apache spark', 'data pipelines']"
1515,HEALTHCARE,0.7818290716524227,1.1168986737891753,0.0,"['mysql', 'aws', 'data warehousing', 'etl', 'data warehouse', 'linux', 'pandas', 'sql', 'python', 'git', 'data pipeline', 'spark', 'postgresql', 'apache spark', 'data pipelines']"
1516,FITNESS,0.7807505630911991,1.1153579472731416,0.0,"['mysql', 'aws', 'data warehousing', 'etl', 'data warehouse', 'linux', 'pandas', 'sql', 'python', 'git', 'data pipeline', 'spark', 'postgresql', 'apache spark', 'data pipelines']"
1517,DIGITAL-MEDIA,0.7804999604961003,1.1149999435658575,0.0,"['mysql', 'aws', 'data warehousing', 'etl', 'data warehouse', 'linux', 'pandas', 'sql', 'python', 'git', 'data pipeline', 'spark', 'postgresql', 'apache spark', 'data pipelines']"
1518,HEALTHCARE,0.7794381929662672,1.1134831328089532,0.0,"['mysql', 'aws', 'data warehousing', 'etl', 'data warehouse', 'linux', 'pandas', 'sql', 'python', 'git', 'data pipeline', 'spark', 'postgresql', 'apache spark', 'data pipelines']"
1519,ADVOCATE,0.7787242187183326,1.1124631695976182,0.0,"['mysql', 'aws', 'data warehousing', 'etl', 'data warehouse', 'linux', 'pandas', 'sql', 'python', 'git', 'data pipeline', 'spark', 'postgresql', 'apache spark', 'data pipelines']"
1520,INFORMATION-TECHNOLOGY,0.7782565702036198,1.1117951002908855,0.0,"['mysql', 'aws', 'data warehousing', 'etl', 'data warehouse', 'linux', 'pandas', 'sql', 'python', 'git', 'data pipeline', 'spark', 'postgresql', 'apache spark', 'data pipelines']"
1521,APPAREL,0.7753527105165083,1.1076467293092978,0.0,"['mysql', 'aws', 'data warehousing', 'etl', 'data warehouse', 'linux', 'pandas', 'sql', 'python', 'git', 'data pipeline', 'spark', 'postgresql', 'apache spark', 'data pipelines']"
1522,SALES,0.772317307731219,1.1033104396160271,0.0,"['mysql', 'aws', 'data warehousing', 'etl', 'data warehouse', 'linux', 'pandas', 'sql', 'python', 'git', 'data pipeline', 'spark', 'postgresql', 'apache spark', 'data pipelines']"
1523,APPAREL,0.7715200324601863,1.1021714749431233,0.0,"['mysql', 'aws', 'data warehousing', 'etl', 'data warehouse', 'linux', 'pandas', 'sql', 'python', 'git', 'data pipeline', 'spark', 'postgresql', 'apache spark', 'data pipelines']"
1524,CHEF,0.7706249156203664,1.1008927366005234,0.0,"['mysql', 'aws', 'data warehousing', 'etl', 'data warehouse', 'linux', 'pandas', 'sql', 'python', 'git', 'data pipeline', 'spark', 'postgresql', 'apache spark', 'data pipelines']"
1525,ACCOUNTANT,0.7680017078520764,1.0971452969315378,0.0,"['mysql', 'aws', 'data warehousing', 'etl', 'data warehouse', 'linux', 'pandas', 'sql', 'python', 'git', 'data pipeline', 'spark', 'postgresql', 'apache spark', 'data pipelines']"
1526,HEALTHCARE,0.7675128174684704,1.096446882097815,0.0,"['mysql', 'aws', 'data warehousing', 'etl', 'data warehouse', 'linux', 'pandas', 'sql', 'python', 'git', 'data pipeline', 'spark', 'postgresql', 'apache spark', 'data pipelines']"
1527,ARTS,0.766919703361708,1.0955995762310116,0.0,"['mysql', 'aws', 'data warehousing', 'etl', 'data warehouse', 'linux', 'pandas', 'sql', 'python', 'git', 'data pipeline', 'spark', 'postgresql', 'apache spark', 'data pipelines']"
1528,CONSTRUCTION,0.7651528572620029,1.09307551037429,0.0,"['mysql', 'aws', 'data warehousing', 'etl', 'data warehouse', 'linux', 'pandas', 'sql', 'python', 'git', 'data pipeline', 'spark', 'postgresql', 'apache spark', 'data pipelines']"
1529,HEALTHCARE,0.7648109774157821,1.0925871105939744,0.0,"['mysql', 'aws', 'data warehousing', 'etl', 'data warehouse', 'linux', 'pandas', 'sql', 'python', 'git', 'data pipeline', 'spark', 'postgresql', 'apache spark', 'data pipelines']"
1530,SALES,0.7640633671616939,1.091519095945277,0.0,"['mysql', 'aws', 'data warehousing', 'etl', 'data warehouse', 'linux', 'pandas', 'sql', 'python', 'git', 'data pipeline', 'spark', 'postgresql', 'apache spark', 'data pipelines']"
1531,INFORMATION-TECHNOLOGY,0.7606126221013789,1.0865894601448272,0.0,"['mysql', 'aws', 'data warehousing', 'etl', 'data warehouse', 'linux', 'pandas', 'sql', 'python', 'git', 'data pipeline', 'spark', 'postgresql', 'apache spark', 'data pipelines']"
1532,ACCOUNTANT,0.7599476324434281,1.0856394749191831,0.0,"['mysql', 'aws', 'data warehousing', 'etl', 'data warehouse', 'linux', 'pandas', 'sql', 'python', 'git', 'data pipeline', 'spark', 'postgresql', 'apache spark', 'data pipelines']"
1533,HEALTHCARE,0.7577656515357412,1.0825223593367732,0.0,"['mysql', 'aws', 'data warehousing', 'etl', 'data warehouse', 'linux', 'pandas', 'sql', 'python', 'git', 'data pipeline', 'spark', 'postgresql', 'apache spark', 'data pipelines']"
1534,DESIGNER,0.7572250668889366,1.0817500955556238,0.0,"['mysql', 'aws', 'data warehousing', 'etl', 'data warehouse', 'linux', 'pandas', 'sql', 'python', 'git', 'data pipeline', 'spark', 'postgresql', 'apache spark', 'data pipelines']"
1535,CHEF,0.7557381744111342,1.0796259634444776,0.0,"['mysql', 'aws', 'data warehousing', 'etl', 'data warehouse', 'linux', 'pandas', 'sql', 'python', 'git', 'data pipeline', 'spark', 'postgresql', 'apache spark', 'data pipelines']"
1536,ADVOCATE,0.7555211472533677,1.0793159246476682,0.0,"['mysql', 'aws', 'data warehousing', 'etl', 'data warehouse', 'linux', 'pandas', 'sql', 'python', 'git', 'data pipeline', 'spark', 'postgresql', 'apache spark', 'data pipelines']"
1537,PUBLIC-RELATIONS,0.7547815892252714,1.0782594131789591,0.0,"['mysql', 'aws', 'data warehousing', 'etl', 'data warehouse', 'linux', 'pandas', 'sql', 'python', 'git', 'data pipeline', 'spark', 'postgresql', 'apache spark', 'data pipelines']"
1538,HR,0.7532878606924555,1.0761255152749365,0.0,"['mysql', 'aws', 'data warehousing', 'etl', 'data warehouse', 'linux', 'pandas', 'sql', 'python', 'git', 'data pipeline', 'spark', 'postgresql', 'apache spark', 'data pipelines']"
1539,FINANCE,0.7504394560499612,1.072056365785659,0.0,"['mysql', 'aws', 'data warehousing', 'etl', 'data warehouse', 'linux', 'pandas', 'sql', 'python', 'git', 'data pipeline', 'spark', 'postgresql', 'apache spark', 'data pipelines']"
1540,AVIATION,0.7503328864472144,1.0719041234960207,0.0,"['mysql', 'aws', 'data warehousing', 'etl', 'data warehouse', 'linux', 'pandas', 'sql', 'python', 'git', 'data pipeline', 'spark', 'postgresql', 'apache spark', 'data pipelines']"
1541,APPAREL,0.749131810077997,1.0701883001114243,0.0,"['mysql', 'aws', 'data warehousing', 'etl', 'data warehouse', 'linux', 'pandas', 'sql', 'python', 'git', 'data pipeline', 'spark', 'postgresql', 'apache spark', 'data pipelines']"
1542,BANKING,0.7481561501797648,1.068794500256807,0.0,"['mysql', 'aws', 'data warehousing', 'etl', 'data warehouse', 'linux', 'pandas', 'sql', 'python', 'git', 'data pipeline', 'spark', 'postgresql', 'apache spark', 'data pipelines']"
1543,CONSTRUCTION,0.7471743718093703,1.067391959727672,0.0,"['mysql', 'aws', 'data warehousing', 'etl', 'data warehouse', 'linux', 'pandas', 'sql', 'python', 'git', 'data pipeline', 'spark', 'postgresql', 'apache spark', 'data pipelines']"
1544,ADVOCATE,0.7465682112599911,1.0665260160857015,0.0,"['mysql', 'aws', 'data warehousing', 'etl', 'data warehouse', 'linux', 'pandas', 'sql', 'python', 'git', 'data pipeline', 'spark', 'postgresql', 'apache spark', 'data pipelines']"
1545,HEALTHCARE,0.7447575142601655,1.0639393060859508,0.0,"['mysql', 'aws', 'data warehousing', 'etl', 'data warehouse', 'linux', 'pandas', 'sql', 'python', 'git', 'data pipeline', 'spark', 'postgresql', 'apache spark', 'data pipelines']"
1546,APPAREL,0.7436759368976757,1.0623941955681082,0.0,"['mysql', 'aws', 'data warehousing', 'etl', 'data warehouse', 'linux', 'pandas', 'sql', 'python', 'git', 'data pipeline', 'spark', 'postgresql', 'apache spark', 'data pipelines']"
1547,CHEF,0.7426056220311231,1.060865174330176,0.0,"['mysql', 'aws', 'data warehousing', 'etl', 'data warehouse', 'linux', 'pandas', 'sql', 'python', 'git', 'data pipeline', 'spark', 'postgresql', 'apache spark', 'data pipelines']"
1548,TEACHER,0.7424118818363472,1.0605884026233532,0.0,"['mysql', 'aws', 'data warehousing', 'etl', 'data warehouse', 'linux', 'pandas', 'sql', 'python', 'git', 'data pipeline', 'spark', 'postgresql', 'apache spark', 'data pipelines']"
1549,AGRICULTURE,0.7413872721187657,1.0591246744553795,0.0,"['mysql', 'aws', 'data warehousing', 'etl', 'data warehouse', 'linux', 'pandas', 'sql', 'python', 'git', 'data pipeline', 'spark', 'postgresql', 'apache spark', 'data pipelines']"
1550,APPAREL,0.7407505511500213,1.058215073071459,0.0,"['mysql', 'aws', 'data warehousing', 'etl', 'data warehouse', 'linux', 'pandas', 'sql', 'python', 'git', 'data pipeline', 'spark', 'postgresql', 'apache spark', 'data pipelines']"
1551,ADVOCATE,0.7398410851032149,1.0569158358617357,0.0,"['mysql', 'aws', 'data warehousing', 'etl', 'data warehouse', 'linux', 'pandas', 'sql', 'python', 'git', 'data pipeline', 'spark', 'postgresql', 'apache spark', 'data pipelines']"
1552,ACCOUNTANT,0.7398260422528057,1.0568943460754368,0.0,"['mysql', 'aws', 'data warehousing', 'etl', 'data warehouse', 'linux', 'pandas', 'sql', 'python', 'git', 'data pipeline', 'spark', 'postgresql', 'apache spark', 'data pipelines']"
1553,CONSULTANT,0.7386278894555116,1.0551826992221596,0.0,"['mysql', 'aws', 'data warehousing', 'etl', 'data warehouse', 'linux', 'pandas', 'sql', 'python', 'git', 'data pipeline', 'spark', 'postgresql', 'apache spark', 'data pipelines']"
1554,FINANCE,0.738609913955959,1.0551570199370843,0.0,"['mysql', 'aws', 'data warehousing', 'etl', 'data warehouse', 'linux', 'pandas', 'sql', 'python', 'git', 'data pipeline', 'spark', 'postgresql', 'apache spark', 'data pipelines']"
1555,CHEF,0.7372952601905595,1.0532789431293708,0.0,"['mysql', 'aws', 'data warehousing', 'etl', 'data warehouse', 'linux', 'pandas', 'sql', 'python', 'git', 'data pipeline', 'spark', 'postgresql', 'apache spark', 'data pipelines']"
1556,ADVOCATE,0.734448651805171,1.049212359721673,0.0,"['mysql', 'aws', 'data warehousing', 'etl', 'data warehouse', 'linux', 'pandas', 'sql', 'python', 'git', 'data pipeline', 'spark', 'postgresql', 'apache spark', 'data pipelines']"
1557,APPAREL,0.7330370265883985,1.0471957522691409,0.0,"['mysql', 'aws', 'data warehousing', 'etl', 'data warehouse', 'linux', 'pandas', 'sql', 'python', 'git', 'data pipeline', 'spark', 'postgresql', 'apache spark', 'data pipelines']"
1558,INFORMATION-TECHNOLOGY,0.7321740421908702,1.045962917415529,0.0,"['mysql', 'aws', 'data warehousing', 'etl', 'data warehouse', 'linux', 'pandas', 'sql', 'python', 'git', 'data pipeline', 'spark', 'postgresql', 'apache spark', 'data pipelines']"
1559,AUTOMOBILE,0.7319678765275857,1.0456683950394081,0.0,"['mysql', 'aws', 'data warehousing', 'etl', 'data warehouse', 'linux', 'pandas', 'sql', 'python', 'git', 'data pipeline', 'spark', 'postgresql', 'apache spark', 'data pipelines']"
1560,CHEF,0.7294371635090403,1.0420530907272005,0.0,"['mysql', 'aws', 'data warehousing', 'etl', 'data warehouse', 'linux', 'pandas', 'sql', 'python', 'git', 'data pipeline', 'spark', 'postgresql', 'apache spark', 'data pipelines']"
1561,INFORMATION-TECHNOLOGY,0.7262280731729557,1.0374686759613654,0.0,"['mysql', 'aws', 'data warehousing', 'etl', 'data warehouse', 'linux', 'pandas', 'sql', 'python', 'git', 'data pipeline', 'spark', 'postgresql', 'apache spark', 'data pipelines']"
1562,CHEF,0.7261146351908844,1.0373066217012634,0.0,"['mysql', 'aws', 'data warehousing', 'etl', 'data warehouse', 'linux', 'pandas', 'sql', 'python', 'git', 'data pipeline', 'spark', 'postgresql', 'apache spark', 'data pipelines']"
1563,FINANCE,0.7252381974115646,1.0360545677308066,0.0,"['mysql', 'aws', 'data warehousing', 'etl', 'data warehouse', 'linux', 'pandas', 'sql', 'python', 'git', 'data pipeline', 'spark', 'postgresql', 'apache spark', 'data pipelines']"
1564,AVIATION,0.7231455982232879,1.0330651403189828,0.0,"['mysql', 'aws', 'data warehousing', 'etl', 'data warehouse', 'linux', 'pandas', 'sql', 'python', 'git', 'data pipeline', 'spark', 'postgresql', 'apache spark', 'data pipelines']"
1565,INFORMATION-TECHNOLOGY,0.7205322996827923,1.0293318566897034,0.0,"['mysql', 'aws', 'data warehousing', 'etl', 'data warehouse', 'linux', 'pandas', 'sql', 'python', 'git', 'data pipeline', 'spark', 'postgresql', 'apache spark', 'data pipelines']"
1566,HR,0.7185766469910084,1.0265380671300122,0.0,"['mysql', 'aws', 'data warehousing', 'etl', 'data warehouse', 'linux', 'pandas', 'sql', 'python', 'git', 'data pipeline', 'spark', 'postgresql', 'apache spark', 'data pipelines']"
1567,FINANCE,0.7165906849253586,1.0237009784647981,0.0,"['mysql', 'aws', 'data warehousing', 'etl', 'data warehouse', 'linux', 'pandas', 'sql', 'python', 'git', 'data pipeline', 'spark', 'postgresql', 'apache spark', 'data pipelines']"
1568,BUSINESS-DEVELOPMENT,0.716317238471193,1.023310340673133,0.0,"['mysql', 'aws', 'data warehousing', 'etl', 'data warehouse', 'linux', 'pandas', 'sql', 'python', 'git', 'data pipeline', 'spark', 'postgresql', 'apache spark', 'data pipelines']"
1569,CONSTRUCTION,0.7141823454817822,1.0202604935454032,0.0,"['mysql', 'aws', 'data warehousing', 'etl', 'data warehouse', 'linux', 'pandas', 'sql', 'python', 'git', 'data pipeline', 'spark', 'postgresql', 'apache spark', 'data pipelines']"
1570,HR,0.7111792027426215,1.0159702896323164,0.0,"['mysql', 'aws', 'data warehousing', 'etl', 'data warehouse', 'linux', 'pandas', 'sql', 'python', 'git', 'data pipeline', 'spark', 'postgresql', 'apache spark', 'data pipelines']"
1571,SALES,0.7107164388721479,1.0153091983887828,0.0,"['mysql', 'aws', 'data warehousing', 'etl', 'data warehouse', 'linux', 'pandas', 'sql', 'python', 'git', 'data pipeline', 'spark', 'postgresql', 'apache spark', 'data pipelines']"
1572,FITNESS,0.7100615015442449,1.0143735736346355,0.0,"['mysql', 'aws', 'data warehousing', 'etl', 'data warehouse', 'linux', 'pandas', 'sql', 'python', 'git', 'data pipeline', 'spark', 'postgresql', 'apache spark', 'data pipelines']"
1573,ENGINEERING,0.7094207035725039,1.0134581479607199,0.0,"['mysql', 'aws', 'data warehousing', 'etl', 'data warehouse', 'linux', 'pandas', 'sql', 'python', 'git', 'data pipeline', 'spark', 'postgresql', 'apache spark', 'data pipelines']"
1574,PUBLIC-RELATIONS,0.7083210056845152,1.0118871509778788,0.0,"['mysql', 'aws', 'data warehousing', 'etl', 'data warehouse', 'linux', 'pandas', 'sql', 'python', 'git', 'data pipeline', 'spark', 'postgresql', 'apache spark', 'data pipelines']"
1575,ACCOUNTANT,0.7060192552263327,1.0085989360376182,0.0,"['mysql', 'aws', 'data warehousing', 'etl', 'data warehouse', 'linux', 'pandas', 'sql', 'python', 'git', 'data pipeline', 'spark', 'postgresql', 'apache spark', 'data pipelines']"
1576,DIGITAL-MEDIA,0.7031492770492539,1.0044989672132199,0.0,"['mysql', 'aws', 'data warehousing', 'etl', 'data warehouse', 'linux', 'pandas', 'sql', 'python', 'git', 'data pipeline', 'spark', 'postgresql', 'apache spark', 'data pipelines']"
1577,BUSINESS-DEVELOPMENT,0.7015133287487988,1.0021618982125697,0.0,"['mysql', 'aws', 'data warehousing', 'etl', 'data warehouse', 'linux', 'pandas', 'sql', 'python', 'git', 'data pipeline', 'spark', 'postgresql', 'apache spark', 'data pipelines']"
1578,CONSTRUCTION,0.7004112257752659,1.0005874653932372,0.0,"['mysql', 'aws', 'data warehousing', 'etl', 'data warehouse', 'linux', 'pandas', 'sql', 'python', 'git', 'data pipeline', 'spark', 'postgresql', 'apache spark', 'data pipelines']"
1579,FINANCE,0.6998110678929332,0.9997300969899047,0.0,"['mysql', 'aws', 'data warehousing', 'etl', 'data warehouse', 'linux', 'pandas', 'sql', 'python', 'git', 'data pipeline', 'spark', 'postgresql', 'apache spark', 'data pipelines']"
1580,TEACHER,0.6993159022862463,0.9990227175517804,0.0,"['mysql', 'aws', 'data warehousing', 'etl', 'data warehouse', 'linux', 'pandas', 'sql', 'python', 'git', 'data pipeline', 'spark', 'postgresql', 'apache spark', 'data pipelines']"
1581,AGRICULTURE,0.6991627879841751,0.9988039828345359,0.0,"['mysql', 'aws', 'data warehousing', 'etl', 'data warehouse', 'linux', 'pandas', 'sql', 'python', 'git', 'data pipeline', 'spark', 'postgresql', 'apache spark', 'data pipelines']"
1582,TEACHER,0.6978819200360135,0.9969741714800192,0.0,"['mysql', 'aws', 'data warehousing', 'etl', 'data warehouse', 'linux', 'pandas', 'sql', 'python', 'git', 'data pipeline', 'spark', 'postgresql', 'apache spark', 'data pipelines']"
1583,BUSINESS-DEVELOPMENT,0.6976941900780107,0.9967059858257296,0.0,"['mysql', 'aws', 'data warehousing', 'etl', 'data warehouse', 'linux', 'pandas', 'sql', 'python', 'git', 'data pipeline', 'spark', 'postgresql', 'apache spark', 'data pipelines']"
1584,DESIGNER,0.6970282986135459,0.9957547123050655,0.0,"['mysql', 'aws', 'data warehousing', 'etl', 'data warehouse', 'linux', 'pandas', 'sql', 'python', 'git', 'data pipeline', 'spark', 'postgresql', 'apache spark', 'data pipelines']"
1585,FINANCE,0.6963753071915688,0.994821867416527,0.0,"['mysql', 'aws', 'data warehousing', 'etl', 'data warehouse', 'linux', 'pandas', 'sql', 'python', 'git', 'data pipeline', 'spark', 'postgresql', 'apache spark', 'data pipelines']"
1586,SALES,0.6957383526979296,0.9939119324256137,0.0,"['mysql', 'aws', 'data warehousing', 'etl', 'data warehouse', 'linux', 'pandas', 'sql', 'python', 'git', 'data pipeline', 'spark', 'postgresql', 'apache spark', 'data pipelines']"
1587,BANKING,0.6953829022624091,0.9934041460891558,0.0,"['mysql', 'aws', 'data warehousing', 'etl', 'data warehouse', 'linux', 'pandas', 'sql', 'python', 'git', 'data pipeline', 'spark', 'postgresql', 'apache spark', 'data pipelines']"
1588,AVIATION,0.6947299639501489,0.9924713770716412,0.0,"['mysql', 'aws', 'data warehousing', 'etl', 'data warehouse', 'linux', 'pandas', 'sql', 'python', 'git', 'data pipeline', 'spark', 'postgresql', 'apache spark', 'data pipelines']"
1589,FITNESS,0.6944989475032712,0.9921413535761018,0.0,"['mysql', 'aws', 'data warehousing', 'etl', 'data warehouse', 'linux', 'pandas', 'sql', 'python', 'git', 'data pipeline', 'spark', 'postgresql', 'apache spark', 'data pipelines']"
1590,AVIATION,0.6937701679447387,0.9911002399210552,0.0,"['mysql', 'aws', 'data warehousing', 'etl', 'data warehouse', 'linux', 'pandas', 'sql', 'python', 'git', 'data pipeline', 'spark', 'postgresql', 'apache spark', 'data pipelines']"
1591,ADVOCATE,0.6926471340044752,0.9894959057206789,0.0,"['mysql', 'aws', 'data warehousing', 'etl', 'data warehouse', 'linux', 'pandas', 'sql', 'python', 'git', 'data pipeline', 'spark', 'postgresql', 'apache spark', 'data pipelines']"
1592,INFORMATION-TECHNOLOGY,0.6925775417011848,0.9893964881445498,0.0,"['mysql', 'aws', 'data warehousing', 'etl', 'data warehouse', 'linux', 'pandas', 'sql', 'python', 'git', 'data pipeline', 'spark', 'postgresql', 'apache spark', 'data pipelines']"
1593,ENGINEERING,0.6924135720065239,0.9891622457236056,0.0,"['mysql', 'aws', 'data warehousing', 'etl', 'data warehouse', 'linux', 'pandas', 'sql', 'python', 'git', 'data pipeline', 'spark', 'postgresql', 'apache spark', 'data pipelines']"
1594,CHEF,0.6922603780905424,0.9889433972722035,0.0,"['mysql', 'aws', 'data warehousing', 'etl', 'data warehouse', 'linux', 'pandas', 'sql', 'python', 'git', 'data pipeline', 'spark', 'postgresql', 'apache spark', 'data pipelines']"
1595,BUSINESS-DEVELOPMENT,0.6920403678048394,0.9886290968640563,0.0,"['mysql', 'aws', 'data warehousing', 'etl', 'data warehouse', 'linux', 'pandas', 'sql', 'python', 'git', 'data pipeline', 'spark', 'postgresql', 'apache spark', 'data pipelines']"
1596,FITNESS,0.6915321225012436,0.9879030321446338,0.0,"['mysql', 'aws', 'data warehousing', 'etl', 'data warehouse', 'linux', 'pandas', 'sql', 'python', 'git', 'data pipeline', 'spark', 'postgresql', 'apache spark', 'data pipelines']"
1597,BUSINESS-DEVELOPMENT,0.6878895155102095,0.9826993078717279,0.0,"['mysql', 'aws', 'data warehousing', 'etl', 'data warehouse', 'linux', 'pandas', 'sql', 'python', 'git', 'data pipeline', 'spark', 'postgresql', 'apache spark', 'data pipelines']"
1598,HR,0.6865910764732186,0.9808443949617409,0.0,"['mysql', 'aws', 'data warehousing', 'etl', 'data warehouse', 'linux', 'pandas', 'sql', 'python', 'git', 'data pipeline', 'spark', 'postgresql', 'apache spark', 'data pipelines']"
1599,CONSTRUCTION,0.6859676499829347,0.9799537856899068,0.0,"['mysql', 'aws', 'data warehousing', 'etl', 'data warehouse', 'linux', 'pandas', 'sql', 'python', 'git', 'data pipeline', 'spark', 'postgresql', 'apache spark', 'data pipelines']"
1600,ARTS,0.6857855370853395,0.979693624407628,0.0,"['mysql', 'aws', 'data warehousing', 'etl', 'data warehouse', 'linux', 'pandas', 'sql', 'python', 'git', 'data pipeline', 'spark', 'postgresql', 'apache spark', 'data pipelines']"
1601,APPAREL,0.6856002936550385,0.9794289909357694,0.0,"['mysql', 'aws', 'data warehousing', 'etl', 'data warehouse', 'linux', 'pandas', 'sql', 'python', 'git', 'data pipeline', 'spark', 'postgresql', 'apache spark', 'data pipelines']"
1602,APPAREL,0.6840983514826159,0.9772833592608798,0.0,"['mysql', 'aws', 'data warehousing', 'etl', 'data warehouse', 'linux', 'pandas', 'sql', 'python', 'git', 'data pipeline', 'spark', 'postgresql', 'apache spark', 'data pipelines']"
1603,ENGINEERING,0.6832339560120558,0.9760485085886512,0.0,"['mysql', 'aws', 'data warehousing', 'etl', 'data warehouse', 'linux', 'pandas', 'sql', 'python', 'git', 'data pipeline', 'spark', 'postgresql', 'apache spark', 'data pipelines']"
1604,APPAREL,0.683005878824342,0.9757226840347744,0.0,"['mysql', 'aws', 'data warehousing', 'etl', 'data warehouse', 'linux', 'pandas', 'sql', 'python', 'git', 'data pipeline', 'spark', 'postgresql', 'apache spark', 'data pipelines']"
1605,BUSINESS-DEVELOPMENT,0.6824147978997501,0.9748782827139288,0.0,"['mysql', 'aws', 'data warehousing', 'etl', 'data warehouse', 'linux', 'pandas', 'sql', 'python', 'git', 'data pipeline', 'spark', 'postgresql', 'apache spark', 'data pipelines']"
1606,SALES,0.681896143474097,0.9741373478201386,0.0,"['mysql', 'aws', 'data warehousing', 'etl', 'data warehouse', 'linux', 'pandas', 'sql', 'python', 'git', 'data pipeline', 'spark', 'postgresql', 'apache spark', 'data pipelines']"
1607,FINANCE,0.6815836731306554,0.973690961615222,0.0,"['mysql', 'aws', 'data warehousing', 'etl', 'data warehouse', 'linux', 'pandas', 'sql', 'python', 'git', 'data pipeline', 'spark', 'postgresql', 'apache spark', 'data pipelines']"
1608,TEACHER,0.6813073020145856,0.9732961457351222,0.0,"['mysql', 'aws', 'data warehousing', 'etl', 'data warehouse', 'linux', 'pandas', 'sql', 'python', 'git', 'data pipeline', 'spark', 'postgresql', 'apache spark', 'data pipelines']"
1609,APPAREL,0.6809601222365931,0.9728001746237045,0.0,"['mysql', 'aws', 'data warehousing', 'etl', 'data warehouse', 'linux', 'pandas', 'sql', 'python', 'git', 'data pipeline', 'spark', 'postgresql', 'apache spark', 'data pipelines']"
1610,FITNESS,0.6786963380194205,0.9695661971706009,0.0,"['mysql', 'aws', 'data warehousing', 'etl', 'data warehouse', 'linux', 'pandas', 'sql', 'python', 'git', 'data pipeline', 'spark', 'postgresql', 'apache spark', 'data pipelines']"
1611,ADVOCATE,0.6785926021019364,0.9694180030027663,0.0,"['mysql', 'aws', 'data warehousing', 'etl', 'data warehouse', 'linux', 'pandas', 'sql', 'python', 'git', 'data pipeline', 'spark', 'postgresql', 'apache spark', 'data pipelines']"
1612,HEALTHCARE,0.6780966293739351,0.9687094705341931,0.0,"['mysql', 'aws', 'data warehousing', 'etl', 'data warehouse', 'linux', 'pandas', 'sql', 'python', 'git', 'data pipeline', 'spark', 'postgresql', 'apache spark', 'data pipelines']"
1613,BUSINESS-DEVELOPMENT,0.6768463053800386,0.9669232934000552,0.0,"['mysql', 'aws', 'data warehousing', 'etl', 'data warehouse', 'linux', 'pandas', 'sql', 'python', 'git', 'data pipeline', 'spark', 'postgresql', 'apache spark', 'data pipelines']"
1614,HEALTHCARE,0.6755618089341925,0.9650882984774178,0.0,"['mysql', 'aws', 'data warehousing', 'etl', 'data warehouse', 'linux', 'pandas', 'sql', 'python', 'git', 'data pipeline', 'spark', 'postgresql', 'apache spark', 'data pipelines']"
1615,ADVOCATE,0.6750545947040422,0.9643637067200603,0.0,"['mysql', 'aws', 'data warehousing', 'etl', 'data warehouse', 'linux', 'pandas', 'sql', 'python', 'git', 'data pipeline', 'spark', 'postgresql', 'apache spark', 'data pipelines']"
1616,TEACHER,0.6745431115286947,0.9636330164695639,0.0,"['mysql', 'aws', 'data warehousing', 'etl', 'data warehouse', 'linux', 'pandas', 'sql', 'python', 'git', 'data pipeline', 'spark', 'postgresql', 'apache spark', 'data pipelines']"
1617,FINANCE,0.673442868633726,0.962061240905323,0.0,"['mysql', 'aws', 'data warehousing', 'etl', 'data warehouse', 'linux', 'pandas', 'sql', 'python', 'git', 'data pipeline', 'spark', 'postgresql', 'apache spark', 'data pipelines']"
1618,HR,0.673259595326924,0.9617994218956057,0.0,"['mysql', 'aws', 'data warehousing', 'etl', 'data warehouse', 'linux', 'pandas', 'sql', 'python', 'git', 'data pipeline', 'spark', 'postgresql', 'apache spark', 'data pipelines']"
1619,DESIGNER,0.6715694038156672,0.9593848625938104,0.0,"['mysql', 'aws', 'data warehousing', 'etl', 'data warehouse', 'linux', 'pandas', 'sql', 'python', 'git', 'data pipeline', 'spark', 'postgresql', 'apache spark', 'data pipelines']"
1620,DESIGNER,0.669239178669122,0.9560559695273172,0.0,"['mysql', 'aws', 'data warehousing', 'etl', 'data warehouse', 'linux', 'pandas', 'sql', 'python', 'git', 'data pipeline', 'spark', 'postgresql', 'apache spark', 'data pipelines']"
1621,TEACHER,0.6688801613066997,0.9555430875809996,0.0,"['mysql', 'aws', 'data warehousing', 'etl', 'data warehouse', 'linux', 'pandas', 'sql', 'python', 'git', 'data pipeline', 'spark', 'postgresql', 'apache spark', 'data pipelines']"
1622,BUSINESS-DEVELOPMENT,0.667898674116233,0.9541409630231902,0.0,"['mysql', 'aws', 'data warehousing', 'etl', 'data warehouse', 'linux', 'pandas', 'sql', 'python', 'git', 'data pipeline', 'spark', 'postgresql', 'apache spark', 'data pipelines']"
1623,HEALTHCARE,0.664302861818473,0.9490040883121044,0.0,"['mysql', 'aws', 'data warehousing', 'etl', 'data warehouse', 'linux', 'pandas', 'sql', 'python', 'git', 'data pipeline', 'spark', 'postgresql', 'apache spark', 'data pipelines']"
1624,HR,0.663411310907956,0.9477304441542229,0.0,"['mysql', 'aws', 'data warehousing', 'etl', 'data warehouse', 'linux', 'pandas', 'sql', 'python', 'git', 'data pipeline', 'spark', 'postgresql', 'apache spark', 'data pipelines']"
1625,BUSINESS-DEVELOPMENT,0.6625204400112099,0.9464577714445856,0.0,"['mysql', 'aws', 'data warehousing', 'etl', 'data warehouse', 'linux', 'pandas', 'sql', 'python', 'git', 'data pipeline', 'spark', 'postgresql', 'apache spark', 'data pipelines']"
1626,AGRICULTURE,0.660928129427901,0.9441830420398587,0.0,"['mysql', 'aws', 'data warehousing', 'etl', 'data warehouse', 'linux', 'pandas', 'sql', 'python', 'git', 'data pipeline', 'spark', 'postgresql', 'apache spark', 'data pipelines']"
1627,CONSULTANT,0.6604300402727924,0.9434714861039892,0.0,"['mysql', 'aws', 'data warehousing', 'etl', 'data warehouse', 'linux', 'pandas', 'sql', 'python', 'git', 'data pipeline', 'spark', 'postgresql', 'apache spark', 'data pipelines']"
1628,DESIGNER,0.6584991262326793,0.9407130374752561,0.0,"['mysql', 'aws', 'data warehousing', 'etl', 'data warehouse', 'linux', 'pandas', 'sql', 'python', 'git', 'data pipeline', 'spark', 'postgresql', 'apache spark', 'data pipelines']"
1629,BUSINESS-DEVELOPMENT,0.6577182421989815,0.9395974888556878,0.0,"['mysql', 'aws', 'data warehousing', 'etl', 'data warehouse', 'linux', 'pandas', 'sql', 'python', 'git', 'data pipeline', 'spark', 'postgresql', 'apache spark', 'data pipelines']"
1630,AVIATION,0.6572871796888393,0.9389816852697704,0.0,"['mysql', 'aws', 'data warehousing', 'etl', 'data warehouse', 'linux', 'pandas', 'sql', 'python', 'git', 'data pipeline', 'spark', 'postgresql', 'apache spark', 'data pipelines']"
1631,ACCOUNTANT,0.6567579587205553,0.9382256553150791,0.0,"['mysql', 'aws', 'data warehousing', 'etl', 'data warehouse', 'linux', 'pandas', 'sql', 'python', 'git', 'data pipeline', 'spark', 'postgresql', 'apache spark', 'data pipelines']"
1632,ADVOCATE,0.6565765136169534,0.9379664480242191,0.0,"['mysql', 'aws', 'data warehousing', 'etl', 'data warehouse', 'linux', 'pandas', 'sql', 'python', 'git', 'data pipeline', 'spark', 'postgresql', 'apache spark', 'data pipelines']"
1633,BUSINESS-DEVELOPMENT,0.6560568398702363,0.9372240569574805,0.0,"['mysql', 'aws', 'data warehousing', 'etl', 'data warehouse', 'linux', 'pandas', 'sql', 'python', 'git', 'data pipeline', 'spark', 'postgresql', 'apache spark', 'data pipelines']"
1634,APPAREL,0.6556512799772477,0.9366446856817825,0.0,"['mysql', 'aws', 'data warehousing', 'etl', 'data warehouse', 'linux', 'pandas', 'sql', 'python', 'git', 'data pipeline', 'spark', 'postgresql', 'apache spark', 'data pipelines']"
1635,TEACHER,0.6549957615258746,0.9357082307512494,0.0,"['mysql', 'aws', 'data warehousing', 'etl', 'data warehouse', 'linux', 'pandas', 'sql', 'python', 'git', 'data pipeline', 'spark', 'postgresql', 'apache spark', 'data pipelines']"
1636,CONSTRUCTION,0.6539062797782246,0.9341518282546066,0.0,"['mysql', 'aws', 'data warehousing', 'etl', 'data warehouse', 'linux', 'pandas', 'sql', 'python', 'git', 'data pipeline', 'spark', 'postgresql', 'apache spark', 'data pipelines']"
1637,DESIGNER,0.6538239184216217,0.9340341691737454,0.0,"['mysql', 'aws', 'data warehousing', 'etl', 'data warehouse', 'linux', 'pandas', 'sql', 'python', 'git', 'data pipeline', 'spark', 'postgresql', 'apache spark', 'data pipelines']"
1638,ENGINEERING,0.653540416544742,0.9336291664924886,0.0,"['mysql', 'aws', 'data warehousing', 'etl', 'data warehouse', 'linux', 'pandas', 'sql', 'python', 'git', 'data pipeline', 'spark', 'postgresql', 'apache spark', 'data pipelines']"
1639,FINANCE,0.6524586862128968,0.9320838374469955,0.0,"['mysql', 'aws', 'data warehousing', 'etl', 'data warehouse', 'linux', 'pandas', 'sql', 'python', 'git', 'data pipeline', 'spark', 'postgresql', 'apache spark', 'data pipelines']"
1640,FITNESS,0.6522072169584471,0.9317245956549245,0.0,"['mysql', 'aws', 'data warehousing', 'etl', 'data warehouse', 'linux', 'pandas', 'sql', 'python', 'git', 'data pipeline', 'spark', 'postgresql', 'apache spark', 'data pipelines']"
1641,ADVOCATE,0.6520463826103198,0.9314948323004569,0.0,"['mysql', 'aws', 'data warehousing', 'etl', 'data warehouse', 'linux', 'pandas', 'sql', 'python', 'git', 'data pipeline', 'spark', 'postgresql', 'apache spark', 'data pipelines']"
1642,PUBLIC-RELATIONS,0.6504585736585199,0.9292265337978856,0.0,"['mysql', 'aws', 'data warehousing', 'etl', 'data warehouse', 'linux', 'pandas', 'sql', 'python', 'git', 'data pipeline', 'spark', 'postgresql', 'apache spark', 'data pipelines']"
1643,ENGINEERING,0.6504499243518311,0.9292141776454731,0.0,"['mysql', 'aws', 'data warehousing', 'etl', 'data warehouse', 'linux', 'pandas', 'sql', 'python', 'git', 'data pipeline', 'spark', 'postgresql', 'apache spark', 'data pipelines']"
1644,FINANCE,0.6496204360176562,0.9280291943109374,0.0,"['mysql', 'aws', 'data warehousing', 'etl', 'data warehouse', 'linux', 'pandas', 'sql', 'python', 'git', 'data pipeline', 'spark', 'postgresql', 'apache spark', 'data pipelines']"
1645,HR,0.6494853078647023,0.9278361540924318,0.0,"['mysql', 'aws', 'data warehousing', 'etl', 'data warehouse', 'linux', 'pandas', 'sql', 'python', 'git', 'data pipeline', 'spark', 'postgresql', 'apache spark', 'data pipelines']"
1646,INFORMATION-TECHNOLOGY,0.648748645035645,0.9267837786223501,0.0,"['mysql', 'aws', 'data warehousing', 'etl', 'data warehouse', 'linux', 'pandas', 'sql', 'python', 'git', 'data pipeline', 'spark', 'postgresql', 'apache spark', 'data pipelines']"
1647,CHEF,0.6485644190394889,0.9265205986278413,0.0,"['mysql', 'aws', 'data warehousing', 'etl', 'data warehouse', 'linux', 'pandas', 'sql', 'python', 'git', 'data pipeline', 'spark', 'postgresql', 'apache spark', 'data pipelines']"
1648,FINANCE,0.6468358032094932,0.9240511474421332,0.0,"['mysql', 'aws', 'data warehousing', 'etl', 'data warehouse', 'linux', 'pandas', 'sql', 'python', 'git', 'data pipeline', 'spark', 'postgresql', 'apache spark', 'data pipelines']"
1649,ADVOCATE,0.6457103873391256,0.9224434104844652,0.0,"['mysql', 'aws', 'data warehousing', 'etl', 'data warehouse', 'linux', 'pandas', 'sql', 'python', 'git', 'data pipeline', 'spark', 'postgresql', 'apache spark', 'data pipelines']"
1650,CHEF,0.6451856248554003,0.9216937497934291,0.0,"['mysql', 'aws', 'data warehousing', 'etl', 'data warehouse', 'linux', 'pandas', 'sql', 'python', 'git', 'data pipeline', 'spark', 'postgresql', 'apache spark', 'data pipelines']"
1651,TEACHER,0.6446682347693214,0.9209546210990307,0.0,"['mysql', 'aws', 'data warehousing', 'etl', 'data warehouse', 'linux', 'pandas', 'sql', 'python', 'git', 'data pipeline', 'spark', 'postgresql', 'apache spark', 'data pipelines']"
1652,CHEF,0.6443695860966991,0.9205279801381416,0.0,"['mysql', 'aws', 'data warehousing', 'etl', 'data warehouse', 'linux', 'pandas', 'sql', 'python', 'git', 'data pipeline', 'spark', 'postgresql', 'apache spark', 'data pipelines']"
1653,DESIGNER,0.6411378090496171,0.9159111557851674,0.0,"['mysql', 'aws', 'data warehousing', 'etl', 'data warehouse', 'linux', 'pandas', 'sql', 'python', 'git', 'data pipeline', 'spark', 'postgresql', 'apache spark', 'data pipelines']"
1654,ARTS,0.6409984732202253,0.9157121046003219,0.0,"['mysql', 'aws', 'data warehousing', 'etl', 'data warehouse', 'linux', 'pandas', 'sql', 'python', 'git', 'data pipeline', 'spark', 'postgresql', 'apache spark', 'data pipelines']"
1655,PUBLIC-RELATIONS,0.6370101371693744,0.9100144816705349,0.0,"['mysql', 'aws', 'data warehousing', 'etl', 'data warehouse', 'linux', 'pandas', 'sql', 'python', 'git', 'data pipeline', 'spark', 'postgresql', 'apache spark', 'data pipelines']"
1656,FITNESS,0.6359773269262299,0.9085390384660428,0.0,"['mysql', 'aws', 'data warehousing', 'etl', 'data warehouse', 'linux', 'pandas', 'sql', 'python', 'git', 'data pipeline', 'spark', 'postgresql', 'apache spark', 'data pipelines']"
1657,ADVOCATE,0.6352625494394166,0.9075179277705953,0.0,"['mysql', 'aws', 'data warehousing', 'etl', 'data warehouse', 'linux', 'pandas', 'sql', 'python', 'git', 'data pipeline', 'spark', 'postgresql', 'apache spark', 'data pipelines']"
1658,AGRICULTURE,0.634470035943414,0.9063857656334486,0.0,"['mysql', 'aws', 'data warehousing', 'etl', 'data warehouse', 'linux', 'pandas', 'sql', 'python', 'git', 'data pipeline', 'spark', 'postgresql', 'apache spark', 'data pipelines']"
1659,BANKING,0.6326142082078066,0.9037345831540095,0.0,"['mysql', 'aws', 'data warehousing', 'etl', 'data warehouse', 'linux', 'pandas', 'sql', 'python', 'git', 'data pipeline', 'spark', 'postgresql', 'apache spark', 'data pipelines']"
1660,ARTS,0.6312790905984056,0.9018272722834366,0.0,"['mysql', 'aws', 'data warehousing', 'etl', 'data warehouse', 'linux', 'pandas', 'sql', 'python', 'git', 'data pipeline', 'spark', 'postgresql', 'apache spark', 'data pipelines']"
1661,AUTOMOBILE,0.6296044438238212,0.899434919748316,0.0,"['mysql', 'aws', 'data warehousing', 'etl', 'data warehouse', 'linux', 'pandas', 'sql', 'python', 'git', 'data pipeline', 'spark', 'postgresql', 'apache spark', 'data pipelines']"
1662,FINANCE,0.6285107186519153,0.897872455217022,0.0,"['mysql', 'aws', 'data warehousing', 'etl', 'data warehouse', 'linux', 'pandas', 'sql', 'python', 'git', 'data pipeline', 'spark', 'postgresql', 'apache spark', 'data pipelines']"
1663,BANKING,0.6280054857359876,0.8971506939085537,0.0,"['mysql', 'aws', 'data warehousing', 'etl', 'data warehouse', 'linux', 'pandas', 'sql', 'python', 'git', 'data pipeline', 'spark', 'postgresql', 'apache spark', 'data pipelines']"
1664,SALES,0.6242968553964284,0.8918526505663265,0.0,"['mysql', 'aws', 'data warehousing', 'etl', 'data warehouse', 'linux', 'pandas', 'sql', 'python', 'git', 'data pipeline', 'spark', 'postgresql', 'apache spark', 'data pipelines']"
1665,CHEF,0.6231542590049025,0.8902203700070037,0.0,"['mysql', 'aws', 'data warehousing', 'etl', 'data warehouse', 'linux', 'pandas', 'sql', 'python', 'git', 'data pipeline', 'spark', 'postgresql', 'apache spark', 'data pipelines']"
1666,PUBLIC-RELATIONS,0.623058365517196,0.89008337931028,0.0,"['mysql', 'aws', 'data warehousing', 'etl', 'data warehouse', 'linux', 'pandas', 'sql', 'python', 'git', 'data pipeline', 'spark', 'postgresql', 'apache spark', 'data pipelines']"
1667,BANKING,0.6228847908646471,0.8898354155209245,0.0,"['mysql', 'aws', 'data warehousing', 'etl', 'data warehouse', 'linux', 'pandas', 'sql', 'python', 'git', 'data pipeline', 'spark', 'postgresql', 'apache spark', 'data pipelines']"
1668,ARTS,0.6224597788818156,0.8892282555454508,0.0,"['mysql', 'aws', 'data warehousing', 'etl', 'data warehouse', 'linux', 'pandas', 'sql', 'python', 'git', 'data pipeline', 'spark', 'postgresql', 'apache spark', 'data pipelines']"
1669,HR,0.6193373734828131,0.8847676764040188,0.0,"['mysql', 'aws', 'data warehousing', 'etl', 'data warehouse', 'linux', 'pandas', 'sql', 'python', 'git', 'data pipeline', 'spark', 'postgresql', 'apache spark', 'data pipelines']"
1670,FINANCE,0.6179924408240807,0.882846344034401,0.0,"['mysql', 'aws', 'data warehousing', 'etl', 'data warehouse', 'linux', 'pandas', 'sql', 'python', 'git', 'data pipeline', 'spark', 'postgresql', 'apache spark', 'data pipelines']"
1671,PUBLIC-RELATIONS,0.617810249132617,0.8825860701894528,0.0,"['mysql', 'aws', 'data warehousing', 'etl', 'data warehouse', 'linux', 'pandas', 'sql', 'python', 'git', 'data pipeline', 'spark', 'postgresql', 'apache spark', 'data pipelines']"
1672,CONSULTANT,0.6173976266403421,0.8819966094862032,0.0,"['mysql', 'aws', 'data warehousing', 'etl', 'data warehouse', 'linux', 'pandas', 'sql', 'python', 'git', 'data pipeline', 'spark', 'postgresql', 'apache spark', 'data pipelines']"
1673,CHEF,0.6172002177522787,0.8817145967889697,0.0,"['mysql', 'aws', 'data warehousing', 'etl', 'data warehouse', 'linux', 'pandas', 'sql', 'python', 'git', 'data pipeline', 'spark', 'postgresql', 'apache spark', 'data pipelines']"
1674,CHEF,0.6163353459707184,0.8804790656724548,0.0,"['mysql', 'aws', 'data warehousing', 'etl', 'data warehouse', 'linux', 'pandas', 'sql', 'python', 'git', 'data pipeline', 'spark', 'postgresql', 'apache spark', 'data pipelines']"
1675,CONSTRUCTION,0.6163229367207649,0.8804613381725214,0.0,"['mysql', 'aws', 'data warehousing', 'etl', 'data warehouse', 'linux', 'pandas', 'sql', 'python', 'git', 'data pipeline', 'spark', 'postgresql', 'apache spark', 'data pipelines']"
1676,ARTS,0.6159862334960992,0.879980333565856,0.0,"['mysql', 'aws', 'data warehousing', 'etl', 'data warehouse', 'linux', 'pandas', 'sql', 'python', 'git', 'data pipeline', 'spark', 'postgresql', 'apache spark', 'data pipelines']"
1677,TEACHER,0.6155569610660082,0.8793670872371546,0.0,"['mysql', 'aws', 'data warehousing', 'etl', 'data warehouse', 'linux', 'pandas', 'sql', 'python', 'git', 'data pipeline', 'spark', 'postgresql', 'apache spark', 'data pipelines']"
1678,SALES,0.6154659183329964,0.8792370261899949,0.0,"['mysql', 'aws', 'data warehousing', 'etl', 'data warehouse', 'linux', 'pandas', 'sql', 'python', 'git', 'data pipeline', 'spark', 'postgresql', 'apache spark', 'data pipelines']"
1679,SALES,0.6154152990461831,0.8791647129231188,0.0,"['mysql', 'aws', 'data warehousing', 'etl', 'data warehouse', 'linux', 'pandas', 'sql', 'python', 'git', 'data pipeline', 'spark', 'postgresql', 'apache spark', 'data pipelines']"
1680,APPAREL,0.6146312363393883,0.8780446233419834,0.0,"['mysql', 'aws', 'data warehousing', 'etl', 'data warehouse', 'linux', 'pandas', 'sql', 'python', 'git', 'data pipeline', 'spark', 'postgresql', 'apache spark', 'data pipelines']"
1681,CHEF,0.6146172444075416,0.8780246348679166,0.0,"['mysql', 'aws', 'data warehousing', 'etl', 'data warehouse', 'linux', 'pandas', 'sql', 'python', 'git', 'data pipeline', 'spark', 'postgresql', 'apache spark', 'data pipelines']"
1682,DIGITAL-MEDIA,0.6134920099730856,0.8764171571044082,0.0,"['mysql', 'aws', 'data warehousing', 'etl', 'data warehouse', 'linux', 'pandas', 'sql', 'python', 'git', 'data pipeline', 'spark', 'postgresql', 'apache spark', 'data pipelines']"
1683,FINANCE,0.6130429039842562,0.875775577120366,0.0,"['mysql', 'aws', 'data warehousing', 'etl', 'data warehouse', 'linux', 'pandas', 'sql', 'python', 'git', 'data pipeline', 'spark', 'postgresql', 'apache spark', 'data pipelines']"
1684,ADVOCATE,0.6127167302666973,0.8753096146667104,0.0,"['mysql', 'aws', 'data warehousing', 'etl', 'data warehouse', 'linux', 'pandas', 'sql', 'python', 'git', 'data pipeline', 'spark', 'postgresql', 'apache spark', 'data pipelines']"
1685,ADVOCATE,0.6126025672022007,0.8751465245745725,0.0,"['mysql', 'aws', 'data warehousing', 'etl', 'data warehouse', 'linux', 'pandas', 'sql', 'python', 'git', 'data pipeline', 'spark', 'postgresql', 'apache spark', 'data pipelines']"
1686,BANKING,0.6111874941120251,0.8731249915886073,0.0,"['mysql', 'aws', 'data warehousing', 'etl', 'data warehouse', 'linux', 'pandas', 'sql', 'python', 'git', 'data pipeline', 'spark', 'postgresql', 'apache spark', 'data pipelines']"
1687,CONSTRUCTION,0.6089045927000046,0.8698637038571495,0.0,"['mysql', 'aws', 'data warehousing', 'etl', 'data warehouse', 'linux', 'pandas', 'sql', 'python', 'git', 'data pipeline', 'spark', 'postgresql', 'apache spark', 'data pipelines']"
1688,FITNESS,0.608466674286837,0.869238106124053,0.0,"['mysql', 'aws', 'data warehousing', 'etl', 'data warehouse', 'linux', 'pandas', 'sql', 'python', 'git', 'data pipeline', 'spark', 'postgresql', 'apache spark', 'data pipelines']"
1689,APPAREL,0.6082280684655136,0.8688972406650194,0.0,"['mysql', 'aws', 'data warehousing', 'etl', 'data warehouse', 'linux', 'pandas', 'sql', 'python', 'git', 'data pipeline', 'spark', 'postgresql', 'apache spark', 'data pipelines']"
1690,ENGINEERING,0.6072318658821122,0.8674740941173033,0.0,"['mysql', 'aws', 'data warehousing', 'etl', 'data warehouse', 'linux', 'pandas', 'sql', 'python', 'git', 'data pipeline', 'spark', 'postgresql', 'apache spark', 'data pipelines']"
1691,CHEF,0.606380312723822,0.8662575896054601,0.0,"['mysql', 'aws', 'data warehousing', 'etl', 'data warehouse', 'linux', 'pandas', 'sql', 'python', 'git', 'data pipeline', 'spark', 'postgresql', 'apache spark', 'data pipelines']"
1692,BANKING,0.6054619660452403,0.8649456657789147,0.0,"['mysql', 'aws', 'data warehousing', 'etl', 'data warehouse', 'linux', 'pandas', 'sql', 'python', 'git', 'data pipeline', 'spark', 'postgresql', 'apache spark', 'data pipelines']"
1693,AVIATION,0.6052138254404118,0.8645911792005884,0.0,"['mysql', 'aws', 'data warehousing', 'etl', 'data warehouse', 'linux', 'pandas', 'sql', 'python', 'git', 'data pipeline', 'spark', 'postgresql', 'apache spark', 'data pipelines']"
1694,HR,0.6045601168705227,0.8636573098150324,0.0,"['mysql', 'aws', 'data warehousing', 'etl', 'data warehouse', 'linux', 'pandas', 'sql', 'python', 'git', 'data pipeline', 'spark', 'postgresql', 'apache spark', 'data pipelines']"
1695,FINANCE,0.6003274001350188,0.8576105716214555,0.0,"['mysql', 'aws', 'data warehousing', 'etl', 'data warehouse', 'linux', 'pandas', 'sql', 'python', 'git', 'data pipeline', 'spark', 'postgresql', 'apache spark', 'data pipelines']"
1696,AGRICULTURE,0.6002258567181453,0.8574655095973506,0.0,"['mysql', 'aws', 'data warehousing', 'etl', 'data warehouse', 'linux', 'pandas', 'sql', 'python', 'git', 'data pipeline', 'spark', 'postgresql', 'apache spark', 'data pipelines']"
1697,BANKING,0.5993203075360787,0.8561718679086838,0.0,"['mysql', 'aws', 'data warehousing', 'etl', 'data warehouse', 'linux', 'pandas', 'sql', 'python', 'git', 'data pipeline', 'spark', 'postgresql', 'apache spark', 'data pipelines']"
1698,TEACHER,0.5986417641885924,0.8552025202694177,0.0,"['mysql', 'aws', 'data warehousing', 'etl', 'data warehouse', 'linux', 'pandas', 'sql', 'python', 'git', 'data pipeline', 'spark', 'postgresql', 'apache spark', 'data pipelines']"
1699,TEACHER,0.5972779170114881,0.8532541671592688,0.0,"['mysql', 'aws', 'data warehousing', 'etl', 'data warehouse', 'linux', 'pandas', 'sql', 'python', 'git', 'data pipeline', 'spark', 'postgresql', 'apache spark', 'data pipelines']"
1700,SALES,0.5969361158588514,0.8527658797983593,0.0,"['mysql', 'aws', 'data warehousing', 'etl', 'data warehouse', 'linux', 'pandas', 'sql', 'python', 'git', 'data pipeline', 'spark', 'postgresql', 'apache spark', 'data pipelines']"
1701,APPAREL,0.5958423257054788,0.8512033224363983,0.0,"['mysql', 'aws', 'data warehousing', 'etl', 'data warehouse', 'linux', 'pandas', 'sql', 'python', 'git', 'data pipeline', 'spark', 'postgresql', 'apache spark', 'data pipelines']"
1702,FINANCE,0.5950057222720503,0.8500081746743576,0.0,"['mysql', 'aws', 'data warehousing', 'etl', 'data warehouse', 'linux', 'pandas', 'sql', 'python', 'git', 'data pipeline', 'spark', 'postgresql', 'apache spark', 'data pipelines']"
1703,DESIGNER,0.5947482369175192,0.849640338453599,0.0,"['mysql', 'aws', 'data warehousing', 'etl', 'data warehouse', 'linux', 'pandas', 'sql', 'python', 'git', 'data pipeline', 'spark', 'postgresql', 'apache spark', 'data pipelines']"
1704,HR,0.5938219637470736,0.8483170910672482,0.0,"['mysql', 'aws', 'data warehousing', 'etl', 'data warehouse', 'linux', 'pandas', 'sql', 'python', 'git', 'data pipeline', 'spark', 'postgresql', 'apache spark', 'data pipelines']"
1705,ENGINEERING,0.593246233214668,0.8474946188780971,0.0,"['mysql', 'aws', 'data warehousing', 'etl', 'data warehouse', 'linux', 'pandas', 'sql', 'python', 'git', 'data pipeline', 'spark', 'postgresql', 'apache spark', 'data pipelines']"
1706,CHEF,0.5932162872194331,0.8474518388849045,0.0,"['mysql', 'aws', 'data warehousing', 'etl', 'data warehouse', 'linux', 'pandas', 'sql', 'python', 'git', 'data pipeline', 'spark', 'postgresql', 'apache spark', 'data pipelines']"
1707,ACCOUNTANT,0.5906204361384046,0.843743480197721,0.0,"['mysql', 'aws', 'data warehousing', 'etl', 'data warehouse', 'linux', 'pandas', 'sql', 'python', 'git', 'data pipeline', 'spark', 'postgresql', 'apache spark', 'data pipelines']"
1708,ADVOCATE,0.5856863533988289,0.8366947905697556,0.0,"['mysql', 'aws', 'data warehousing', 'etl', 'data warehouse', 'linux', 'pandas', 'sql', 'python', 'git', 'data pipeline', 'spark', 'postgresql', 'apache spark', 'data pipelines']"
1709,AVIATION,0.5847808946968731,0.8354012781383902,0.0,"['mysql', 'aws', 'data warehousing', 'etl', 'data warehouse', 'linux', 'pandas', 'sql', 'python', 'git', 'data pipeline', 'spark', 'postgresql', 'apache spark', 'data pipelines']"
1710,ADVOCATE,0.5820018214011261,0.8314311734301802,0.0,"['mysql', 'aws', 'data warehousing', 'etl', 'data warehouse', 'linux', 'pandas', 'sql', 'python', 'git', 'data pipeline', 'spark', 'postgresql', 'apache spark', 'data pipelines']"
1711,BANKING,0.5818375994675659,0.8311965706679513,0.0,"['mysql', 'aws', 'data warehousing', 'etl', 'data warehouse', 'linux', 'pandas', 'sql', 'python', 'git', 'data pipeline', 'spark', 'postgresql', 'apache spark', 'data pipelines']"
1712,AGRICULTURE,0.5814002305592535,0.8305717579417908,0.0,"['mysql', 'aws', 'data warehousing', 'etl', 'data warehouse', 'linux', 'pandas', 'sql', 'python', 'git', 'data pipeline', 'spark', 'postgresql', 'apache spark', 'data pipelines']"
1713,CONSTRUCTION,0.5809547751832747,0.8299353931189638,0.0,"['mysql', 'aws', 'data warehousing', 'etl', 'data warehouse', 'linux', 'pandas', 'sql', 'python', 'git', 'data pipeline', 'spark', 'postgresql', 'apache spark', 'data pipelines']"
1714,AVIATION,0.579979764101587,0.8285425201451244,0.0,"['mysql', 'aws', 'data warehousing', 'etl', 'data warehouse', 'linux', 'pandas', 'sql', 'python', 'git', 'data pipeline', 'spark', 'postgresql', 'apache spark', 'data pipelines']"
1715,BANKING,0.5791127492854371,0.8273039275506245,0.0,"['mysql', 'aws', 'data warehousing', 'etl', 'data warehouse', 'linux', 'pandas', 'sql', 'python', 'git', 'data pipeline', 'spark', 'postgresql', 'apache spark', 'data pipelines']"
1716,BANKING,0.5763063397461368,0.8232947710659096,0.0,"['mysql', 'aws', 'data warehousing', 'etl', 'data warehouse', 'linux', 'pandas', 'sql', 'python', 'git', 'data pipeline', 'spark', 'postgresql', 'apache spark', 'data pipelines']"
1717,BUSINESS-DEVELOPMENT,0.5757503806387076,0.8225005437695825,0.0,"['mysql', 'aws', 'data warehousing', 'etl', 'data warehouse', 'linux', 'pandas', 'sql', 'python', 'git', 'data pipeline', 'spark', 'postgresql', 'apache spark', 'data pipelines']"
1718,AVIATION,0.5751995145420851,0.8217135922029788,0.0,"['mysql', 'aws', 'data warehousing', 'etl', 'data warehouse', 'linux', 'pandas', 'sql', 'python', 'git', 'data pipeline', 'spark', 'postgresql', 'apache spark', 'data pipelines']"
1719,CONSULTANT,0.5750341890717486,0.8214774129596409,0.0,"['mysql', 'aws', 'data warehousing', 'etl', 'data warehouse', 'linux', 'pandas', 'sql', 'python', 'git', 'data pipeline', 'spark', 'postgresql', 'apache spark', 'data pipelines']"
1720,ADVOCATE,0.5749430607324996,0.8213472296178566,0.0,"['mysql', 'aws', 'data warehousing', 'etl', 'data warehouse', 'linux', 'pandas', 'sql', 'python', 'git', 'data pipeline', 'spark', 'postgresql', 'apache spark', 'data pipelines']"
1721,CONSTRUCTION,0.5749320527486304,0.8213315039266148,0.0,"['mysql', 'aws', 'data warehousing', 'etl', 'data warehouse', 'linux', 'pandas', 'sql', 'python', 'git', 'data pipeline', 'spark', 'postgresql', 'apache spark', 'data pipelines']"
1722,APPAREL,0.5748492215205392,0.8212131736007704,0.0,"['mysql', 'aws', 'data warehousing', 'etl', 'data warehouse', 'linux', 'pandas', 'sql', 'python', 'git', 'data pipeline', 'spark', 'postgresql', 'apache spark', 'data pipelines']"
1723,HR,0.5740826676995316,0.8201180967136167,0.0,"['mysql', 'aws', 'data warehousing', 'etl', 'data warehouse', 'linux', 'pandas', 'sql', 'python', 'git', 'data pipeline', 'spark', 'postgresql', 'apache spark', 'data pipelines']"
1724,ADVOCATE,0.573982669558722,0.8199752422267458,0.0,"['mysql', 'aws', 'data warehousing', 'etl', 'data warehouse', 'linux', 'pandas', 'sql', 'python', 'git', 'data pipeline', 'spark', 'postgresql', 'apache spark', 'data pipelines']"
1725,AVIATION,0.5735260437525598,0.819322919646514,0.0,"['mysql', 'aws', 'data warehousing', 'etl', 'data warehouse', 'linux', 'pandas', 'sql', 'python', 'git', 'data pipeline', 'spark', 'postgresql', 'apache spark', 'data pipelines']"
1726,TEACHER,0.5727124260026768,0.8181606085752526,0.0,"['mysql', 'aws', 'data warehousing', 'etl', 'data warehouse', 'linux', 'pandas', 'sql', 'python', 'git', 'data pipeline', 'spark', 'postgresql', 'apache spark', 'data pipelines']"
1727,AVIATION,0.5723335986475289,0.817619426639327,0.0,"['mysql', 'aws', 'data warehousing', 'etl', 'data warehouse', 'linux', 'pandas', 'sql', 'python', 'git', 'data pipeline', 'spark', 'postgresql', 'apache spark', 'data pipelines']"
1728,TEACHER,0.5718623934645951,0.8169462763779931,0.0,"['mysql', 'aws', 'data warehousing', 'etl', 'data warehouse', 'linux', 'pandas', 'sql', 'python', 'git', 'data pipeline', 'spark', 'postgresql', 'apache spark', 'data pipelines']"
1729,BPO,0.5707572124196754,0.815367446313822,0.0,"['mysql', 'aws', 'data warehousing', 'etl', 'data warehouse', 'linux', 'pandas', 'sql', 'python', 'git', 'data pipeline', 'spark', 'postgresql', 'apache spark', 'data pipelines']"
1730,CONSULTANT,0.5707097083547934,0.8152995833639907,0.0,"['mysql', 'aws', 'data warehousing', 'etl', 'data warehouse', 'linux', 'pandas', 'sql', 'python', 'git', 'data pipeline', 'spark', 'postgresql', 'apache spark', 'data pipelines']"
1731,CONSTRUCTION,0.5698444726753293,0.8140635323933276,0.0,"['mysql', 'aws', 'data warehousing', 'etl', 'data warehouse', 'linux', 'pandas', 'sql', 'python', 'git', 'data pipeline', 'spark', 'postgresql', 'apache spark', 'data pipelines']"
1732,ADVOCATE,0.5679339470049967,0.8113342100071381,0.0,"['mysql', 'aws', 'data warehousing', 'etl', 'data warehouse', 'linux', 'pandas', 'sql', 'python', 'git', 'data pipeline', 'spark', 'postgresql', 'apache spark', 'data pipelines']"
1733,PUBLIC-RELATIONS,0.5674411347025252,0.8106301924321789,0.0,"['mysql', 'aws', 'data warehousing', 'etl', 'data warehouse', 'linux', 'pandas', 'sql', 'python', 'git', 'data pipeline', 'spark', 'postgresql', 'apache spark', 'data pipelines']"
1734,CHEF,0.5673370437843759,0.810481491120537,0.0,"['mysql', 'aws', 'data warehousing', 'etl', 'data warehouse', 'linux', 'pandas', 'sql', 'python', 'git', 'data pipeline', 'spark', 'postgresql', 'apache spark', 'data pipelines']"
1735,DESIGNER,0.5658884372180265,0.8084120531686094,0.0,"['mysql', 'aws', 'data warehousing', 'etl', 'data warehouse', 'linux', 'pandas', 'sql', 'python', 'git', 'data pipeline', 'spark', 'postgresql', 'apache spark', 'data pipelines']"
1736,BUSINESS-DEVELOPMENT,0.563679339191817,0.805256198845453,0.0,"['mysql', 'aws', 'data warehousing', 'etl', 'data warehouse', 'linux', 'pandas', 'sql', 'python', 'git', 'data pipeline', 'spark', 'postgresql', 'apache spark', 'data pipelines']"
1737,FINANCE,0.5630155539847045,0.8043079342638636,0.0,"['mysql', 'aws', 'data warehousing', 'etl', 'data warehouse', 'linux', 'pandas', 'sql', 'python', 'git', 'data pipeline', 'spark', 'postgresql', 'apache spark', 'data pipelines']"
1738,HR,0.563012401209733,0.8043034302996186,0.0,"['mysql', 'aws', 'data warehousing', 'etl', 'data warehouse', 'linux', 'pandas', 'sql', 'python', 'git', 'data pipeline', 'spark', 'postgresql', 'apache spark', 'data pipelines']"
1739,CONSULTANT,0.5627055991457065,0.8038651416367236,0.0,"['mysql', 'aws', 'data warehousing', 'etl', 'data warehouse', 'linux', 'pandas', 'sql', 'python', 'git', 'data pipeline', 'spark', 'postgresql', 'apache spark', 'data pipelines']"
1740,SALES,0.5621708461940434,0.8031012088486336,0.0,"['mysql', 'aws', 'data warehousing', 'etl', 'data warehouse', 'linux', 'pandas', 'sql', 'python', 'git', 'data pipeline', 'spark', 'postgresql', 'apache spark', 'data pipelines']"
1741,AGRICULTURE,0.5620239562957143,0.8028913661367348,0.0,"['mysql', 'aws', 'data warehousing', 'etl', 'data warehouse', 'linux', 'pandas', 'sql', 'python', 'git', 'data pipeline', 'spark', 'postgresql', 'apache spark', 'data pipelines']"
1742,PUBLIC-RELATIONS,0.5611691968063505,0.8016702811519293,0.0,"['mysql', 'aws', 'data warehousing', 'etl', 'data warehouse', 'linux', 'pandas', 'sql', 'python', 'git', 'data pipeline', 'spark', 'postgresql', 'apache spark', 'data pipelines']"
1743,ADVOCATE,0.5610104692495856,0.8014435274994082,0.0,"['mysql', 'aws', 'data warehousing', 'etl', 'data warehouse', 'linux', 'pandas', 'sql', 'python', 'git', 'data pipeline', 'spark', 'postgresql', 'apache spark', 'data pipelines']"
1744,ARTS,0.5609728953886123,0.8013898505551604,0.0,"['mysql', 'aws', 'data warehousing', 'etl', 'data warehouse', 'linux', 'pandas', 'sql', 'python', 'git', 'data pipeline', 'spark', 'postgresql', 'apache spark', 'data pipelines']"
1745,BUSINESS-DEVELOPMENT,0.5602337112917182,0.8003338732738832,0.0,"['mysql', 'aws', 'data warehousing', 'etl', 'data warehouse', 'linux', 'pandas', 'sql', 'python', 'git', 'data pipeline', 'spark', 'postgresql', 'apache spark', 'data pipelines']"
1746,CHEF,0.5591803663713434,0.7988290948162049,0.0,"['mysql', 'aws', 'data warehousing', 'etl', 'data warehouse', 'linux', 'pandas', 'sql', 'python', 'git', 'data pipeline', 'spark', 'postgresql', 'apache spark', 'data pipelines']"
1747,SALES,0.5574395340183367,0.7963421914547668,0.0,"['mysql', 'aws', 'data warehousing', 'etl', 'data warehouse', 'linux', 'pandas', 'sql', 'python', 'git', 'data pipeline', 'spark', 'postgresql', 'apache spark', 'data pipelines']"
1748,DESIGNER,0.557058967101922,0.7957985244313173,0.0,"['mysql', 'aws', 'data warehousing', 'etl', 'data warehouse', 'linux', 'pandas', 'sql', 'python', 'git', 'data pipeline', 'spark', 'postgresql', 'apache spark', 'data pipelines']"
1749,FINANCE,0.5550306733868392,0.7929009619811989,0.0,"['mysql', 'aws', 'data warehousing', 'etl', 'data warehouse', 'linux', 'pandas', 'sql', 'python', 'git', 'data pipeline', 'spark', 'postgresql', 'apache spark', 'data pipelines']"
1750,FINANCE,0.5525631851705823,0.7893759788151177,0.0,"['mysql', 'aws', 'data warehousing', 'etl', 'data warehouse', 'linux', 'pandas', 'sql', 'python', 'git', 'data pipeline', 'spark', 'postgresql', 'apache spark', 'data pipelines']"
1751,TEACHER,0.5524266110218151,0.7891808728883074,0.0,"['mysql', 'aws', 'data warehousing', 'etl', 'data warehouse', 'linux', 'pandas', 'sql', 'python', 'git', 'data pipeline', 'spark', 'postgresql', 'apache spark', 'data pipelines']"
1752,APPAREL,0.5524120035976965,0.7891600051395664,0.0,"['mysql', 'aws', 'data warehousing', 'etl', 'data warehouse', 'linux', 'pandas', 'sql', 'python', 'git', 'data pipeline', 'spark', 'postgresql', 'apache spark', 'data pipelines']"
1753,SALES,0.5521704558243979,0.7888149368919971,0.0,"['mysql', 'aws', 'data warehousing', 'etl', 'data warehouse', 'linux', 'pandas', 'sql', 'python', 'git', 'data pipeline', 'spark', 'postgresql', 'apache spark', 'data pipelines']"
1754,BUSINESS-DEVELOPMENT,0.5506643746620282,0.786663392374326,0.0,"['mysql', 'aws', 'data warehousing', 'etl', 'data warehouse', 'linux', 'pandas', 'sql', 'python', 'git', 'data pipeline', 'spark', 'postgresql', 'apache spark', 'data pipelines']"
1755,SALES,0.5503621107395711,0.7862315867708158,0.0,"['mysql', 'aws', 'data warehousing', 'etl', 'data warehouse', 'linux', 'pandas', 'sql', 'python', 'git', 'data pipeline', 'spark', 'postgresql', 'apache spark', 'data pipelines']"
1756,AVIATION,0.5500833070799992,0.7858332958285703,0.0,"['mysql', 'aws', 'data warehousing', 'etl', 'data warehouse', 'linux', 'pandas', 'sql', 'python', 'git', 'data pipeline', 'spark', 'postgresql', 'apache spark', 'data pipelines']"
1757,AVIATION,0.5487845494067418,0.783977927723917,0.0,"['mysql', 'aws', 'data warehousing', 'etl', 'data warehouse', 'linux', 'pandas', 'sql', 'python', 'git', 'data pipeline', 'spark', 'postgresql', 'apache spark', 'data pipelines']"
1758,APPAREL,0.5475296340863773,0.7821851915519676,0.0,"['mysql', 'aws', 'data warehousing', 'etl', 'data warehouse', 'linux', 'pandas', 'sql', 'python', 'git', 'data pipeline', 'spark', 'postgresql', 'apache spark', 'data pipelines']"
1759,FITNESS,0.5465065239741194,0.7807236056773135,0.0,"['mysql', 'aws', 'data warehousing', 'etl', 'data warehouse', 'linux', 'pandas', 'sql', 'python', 'git', 'data pipeline', 'spark', 'postgresql', 'apache spark', 'data pipelines']"
1760,INFORMATION-TECHNOLOGY,0.5443033357771858,0.7775761939674084,0.0,"['mysql', 'aws', 'data warehousing', 'etl', 'data warehouse', 'linux', 'pandas', 'sql', 'python', 'git', 'data pipeline', 'spark', 'postgresql', 'apache spark', 'data pipelines']"
1761,AVIATION,0.5432009998991225,0.776001428427318,0.0,"['mysql', 'aws', 'data warehousing', 'etl', 'data warehouse', 'linux', 'pandas', 'sql', 'python', 'git', 'data pipeline', 'spark', 'postgresql', 'apache spark', 'data pipelines']"
1762,CHEF,0.5431853777308797,0.7759791110441139,0.0,"['mysql', 'aws', 'data warehousing', 'etl', 'data warehouse', 'linux', 'pandas', 'sql', 'python', 'git', 'data pipeline', 'spark', 'postgresql', 'apache spark', 'data pipelines']"
1763,BUSINESS-DEVELOPMENT,0.54228655249952,0.7746950749993143,0.0,"['mysql', 'aws', 'data warehousing', 'etl', 'data warehouse', 'linux', 'pandas', 'sql', 'python', 'git', 'data pipeline', 'spark', 'postgresql', 'apache spark', 'data pipelines']"
1764,BANKING,0.5408173927731577,0.7725962753902252,0.0,"['mysql', 'aws', 'data warehousing', 'etl', 'data warehouse', 'linux', 'pandas', 'sql', 'python', 'git', 'data pipeline', 'spark', 'postgresql', 'apache spark', 'data pipelines']"
1765,PUBLIC-RELATIONS,0.5408109246223917,0.7725870351748453,0.0,"['mysql', 'aws', 'data warehousing', 'etl', 'data warehouse', 'linux', 'pandas', 'sql', 'python', 'git', 'data pipeline', 'spark', 'postgresql', 'apache spark', 'data pipelines']"
1766,CHEF,0.5391911426152732,0.7702730608789617,0.0,"['mysql', 'aws', 'data warehousing', 'etl', 'data warehouse', 'linux', 'pandas', 'sql', 'python', 'git', 'data pipeline', 'spark', 'postgresql', 'apache spark', 'data pipelines']"
1767,ADVOCATE,0.5370486577993993,0.7672123682848562,0.0,"['mysql', 'aws', 'data warehousing', 'etl', 'data warehouse', 'linux', 'pandas', 'sql', 'python', 'git', 'data pipeline', 'spark', 'postgresql', 'apache spark', 'data pipelines']"
1768,AVIATION,0.5361987975136215,0.7659982821623166,0.0,"['mysql', 'aws', 'data warehousing', 'etl', 'data warehouse', 'linux', 'pandas', 'sql', 'python', 'git', 'data pipeline', 'spark', 'postgresql', 'apache spark', 'data pipelines']"
1769,DESIGNER,0.5356307634251491,0.7651868048930703,0.0,"['mysql', 'aws', 'data warehousing', 'etl', 'data warehouse', 'linux', 'pandas', 'sql', 'python', 'git', 'data pipeline', 'spark', 'postgresql', 'apache spark', 'data pipelines']"
1770,PUBLIC-RELATIONS,0.5333063832560889,0.7618662617944129,0.0,"['mysql', 'aws', 'data warehousing', 'etl', 'data warehouse', 'linux', 'pandas', 'sql', 'python', 'git', 'data pipeline', 'spark', 'postgresql', 'apache spark', 'data pipelines']"
1771,HR,0.5322044371265052,0.7602920530378646,0.0,"['mysql', 'aws', 'data warehousing', 'etl', 'data warehouse', 'linux', 'pandas', 'sql', 'python', 'git', 'data pipeline', 'spark', 'postgresql', 'apache spark', 'data pipelines']"
1772,TEACHER,0.5320260274406186,0.7600371820580265,0.0,"['mysql', 'aws', 'data warehousing', 'etl', 'data warehouse', 'linux', 'pandas', 'sql', 'python', 'git', 'data pipeline', 'spark', 'postgresql', 'apache spark', 'data pipelines']"
1773,DESIGNER,0.5315952863813301,0.7594218376876145,0.0,"['mysql', 'aws', 'data warehousing', 'etl', 'data warehouse', 'linux', 'pandas', 'sql', 'python', 'git', 'data pipeline', 'spark', 'postgresql', 'apache spark', 'data pipelines']"
1774,BANKING,0.5301437064879136,0.757348152125591,0.0,"['mysql', 'aws', 'data warehousing', 'etl', 'data warehouse', 'linux', 'pandas', 'sql', 'python', 'git', 'data pipeline', 'spark', 'postgresql', 'apache spark', 'data pipelines']"
1775,APPAREL,0.5294137611390068,0.7563053730557241,0.0,"['mysql', 'aws', 'data warehousing', 'etl', 'data warehouse', 'linux', 'pandas', 'sql', 'python', 'git', 'data pipeline', 'spark', 'postgresql', 'apache spark', 'data pipelines']"
1776,ACCOUNTANT,0.5290783690225201,0.7558262414607432,0.0,"['mysql', 'aws', 'data warehousing', 'etl', 'data warehouse', 'linux', 'pandas', 'sql', 'python', 'git', 'data pipeline', 'spark', 'postgresql', 'apache spark', 'data pipelines']"
1777,AUTOMOBILE,0.5287610236405363,0.755372890915052,0.0,"['mysql', 'aws', 'data warehousing', 'etl', 'data warehouse', 'linux', 'pandas', 'sql', 'python', 'git', 'data pipeline', 'spark', 'postgresql', 'apache spark', 'data pipelines']"
1778,ARTS,0.527952051827881,0.7542172168969729,0.0,"['mysql', 'aws', 'data warehousing', 'etl', 'data warehouse', 'linux', 'pandas', 'sql', 'python', 'git', 'data pipeline', 'spark', 'postgresql', 'apache spark', 'data pipelines']"
1779,TEACHER,0.5277850990930133,0.7539787129900191,0.0,"['mysql', 'aws', 'data warehousing', 'etl', 'data warehouse', 'linux', 'pandas', 'sql', 'python', 'git', 'data pipeline', 'spark', 'postgresql', 'apache spark', 'data pipelines']"
1780,ACCOUNTANT,0.526561304408935,0.7522304348699071,0.0,"['mysql', 'aws', 'data warehousing', 'etl', 'data warehouse', 'linux', 'pandas', 'sql', 'python', 'git', 'data pipeline', 'spark', 'postgresql', 'apache spark', 'data pipelines']"
1781,CHEF,0.5258561467591006,0.7512230667987152,0.0,"['mysql', 'aws', 'data warehousing', 'etl', 'data warehouse', 'linux', 'pandas', 'sql', 'python', 'git', 'data pipeline', 'spark', 'postgresql', 'apache spark', 'data pipelines']"
1782,ADVOCATE,0.5256994346150333,0.7509991923071905,0.0,"['mysql', 'aws', 'data warehousing', 'etl', 'data warehouse', 'linux', 'pandas', 'sql', 'python', 'git', 'data pipeline', 'spark', 'postgresql', 'apache spark', 'data pipelines']"
1783,AVIATION,0.52494643479832,0.7499234782833144,0.0,"['mysql', 'aws', 'data warehousing', 'etl', 'data warehouse', 'linux', 'pandas', 'sql', 'python', 'git', 'data pipeline', 'spark', 'postgresql', 'apache spark', 'data pipelines']"
1784,CHEF,0.5248126046773918,0.7497322923962739,0.0,"['mysql', 'aws', 'data warehousing', 'etl', 'data warehouse', 'linux', 'pandas', 'sql', 'python', 'git', 'data pipeline', 'spark', 'postgresql', 'apache spark', 'data pipelines']"
1785,SALES,0.5247290342233352,0.749612906033336,0.0,"['mysql', 'aws', 'data warehousing', 'etl', 'data warehouse', 'linux', 'pandas', 'sql', 'python', 'git', 'data pipeline', 'spark', 'postgresql', 'apache spark', 'data pipelines']"
1786,CONSTRUCTION,0.5245702254590102,0.7493860363700147,0.0,"['mysql', 'aws', 'data warehousing', 'etl', 'data warehouse', 'linux', 'pandas', 'sql', 'python', 'git', 'data pipeline', 'spark', 'postgresql', 'apache spark', 'data pipelines']"
1787,HR,0.5209470915365616,0.7442101307665165,0.0,"['mysql', 'aws', 'data warehousing', 'etl', 'data warehouse', 'linux', 'pandas', 'sql', 'python', 'git', 'data pipeline', 'spark', 'postgresql', 'apache spark', 'data pipelines']"
1788,PUBLIC-RELATIONS,0.5201208661579392,0.7430298087970559,0.0,"['mysql', 'aws', 'data warehousing', 'etl', 'data warehouse', 'linux', 'pandas', 'sql', 'python', 'git', 'data pipeline', 'spark', 'postgresql', 'apache spark', 'data pipelines']"
1789,AVIATION,0.5176208387175568,0.7394583410250812,0.0,"['mysql', 'aws', 'data warehousing', 'etl', 'data warehouse', 'linux', 'pandas', 'sql', 'python', 'git', 'data pipeline', 'spark', 'postgresql', 'apache spark', 'data pipelines']"
1790,AGRICULTURE,0.5169985841469269,0.7385694059241813,0.0,"['mysql', 'aws', 'data warehousing', 'etl', 'data warehouse', 'linux', 'pandas', 'sql', 'python', 'git', 'data pipeline', 'spark', 'postgresql', 'apache spark', 'data pipelines']"
1791,APPAREL,0.5168656425462735,0.7383794893518194,0.0,"['mysql', 'aws', 'data warehousing', 'etl', 'data warehouse', 'linux', 'pandas', 'sql', 'python', 'git', 'data pipeline', 'spark', 'postgresql', 'apache spark', 'data pipelines']"
1792,CONSTRUCTION,0.5164369442521216,0.7377670632173167,0.0,"['mysql', 'aws', 'data warehousing', 'etl', 'data warehouse', 'linux', 'pandas', 'sql', 'python', 'git', 'data pipeline', 'spark', 'postgresql', 'apache spark', 'data pipelines']"
1793,DIGITAL-MEDIA,0.5145413660126605,0.7350590943038008,0.0,"['mysql', 'aws', 'data warehousing', 'etl', 'data warehouse', 'linux', 'pandas', 'sql', 'python', 'git', 'data pipeline', 'spark', 'postgresql', 'apache spark', 'data pipelines']"
1794,SALES,0.5142024810894698,0.7345749729849569,0.0,"['mysql', 'aws', 'data warehousing', 'etl', 'data warehouse', 'linux', 'pandas', 'sql', 'python', 'git', 'data pipeline', 'spark', 'postgresql', 'apache spark', 'data pipelines']"
1795,AGRICULTURE,0.5109519190849862,0.7299313129785517,0.0,"['mysql', 'aws', 'data warehousing', 'etl', 'data warehouse', 'linux', 'pandas', 'sql', 'python', 'git', 'data pipeline', 'spark', 'postgresql', 'apache spark', 'data pipelines']"
1796,CONSTRUCTION,0.5108704218623109,0.7298148883747299,0.0,"['mysql', 'aws', 'data warehousing', 'etl', 'data warehouse', 'linux', 'pandas', 'sql', 'python', 'git', 'data pipeline', 'spark', 'postgresql', 'apache spark', 'data pipelines']"
1797,CONSULTANT,0.5102685633121796,0.728955090445971,0.0,"['mysql', 'aws', 'data warehousing', 'etl', 'data warehouse', 'linux', 'pandas', 'sql', 'python', 'git', 'data pipeline', 'spark', 'postgresql', 'apache spark', 'data pipelines']"
1798,FITNESS,0.5092505068936527,0.7275007241337896,0.0,"['mysql', 'aws', 'data warehousing', 'etl', 'data warehouse', 'linux', 'pandas', 'sql', 'python', 'git', 'data pipeline', 'spark', 'postgresql', 'apache spark', 'data pipelines']"
1799,BANKING,0.5056182328886586,0.7223117612695124,0.0,"['mysql', 'aws', 'data warehousing', 'etl', 'data warehouse', 'linux', 'pandas', 'sql', 'python', 'git', 'data pipeline', 'spark', 'postgresql', 'apache spark', 'data pipelines']"
1800,BUSINESS-DEVELOPMENT,0.5044208629480489,0.7206012327829271,0.0,"['mysql', 'aws', 'data warehousing', 'etl', 'data warehouse', 'linux', 'pandas', 'sql', 'python', 'git', 'data pipeline', 'spark', 'postgresql', 'apache spark', 'data pipelines']"
1801,PUBLIC-RELATIONS,0.5008412786226485,0.715487540889498,0.0,"['mysql', 'aws', 'data warehousing', 'etl', 'data warehouse', 'linux', 'pandas', 'sql', 'python', 'git', 'data pipeline', 'spark', 'postgresql', 'apache spark', 'data pipelines']"
1802,PUBLIC-RELATIONS,0.5006131904034317,0.715161700576331,0.0,"['mysql', 'aws', 'data warehousing', 'etl', 'data warehouse', 'linux', 'pandas', 'sql', 'python', 'git', 'data pipeline', 'spark', 'postgresql', 'apache spark', 'data pipelines']"
1803,DESIGNER,0.5005314434400794,0.7150449192001134,0.0,"['mysql', 'aws', 'data warehousing', 'etl', 'data warehouse', 'linux', 'pandas', 'sql', 'python', 'git', 'data pipeline', 'spark', 'postgresql', 'apache spark', 'data pipelines']"
1804,FITNESS,0.49844114173411375,0.7120587739058768,0.0,"['mysql', 'aws', 'data warehousing', 'etl', 'data warehouse', 'linux', 'pandas', 'sql', 'python', 'git', 'data pipeline', 'spark', 'postgresql', 'apache spark', 'data pipelines']"
1805,CONSTRUCTION,0.4983025783253442,0.7118608261790632,0.0,"['mysql', 'aws', 'data warehousing', 'etl', 'data warehouse', 'linux', 'pandas', 'sql', 'python', 'git', 'data pipeline', 'spark', 'postgresql', 'apache spark', 'data pipelines']"
1806,FINANCE,0.4970509054671794,0.7100727220959706,0.0,"['mysql', 'aws', 'data warehousing', 'etl', 'data warehouse', 'linux', 'pandas', 'sql', 'python', 'git', 'data pipeline', 'spark', 'postgresql', 'apache spark', 'data pipelines']"
1807,TEACHER,0.4956731902154747,0.7081045574506781,0.0,"['mysql', 'aws', 'data warehousing', 'etl', 'data warehouse', 'linux', 'pandas', 'sql', 'python', 'git', 'data pipeline', 'spark', 'postgresql', 'apache spark', 'data pipelines']"
1808,ACCOUNTANT,0.49534587929638807,0.7076369704234116,0.0,"['mysql', 'aws', 'data warehousing', 'etl', 'data warehouse', 'linux', 'pandas', 'sql', 'python', 'git', 'data pipeline', 'spark', 'postgresql', 'apache spark', 'data pipelines']"
1809,FINANCE,0.4937315385443537,0.7053307693490768,0.0,"['mysql', 'aws', 'data warehousing', 'etl', 'data warehouse', 'linux', 'pandas', 'sql', 'python', 'git', 'data pipeline', 'spark', 'postgresql', 'apache spark', 'data pipelines']"
1810,ACCOUNTANT,0.4923825882975122,0.7034036975678746,0.0,"['mysql', 'aws', 'data warehousing', 'etl', 'data warehouse', 'linux', 'pandas', 'sql', 'python', 'git', 'data pipeline', 'spark', 'postgresql', 'apache spark', 'data pipelines']"
1811,BANKING,0.4912710453185492,0.7018157790264989,0.0,"['mysql', 'aws', 'data warehousing', 'etl', 'data warehouse', 'linux', 'pandas', 'sql', 'python', 'git', 'data pipeline', 'spark', 'postgresql', 'apache spark', 'data pipelines']"
1812,ARTS,0.49003830662469866,0.7000547237495696,0.0,"['mysql', 'aws', 'data warehousing', 'etl', 'data warehouse', 'linux', 'pandas', 'sql', 'python', 'git', 'data pipeline', 'spark', 'postgresql', 'apache spark', 'data pipelines']"
1813,AGRICULTURE,0.4898414480527079,0.6997734972181542,0.0,"['mysql', 'aws', 'data warehousing', 'etl', 'data warehouse', 'linux', 'pandas', 'sql', 'python', 'git', 'data pipeline', 'spark', 'postgresql', 'apache spark', 'data pipelines']"
1814,BUSINESS-DEVELOPMENT,0.48926858423543207,0.6989551203363316,0.0,"['mysql', 'aws', 'data warehousing', 'etl', 'data warehouse', 'linux', 'pandas', 'sql', 'python', 'git', 'data pipeline', 'spark', 'postgresql', 'apache spark', 'data pipelines']"
1815,CONSULTANT,0.4890463794125254,0.6986376848750363,0.0,"['mysql', 'aws', 'data warehousing', 'etl', 'data warehouse', 'linux', 'pandas', 'sql', 'python', 'git', 'data pipeline', 'spark', 'postgresql', 'apache spark', 'data pipelines']"
1816,CONSULTANT,0.48885766689976984,0.6983680955710998,0.0,"['mysql', 'aws', 'data warehousing', 'etl', 'data warehouse', 'linux', 'pandas', 'sql', 'python', 'git', 'data pipeline', 'spark', 'postgresql', 'apache spark', 'data pipelines']"
1817,SALES,0.488286054126522,0.6975515058950315,0.0,"['mysql', 'aws', 'data warehousing', 'etl', 'data warehouse', 'linux', 'pandas', 'sql', 'python', 'git', 'data pipeline', 'spark', 'postgresql', 'apache spark', 'data pipelines']"
1818,BUSINESS-DEVELOPMENT,0.4876349960453002,0.6966214229218575,0.0,"['mysql', 'aws', 'data warehousing', 'etl', 'data warehouse', 'linux', 'pandas', 'sql', 'python', 'git', 'data pipeline', 'spark', 'postgresql', 'apache spark', 'data pipelines']"
1819,ENGINEERING,0.48734240096894244,0.6962034299556321,0.0,"['mysql', 'aws', 'data warehousing', 'etl', 'data warehouse', 'linux', 'pandas', 'sql', 'python', 'git', 'data pipeline', 'spark', 'postgresql', 'apache spark', 'data pipelines']"
1820,BUSINESS-DEVELOPMENT,0.4871343069694545,0.6959061528135064,0.0,"['mysql', 'aws', 'data warehousing', 'etl', 'data warehouse', 'linux', 'pandas', 'sql', 'python', 'git', 'data pipeline', 'spark', 'postgresql', 'apache spark', 'data pipelines']"
1821,BANKING,0.48501415517583385,0.6928773645369055,0.0,"['mysql', 'aws', 'data warehousing', 'etl', 'data warehouse', 'linux', 'pandas', 'sql', 'python', 'git', 'data pipeline', 'spark', 'postgresql', 'apache spark', 'data pipelines']"
1822,FINANCE,0.4843187693737287,0.6918839562481839,0.0,"['mysql', 'aws', 'data warehousing', 'etl', 'data warehouse', 'linux', 'pandas', 'sql', 'python', 'git', 'data pipeline', 'spark', 'postgresql', 'apache spark', 'data pipelines']"
1823,FINANCE,0.48410141523306827,0.6915734503329547,0.0,"['mysql', 'aws', 'data warehousing', 'etl', 'data warehouse', 'linux', 'pandas', 'sql', 'python', 'git', 'data pipeline', 'spark', 'postgresql', 'apache spark', 'data pipelines']"
1824,AVIATION,0.48291758574747906,0.6898822653535416,0.0,"['mysql', 'aws', 'data warehousing', 'etl', 'data warehouse', 'linux', 'pandas', 'sql', 'python', 'git', 'data pipeline', 'spark', 'postgresql', 'apache spark', 'data pipelines']"
1825,ADVOCATE,0.48272792616489807,0.6896113230927116,0.0,"['mysql', 'aws', 'data warehousing', 'etl', 'data warehouse', 'linux', 'pandas', 'sql', 'python', 'git', 'data pipeline', 'spark', 'postgresql', 'apache spark', 'data pipelines']"
1826,ACCOUNTANT,0.4826871521939387,0.6895530745627696,0.0,"['mysql', 'aws', 'data warehousing', 'etl', 'data warehouse', 'linux', 'pandas', 'sql', 'python', 'git', 'data pipeline', 'spark', 'postgresql', 'apache spark', 'data pipelines']"
1827,CONSULTANT,0.48131212880123925,0.6875887554303418,0.0,"['mysql', 'aws', 'data warehousing', 'etl', 'data warehouse', 'linux', 'pandas', 'sql', 'python', 'git', 'data pipeline', 'spark', 'postgresql', 'apache spark', 'data pipelines']"
1828,ACCOUNTANT,0.4810533545880868,0.6872190779829812,0.0,"['mysql', 'aws', 'data warehousing', 'etl', 'data warehouse', 'linux', 'pandas', 'sql', 'python', 'git', 'data pipeline', 'spark', 'postgresql', 'apache spark', 'data pipelines']"
1829,AVIATION,0.4797142464184872,0.6853060663121247,0.0,"['mysql', 'aws', 'data warehousing', 'etl', 'data warehouse', 'linux', 'pandas', 'sql', 'python', 'git', 'data pipeline', 'spark', 'postgresql', 'apache spark', 'data pipelines']"
1830,ARTS,0.47928104425819246,0.6846872060831322,0.0,"['mysql', 'aws', 'data warehousing', 'etl', 'data warehouse', 'linux', 'pandas', 'sql', 'python', 'git', 'data pipeline', 'spark', 'postgresql', 'apache spark', 'data pipelines']"
1831,DIGITAL-MEDIA,0.4789306083356291,0.6841865833366131,0.0,"['mysql', 'aws', 'data warehousing', 'etl', 'data warehouse', 'linux', 'pandas', 'sql', 'python', 'git', 'data pipeline', 'spark', 'postgresql', 'apache spark', 'data pipelines']"
1832,SALES,0.4780617217495178,0.6829453167850255,0.0,"['mysql', 'aws', 'data warehousing', 'etl', 'data warehouse', 'linux', 'pandas', 'sql', 'python', 'git', 'data pipeline', 'spark', 'postgresql', 'apache spark', 'data pipelines']"
1833,FITNESS,0.47797230070212604,0.6828175724316087,0.0,"['mysql', 'aws', 'data warehousing', 'etl', 'data warehouse', 'linux', 'pandas', 'sql', 'python', 'git', 'data pipeline', 'spark', 'postgresql', 'apache spark', 'data pipelines']"
1834,CHEF,0.4759373960149371,0.6799105657356245,0.0,"['mysql', 'aws', 'data warehousing', 'etl', 'data warehouse', 'linux', 'pandas', 'sql', 'python', 'git', 'data pipeline', 'spark', 'postgresql', 'apache spark', 'data pipelines']"
1835,ACCOUNTANT,0.47287554678233,0.6755364954033286,0.0,"['mysql', 'aws', 'data warehousing', 'etl', 'data warehouse', 'linux', 'pandas', 'sql', 'python', 'git', 'data pipeline', 'spark', 'postgresql', 'apache spark', 'data pipelines']"
1836,PUBLIC-RELATIONS,0.472673723503062,0.6752481764329458,0.0,"['mysql', 'aws', 'data warehousing', 'etl', 'data warehouse', 'linux', 'pandas', 'sql', 'python', 'git', 'data pipeline', 'spark', 'postgresql', 'apache spark', 'data pipelines']"
1837,BUSINESS-DEVELOPMENT,0.47113649943817903,0.6730521420545416,0.0,"['mysql', 'aws', 'data warehousing', 'etl', 'data warehouse', 'linux', 'pandas', 'sql', 'python', 'git', 'data pipeline', 'spark', 'postgresql', 'apache spark', 'data pipelines']"
1838,APPAREL,0.470638754020172,0.6723410771716744,0.0,"['mysql', 'aws', 'data warehousing', 'etl', 'data warehouse', 'linux', 'pandas', 'sql', 'python', 'git', 'data pipeline', 'spark', 'postgresql', 'apache spark', 'data pipelines']"
1839,CHEF,0.4705745432754346,0.6722493475363351,0.0,"['mysql', 'aws', 'data warehousing', 'etl', 'data warehouse', 'linux', 'pandas', 'sql', 'python', 'git', 'data pipeline', 'spark', 'postgresql', 'apache spark', 'data pipelines']"
1840,INFORMATION-TECHNOLOGY,0.47035219207719287,0.6719317029674184,0.0,"['mysql', 'aws', 'data warehousing', 'etl', 'data warehouse', 'linux', 'pandas', 'sql', 'python', 'git', 'data pipeline', 'spark', 'postgresql', 'apache spark', 'data pipelines']"
1841,FINANCE,0.4701091008829546,0.6715844298327923,0.0,"['mysql', 'aws', 'data warehousing', 'etl', 'data warehouse', 'linux', 'pandas', 'sql', 'python', 'git', 'data pipeline', 'spark', 'postgresql', 'apache spark', 'data pipelines']"
1842,ADVOCATE,0.46964924362355315,0.6709274908907903,0.0,"['mysql', 'aws', 'data warehousing', 'etl', 'data warehouse', 'linux', 'pandas', 'sql', 'python', 'git', 'data pipeline', 'spark', 'postgresql', 'apache spark', 'data pipelines']"
1843,DESIGNER,0.46901128490111876,0.6700161212873126,0.0,"['mysql', 'aws', 'data warehousing', 'etl', 'data warehouse', 'linux', 'pandas', 'sql', 'python', 'git', 'data pipeline', 'spark', 'postgresql', 'apache spark', 'data pipelines']"
1844,PUBLIC-RELATIONS,0.4689088600854495,0.6698698001220708,0.0,"['mysql', 'aws', 'data warehousing', 'etl', 'data warehouse', 'linux', 'pandas', 'sql', 'python', 'git', 'data pipeline', 'spark', 'postgresql', 'apache spark', 'data pipelines']"
1845,FITNESS,0.4675541271010568,0.667934467287224,0.0,"['mysql', 'aws', 'data warehousing', 'etl', 'data warehouse', 'linux', 'pandas', 'sql', 'python', 'git', 'data pipeline', 'spark', 'postgresql', 'apache spark', 'data pipelines']"
1846,ACCOUNTANT,0.4675165235704102,0.6678807479577289,0.0,"['mysql', 'aws', 'data warehousing', 'etl', 'data warehouse', 'linux', 'pandas', 'sql', 'python', 'git', 'data pipeline', 'spark', 'postgresql', 'apache spark', 'data pipelines']"
1847,INFORMATION-TECHNOLOGY,0.46672262121960245,0.6667466017422893,0.0,"['mysql', 'aws', 'data warehousing', 'etl', 'data warehouse', 'linux', 'pandas', 'sql', 'python', 'git', 'data pipeline', 'spark', 'postgresql', 'apache spark', 'data pipelines']"
1848,INFORMATION-TECHNOLOGY,0.46598481390414176,0.6656925912916312,0.0,"['mysql', 'aws', 'data warehousing', 'etl', 'data warehouse', 'linux', 'pandas', 'sql', 'python', 'git', 'data pipeline', 'spark', 'postgresql', 'apache spark', 'data pipelines']"
1849,CHEF,0.4641109377004173,0.6630156252863104,0.0,"['mysql', 'aws', 'data warehousing', 'etl', 'data warehouse', 'linux', 'pandas', 'sql', 'python', 'git', 'data pipeline', 'spark', 'postgresql', 'apache spark', 'data pipelines']"
1850,AGRICULTURE,0.46295060841612484,0.6613580120230356,0.0,"['mysql', 'aws', 'data warehousing', 'etl', 'data warehouse', 'linux', 'pandas', 'sql', 'python', 'git', 'data pipeline', 'spark', 'postgresql', 'apache spark', 'data pipelines']"
1851,ACCOUNTANT,0.46244080337220894,0.6606297191031557,0.0,"['mysql', 'aws', 'data warehousing', 'etl', 'data warehouse', 'linux', 'pandas', 'sql', 'python', 'git', 'data pipeline', 'spark', 'postgresql', 'apache spark', 'data pipelines']"
1852,CONSTRUCTION,0.4617814372919412,0.6596877675599161,0.0,"['mysql', 'aws', 'data warehousing', 'etl', 'data warehouse', 'linux', 'pandas', 'sql', 'python', 'git', 'data pipeline', 'spark', 'postgresql', 'apache spark', 'data pipelines']"
1853,FINANCE,0.45989553109559916,0.656993615850856,0.0,"['mysql', 'aws', 'data warehousing', 'etl', 'data warehouse', 'linux', 'pandas', 'sql', 'python', 'git', 'data pipeline', 'spark', 'postgresql', 'apache spark', 'data pipelines']"
1854,CONSTRUCTION,0.4598517081460061,0.6569310116371516,0.0,"['mysql', 'aws', 'data warehousing', 'etl', 'data warehouse', 'linux', 'pandas', 'sql', 'python', 'git', 'data pipeline', 'spark', 'postgresql', 'apache spark', 'data pipelines']"
1855,AGRICULTURE,0.45921311936322406,0.656018741947463,0.0,"['mysql', 'aws', 'data warehousing', 'etl', 'data warehouse', 'linux', 'pandas', 'sql', 'python', 'git', 'data pipeline', 'spark', 'postgresql', 'apache spark', 'data pipelines']"
1856,CONSTRUCTION,0.45886874462143284,0.6555267780306184,0.0,"['mysql', 'aws', 'data warehousing', 'etl', 'data warehouse', 'linux', 'pandas', 'sql', 'python', 'git', 'data pipeline', 'spark', 'postgresql', 'apache spark', 'data pipelines']"
1857,ACCOUNTANT,0.457346786572307,0.6533525522461529,0.0,"['mysql', 'aws', 'data warehousing', 'etl', 'data warehouse', 'linux', 'pandas', 'sql', 'python', 'git', 'data pipeline', 'spark', 'postgresql', 'apache spark', 'data pipelines']"
1858,ENGINEERING,0.4571922125465961,0.653131732209423,0.0,"['mysql', 'aws', 'data warehousing', 'etl', 'data warehouse', 'linux', 'pandas', 'sql', 'python', 'git', 'data pipeline', 'spark', 'postgresql', 'apache spark', 'data pipelines']"
1859,ADVOCATE,0.45614394592107527,0.651634208458679,0.0,"['mysql', 'aws', 'data warehousing', 'etl', 'data warehouse', 'linux', 'pandas', 'sql', 'python', 'git', 'data pipeline', 'spark', 'postgresql', 'apache spark', 'data pipelines']"
1860,SALES,0.4556825804244717,0.6509751148921025,0.0,"['mysql', 'aws', 'data warehousing', 'etl', 'data warehouse', 'linux', 'pandas', 'sql', 'python', 'git', 'data pipeline', 'spark', 'postgresql', 'apache spark', 'data pipelines']"
1861,CONSULTANT,0.4539610547325577,0.6485157924750825,0.0,"['mysql', 'aws', 'data warehousing', 'etl', 'data warehouse', 'linux', 'pandas', 'sql', 'python', 'git', 'data pipeline', 'spark', 'postgresql', 'apache spark', 'data pipelines']"
1862,HEALTHCARE,0.4533951076577823,0.6477072966539748,0.0,"['mysql', 'aws', 'data warehousing', 'etl', 'data warehouse', 'linux', 'pandas', 'sql', 'python', 'git', 'data pipeline', 'spark', 'postgresql', 'apache spark', 'data pipelines']"
1863,PUBLIC-RELATIONS,0.45325308972074196,0.6475044138867743,0.0,"['mysql', 'aws', 'data warehousing', 'etl', 'data warehouse', 'linux', 'pandas', 'sql', 'python', 'git', 'data pipeline', 'spark', 'postgresql', 'apache spark', 'data pipelines']"
1864,SALES,0.4530027304861707,0.6471467578373867,0.0,"['mysql', 'aws', 'data warehousing', 'etl', 'data warehouse', 'linux', 'pandas', 'sql', 'python', 'git', 'data pipeline', 'spark', 'postgresql', 'apache spark', 'data pipelines']"
1865,CHEF,0.4513992666518662,0.6448560952169518,0.0,"['mysql', 'aws', 'data warehousing', 'etl', 'data warehouse', 'linux', 'pandas', 'sql', 'python', 'git', 'data pipeline', 'spark', 'postgresql', 'apache spark', 'data pipelines']"
1866,CONSTRUCTION,0.4500082192971628,0.6428688847102326,0.0,"['mysql', 'aws', 'data warehousing', 'etl', 'data warehouse', 'linux', 'pandas', 'sql', 'python', 'git', 'data pipeline', 'spark', 'postgresql', 'apache spark', 'data pipelines']"
1867,FINANCE,0.44978136211234215,0.6425448030176317,0.0,"['mysql', 'aws', 'data warehousing', 'etl', 'data warehouse', 'linux', 'pandas', 'sql', 'python', 'git', 'data pipeline', 'spark', 'postgresql', 'apache spark', 'data pipelines']"
1868,ARTS,0.4497495429767749,0.6424993471096785,0.0,"['mysql', 'aws', 'data warehousing', 'etl', 'data warehouse', 'linux', 'pandas', 'sql', 'python', 'git', 'data pipeline', 'spark', 'postgresql', 'apache spark', 'data pipelines']"
1869,AVIATION,0.4483286423965539,0.6404694891379342,0.0,"['mysql', 'aws', 'data warehousing', 'etl', 'data warehouse', 'linux', 'pandas', 'sql', 'python', 'git', 'data pipeline', 'spark', 'postgresql', 'apache spark', 'data pipelines']"
1870,HEALTHCARE,0.44825232493834877,0.6403604641976411,0.0,"['mysql', 'aws', 'data warehousing', 'etl', 'data warehouse', 'linux', 'pandas', 'sql', 'python', 'git', 'data pipeline', 'spark', 'postgresql', 'apache spark', 'data pipelines']"
1871,CHEF,0.4464997575964064,0.6378567965662949,0.0,"['mysql', 'aws', 'data warehousing', 'etl', 'data warehouse', 'linux', 'pandas', 'sql', 'python', 'git', 'data pipeline', 'spark', 'postgresql', 'apache spark', 'data pipelines']"
1872,CONSULTANT,0.44576020337163497,0.6368002905309071,0.0,"['mysql', 'aws', 'data warehousing', 'etl', 'data warehouse', 'linux', 'pandas', 'sql', 'python', 'git', 'data pipeline', 'spark', 'postgresql', 'apache spark', 'data pipelines']"
1873,SALES,0.44494333407610037,0.6356333343944292,0.0,"['mysql', 'aws', 'data warehousing', 'etl', 'data warehouse', 'linux', 'pandas', 'sql', 'python', 'git', 'data pipeline', 'spark', 'postgresql', 'apache spark', 'data pipelines']"
1874,BANKING,0.44481226667479024,0.6354460952497004,0.0,"['mysql', 'aws', 'data warehousing', 'etl', 'data warehouse', 'linux', 'pandas', 'sql', 'python', 'git', 'data pipeline', 'spark', 'postgresql', 'apache spark', 'data pipelines']"
1875,BUSINESS-DEVELOPMENT,0.4443909766214064,0.6348442523162949,0.0,"['mysql', 'aws', 'data warehousing', 'etl', 'data warehouse', 'linux', 'pandas', 'sql', 'python', 'git', 'data pipeline', 'spark', 'postgresql', 'apache spark', 'data pipelines']"
1876,TEACHER,0.444006760211441,0.63429537173063,0.0,"['mysql', 'aws', 'data warehousing', 'etl', 'data warehouse', 'linux', 'pandas', 'sql', 'python', 'git', 'data pipeline', 'spark', 'postgresql', 'apache spark', 'data pipelines']"
1877,BUSINESS-DEVELOPMENT,0.4435591810196871,0.6336559728852673,0.0,"['mysql', 'aws', 'data warehousing', 'etl', 'data warehouse', 'linux', 'pandas', 'sql', 'python', 'git', 'data pipeline', 'spark', 'postgresql', 'apache spark', 'data pipelines']"
1878,FITNESS,0.4432332293974529,0.6331903277106471,0.0,"['mysql', 'aws', 'data warehousing', 'etl', 'data warehouse', 'linux', 'pandas', 'sql', 'python', 'git', 'data pipeline', 'spark', 'postgresql', 'apache spark', 'data pipelines']"
1879,HEALTHCARE,0.44307635457236083,0.6329662208176584,0.0,"['mysql', 'aws', 'data warehousing', 'etl', 'data warehouse', 'linux', 'pandas', 'sql', 'python', 'git', 'data pipeline', 'spark', 'postgresql', 'apache spark', 'data pipelines']"
1880,AUTOMOBILE,0.4422881605865154,0.6318402294093077,0.0,"['mysql', 'aws', 'data warehousing', 'etl', 'data warehouse', 'linux', 'pandas', 'sql', 'python', 'git', 'data pipeline', 'spark', 'postgresql', 'apache spark', 'data pipelines']"
1881,BANKING,0.4422033754652908,0.6317191078075584,0.0,"['mysql', 'aws', 'data warehousing', 'etl', 'data warehouse', 'linux', 'pandas', 'sql', 'python', 'git', 'data pipeline', 'spark', 'postgresql', 'apache spark', 'data pipelines']"
1882,DESIGNER,0.4420810305258438,0.631544329322634,0.0,"['mysql', 'aws', 'data warehousing', 'etl', 'data warehouse', 'linux', 'pandas', 'sql', 'python', 'git', 'data pipeline', 'spark', 'postgresql', 'apache spark', 'data pipelines']"
1883,FINANCE,0.44186537363221595,0.6312362480460229,0.0,"['mysql', 'aws', 'data warehousing', 'etl', 'data warehouse', 'linux', 'pandas', 'sql', 'python', 'git', 'data pipeline', 'spark', 'postgresql', 'apache spark', 'data pipelines']"
1884,HEALTHCARE,0.4408597955440295,0.6297997079200421,0.0,"['mysql', 'aws', 'data warehousing', 'etl', 'data warehouse', 'linux', 'pandas', 'sql', 'python', 'git', 'data pipeline', 'spark', 'postgresql', 'apache spark', 'data pipelines']"
1885,CONSULTANT,0.4406475818377569,0.6294965454825099,0.0,"['mysql', 'aws', 'data warehousing', 'etl', 'data warehouse', 'linux', 'pandas', 'sql', 'python', 'git', 'data pipeline', 'spark', 'postgresql', 'apache spark', 'data pipelines']"
1886,BANKING,0.4402714065487097,0.6289591522124425,0.0,"['mysql', 'aws', 'data warehousing', 'etl', 'data warehouse', 'linux', 'pandas', 'sql', 'python', 'git', 'data pipeline', 'spark', 'postgresql', 'apache spark', 'data pipelines']"
1887,TEACHER,0.43855994585089014,0.6265142083584145,0.0,"['mysql', 'aws', 'data warehousing', 'etl', 'data warehouse', 'linux', 'pandas', 'sql', 'python', 'git', 'data pipeline', 'spark', 'postgresql', 'apache spark', 'data pipelines']"
1888,ENGINEERING,0.4377240037582913,0.6253200053689876,0.0,"['mysql', 'aws', 'data warehousing', 'etl', 'data warehouse', 'linux', 'pandas', 'sql', 'python', 'git', 'data pipeline', 'spark', 'postgresql', 'apache spark', 'data pipelines']"
1889,ENGINEERING,0.4373769594229158,0.6248242277470226,0.0,"['mysql', 'aws', 'data warehousing', 'etl', 'data warehouse', 'linux', 'pandas', 'sql', 'python', 'git', 'data pipeline', 'spark', 'postgresql', 'apache spark', 'data pipelines']"
1890,FINANCE,0.4358493352639524,0.6226419075199321,0.0,"['mysql', 'aws', 'data warehousing', 'etl', 'data warehouse', 'linux', 'pandas', 'sql', 'python', 'git', 'data pipeline', 'spark', 'postgresql', 'apache spark', 'data pipelines']"
1891,AVIATION,0.4325658550590625,0.6179512215129465,0.0,"['mysql', 'aws', 'data warehousing', 'etl', 'data warehouse', 'linux', 'pandas', 'sql', 'python', 'git', 'data pipeline', 'spark', 'postgresql', 'apache spark', 'data pipelines']"
1892,HR,0.43071986083516506,0.6153140869073787,0.0,"['mysql', 'aws', 'data warehousing', 'etl', 'data warehouse', 'linux', 'pandas', 'sql', 'python', 'git', 'data pipeline', 'spark', 'postgresql', 'apache spark', 'data pipelines']"
1893,SALES,0.43049401120583014,0.6149914445797574,0.0,"['mysql', 'aws', 'data warehousing', 'etl', 'data warehouse', 'linux', 'pandas', 'sql', 'python', 'git', 'data pipeline', 'spark', 'postgresql', 'apache spark', 'data pipelines']"
1894,FITNESS,0.4299646889047249,0.6142352698638928,0.0,"['mysql', 'aws', 'data warehousing', 'etl', 'data warehouse', 'linux', 'pandas', 'sql', 'python', 'git', 'data pipeline', 'spark', 'postgresql', 'apache spark', 'data pipelines']"
1895,APPAREL,0.4292523314629094,0.6132176163755849,0.0,"['mysql', 'aws', 'data warehousing', 'etl', 'data warehouse', 'linux', 'pandas', 'sql', 'python', 'git', 'data pipeline', 'spark', 'postgresql', 'apache spark', 'data pipelines']"
1896,CONSULTANT,0.4292280813740802,0.6131829733915432,0.0,"['mysql', 'aws', 'data warehousing', 'etl', 'data warehouse', 'linux', 'pandas', 'sql', 'python', 'git', 'data pipeline', 'spark', 'postgresql', 'apache spark', 'data pipelines']"
1897,CONSULTANT,0.42906280681566966,0.6129468668795282,0.0,"['mysql', 'aws', 'data warehousing', 'etl', 'data warehouse', 'linux', 'pandas', 'sql', 'python', 'git', 'data pipeline', 'spark', 'postgresql', 'apache spark', 'data pipelines']"
1898,FITNESS,0.4288700867408992,0.6126715524869989,0.0,"['mysql', 'aws', 'data warehousing', 'etl', 'data warehouse', 'linux', 'pandas', 'sql', 'python', 'git', 'data pipeline', 'spark', 'postgresql', 'apache spark', 'data pipelines']"
1899,DESIGNER,0.42801702614225234,0.6114528944889319,0.0,"['mysql', 'aws', 'data warehousing', 'etl', 'data warehouse', 'linux', 'pandas', 'sql', 'python', 'git', 'data pipeline', 'spark', 'postgresql', 'apache spark', 'data pipelines']"
1900,ARTS,0.4265133842414728,0.6093048346306754,0.0,"['mysql', 'aws', 'data warehousing', 'etl', 'data warehouse', 'linux', 'pandas', 'sql', 'python', 'git', 'data pipeline', 'spark', 'postgresql', 'apache spark', 'data pipelines']"
1901,ADVOCATE,0.42577560875268894,0.6082508696466985,0.0,"['mysql', 'aws', 'data warehousing', 'etl', 'data warehouse', 'linux', 'pandas', 'sql', 'python', 'git', 'data pipeline', 'spark', 'postgresql', 'apache spark', 'data pipelines']"
1902,DIGITAL-MEDIA,0.4250326999071839,0.6071895712959771,0.0,"['mysql', 'aws', 'data warehousing', 'etl', 'data warehouse', 'linux', 'pandas', 'sql', 'python', 'git', 'data pipeline', 'spark', 'postgresql', 'apache spark', 'data pipelines']"
1903,HEALTHCARE,0.424267223760197,0.6060960339431386,0.0,"['mysql', 'aws', 'data warehousing', 'etl', 'data warehouse', 'linux', 'pandas', 'sql', 'python', 'git', 'data pipeline', 'spark', 'postgresql', 'apache spark', 'data pipelines']"
1904,PUBLIC-RELATIONS,0.4240539527101835,0.6057913610145479,0.0,"['mysql', 'aws', 'data warehousing', 'etl', 'data warehouse', 'linux', 'pandas', 'sql', 'python', 'git', 'data pipeline', 'spark', 'postgresql', 'apache spark', 'data pipelines']"
1905,FINANCE,0.4217616057251358,0.602516579607337,0.0,"['mysql', 'aws', 'data warehousing', 'etl', 'data warehouse', 'linux', 'pandas', 'sql', 'python', 'git', 'data pipeline', 'spark', 'postgresql', 'apache spark', 'data pipelines']"
1906,BANKING,0.4193738482224092,0.5991054974605846,0.0,"['mysql', 'aws', 'data warehousing', 'etl', 'data warehouse', 'linux', 'pandas', 'sql', 'python', 'git', 'data pipeline', 'spark', 'postgresql', 'apache spark', 'data pipelines']"
1907,BANKING,0.4188513186505897,0.5983590266436997,0.0,"['mysql', 'aws', 'data warehousing', 'etl', 'data warehouse', 'linux', 'pandas', 'sql', 'python', 'git', 'data pipeline', 'spark', 'postgresql', 'apache spark', 'data pipelines']"
1908,FINANCE,0.4182773035478979,0.5975390050684256,0.0,"['mysql', 'aws', 'data warehousing', 'etl', 'data warehouse', 'linux', 'pandas', 'sql', 'python', 'git', 'data pipeline', 'spark', 'postgresql', 'apache spark', 'data pipelines']"
1909,FINANCE,0.4182773035478979,0.5975390050684256,0.0,"['mysql', 'aws', 'data warehousing', 'etl', 'data warehouse', 'linux', 'pandas', 'sql', 'python', 'git', 'data pipeline', 'spark', 'postgresql', 'apache spark', 'data pipelines']"
1910,SALES,0.4181890717084762,0.5974129595835375,0.0,"['mysql', 'aws', 'data warehousing', 'etl', 'data warehouse', 'linux', 'pandas', 'sql', 'python', 'git', 'data pipeline', 'spark', 'postgresql', 'apache spark', 'data pipelines']"
1911,ACCOUNTANT,0.41806453439802493,0.5972350491400357,0.0,"['mysql', 'aws', 'data warehousing', 'etl', 'data warehouse', 'linux', 'pandas', 'sql', 'python', 'git', 'data pipeline', 'spark', 'postgresql', 'apache spark', 'data pipelines']"
1912,CHEF,0.41725704421783044,0.5960814917397578,0.0,"['mysql', 'aws', 'data warehousing', 'etl', 'data warehouse', 'linux', 'pandas', 'sql', 'python', 'git', 'data pipeline', 'spark', 'postgresql', 'apache spark', 'data pipelines']"
1913,BANKING,0.41617353164379756,0.5945336166339965,0.0,"['mysql', 'aws', 'data warehousing', 'etl', 'data warehouse', 'linux', 'pandas', 'sql', 'python', 'git', 'data pipeline', 'spark', 'postgresql', 'apache spark', 'data pipelines']"
1914,ACCOUNTANT,0.41532212107409605,0.5933173158201372,0.0,"['mysql', 'aws', 'data warehousing', 'etl', 'data warehouse', 'linux', 'pandas', 'sql', 'python', 'git', 'data pipeline', 'spark', 'postgresql', 'apache spark', 'data pipelines']"
1915,CHEF,0.4153154955495668,0.5933078507850955,0.0,"['mysql', 'aws', 'data warehousing', 'etl', 'data warehouse', 'linux', 'pandas', 'sql', 'python', 'git', 'data pipeline', 'spark', 'postgresql', 'apache spark', 'data pipelines']"
1916,TEACHER,0.4150112249157467,0.5928731784510668,0.0,"['mysql', 'aws', 'data warehousing', 'etl', 'data warehouse', 'linux', 'pandas', 'sql', 'python', 'git', 'data pipeline', 'spark', 'postgresql', 'apache spark', 'data pipelines']"
1917,ARTS,0.4134883651873906,0.5906976645534152,0.0,"['mysql', 'aws', 'data warehousing', 'etl', 'data warehouse', 'linux', 'pandas', 'sql', 'python', 'git', 'data pipeline', 'spark', 'postgresql', 'apache spark', 'data pipelines']"
1918,FITNESS,0.41278123234084396,0.5896874747726343,0.0,"['mysql', 'aws', 'data warehousing', 'etl', 'data warehouse', 'linux', 'pandas', 'sql', 'python', 'git', 'data pipeline', 'spark', 'postgresql', 'apache spark', 'data pipelines']"
1919,ACCOUNTANT,0.41178560839818645,0.5882651548545521,0.0,"['mysql', 'aws', 'data warehousing', 'etl', 'data warehouse', 'linux', 'pandas', 'sql', 'python', 'git', 'data pipeline', 'spark', 'postgresql', 'apache spark', 'data pipelines']"
1920,ARTS,0.4114835801253315,0.5878336858933307,0.0,"['mysql', 'aws', 'data warehousing', 'etl', 'data warehouse', 'linux', 'pandas', 'sql', 'python', 'git', 'data pipeline', 'spark', 'postgresql', 'apache spark', 'data pipelines']"
1921,TEACHER,0.40964594202898474,0.5852084886128354,0.0,"['mysql', 'aws', 'data warehousing', 'etl', 'data warehouse', 'linux', 'pandas', 'sql', 'python', 'git', 'data pipeline', 'spark', 'postgresql', 'apache spark', 'data pipelines']"
1922,FINANCE,0.40885061256810445,0.5840723036687206,0.0,"['mysql', 'aws', 'data warehousing', 'etl', 'data warehouse', 'linux', 'pandas', 'sql', 'python', 'git', 'data pipeline', 'spark', 'postgresql', 'apache spark', 'data pipelines']"
1923,ARTS,0.407806692425512,0.5825809891793029,0.0,"['mysql', 'aws', 'data warehousing', 'etl', 'data warehouse', 'linux', 'pandas', 'sql', 'python', 'git', 'data pipeline', 'spark', 'postgresql', 'apache spark', 'data pipelines']"
1924,FITNESS,0.40749013894486164,0.582128769921231,0.0,"['mysql', 'aws', 'data warehousing', 'etl', 'data warehouse', 'linux', 'pandas', 'sql', 'python', 'git', 'data pipeline', 'spark', 'postgresql', 'apache spark', 'data pipelines']"
1925,DESIGNER,0.40706473181336894,0.5815210454476699,0.0,"['mysql', 'aws', 'data warehousing', 'etl', 'data warehouse', 'linux', 'pandas', 'sql', 'python', 'git', 'data pipeline', 'spark', 'postgresql', 'apache spark', 'data pipelines']"
1926,FINANCE,0.40548435603754157,0.5792633657679166,0.0,"['mysql', 'aws', 'data warehousing', 'etl', 'data warehouse', 'linux', 'pandas', 'sql', 'python', 'git', 'data pipeline', 'spark', 'postgresql', 'apache spark', 'data pipelines']"
1927,INFORMATION-TECHNOLOGY,0.4053557435117695,0.5790796335882422,0.0,"['mysql', 'aws', 'data warehousing', 'etl', 'data warehouse', 'linux', 'pandas', 'sql', 'python', 'git', 'data pipeline', 'spark', 'postgresql', 'apache spark', 'data pipelines']"
1928,FITNESS,0.40531776152165927,0.5790253736023704,0.0,"['mysql', 'aws', 'data warehousing', 'etl', 'data warehouse', 'linux', 'pandas', 'sql', 'python', 'git', 'data pipeline', 'spark', 'postgresql', 'apache spark', 'data pipelines']"
1929,SALES,0.4044278264609889,0.5777540378014128,0.0,"['mysql', 'aws', 'data warehousing', 'etl', 'data warehouse', 'linux', 'pandas', 'sql', 'python', 'git', 'data pipeline', 'spark', 'postgresql', 'apache spark', 'data pipelines']"
1930,CONSULTANT,0.4036441974716173,0.5766345678165962,0.0,"['mysql', 'aws', 'data warehousing', 'etl', 'data warehouse', 'linux', 'pandas', 'sql', 'python', 'git', 'data pipeline', 'spark', 'postgresql', 'apache spark', 'data pipelines']"
1931,FINANCE,0.4029684407031697,0.5756692010045281,0.0,"['mysql', 'aws', 'data warehousing', 'etl', 'data warehouse', 'linux', 'pandas', 'sql', 'python', 'git', 'data pipeline', 'spark', 'postgresql', 'apache spark', 'data pipelines']"
1932,CONSTRUCTION,0.40218324481754336,0.5745474925964905,0.0,"['mysql', 'aws', 'data warehousing', 'etl', 'data warehouse', 'linux', 'pandas', 'sql', 'python', 'git', 'data pipeline', 'spark', 'postgresql', 'apache spark', 'data pipelines']"
1933,ACCOUNTANT,0.40160083546976044,0.573715479242515,0.0,"['mysql', 'aws', 'data warehousing', 'etl', 'data warehouse', 'linux', 'pandas', 'sql', 'python', 'git', 'data pipeline', 'spark', 'postgresql', 'apache spark', 'data pipelines']"
1934,APPAREL,0.4008716189824582,0.5726737414035118,0.0,"['mysql', 'aws', 'data warehousing', 'etl', 'data warehouse', 'linux', 'pandas', 'sql', 'python', 'git', 'data pipeline', 'spark', 'postgresql', 'apache spark', 'data pipelines']"
1935,CHEF,0.40048716700746767,0.5721245242963824,0.0,"['mysql', 'aws', 'data warehousing', 'etl', 'data warehouse', 'linux', 'pandas', 'sql', 'python', 'git', 'data pipeline', 'spark', 'postgresql', 'apache spark', 'data pipelines']"
1936,FINANCE,0.40037738211006946,0.5719676887286707,0.0,"['mysql', 'aws', 'data warehousing', 'etl', 'data warehouse', 'linux', 'pandas', 'sql', 'python', 'git', 'data pipeline', 'spark', 'postgresql', 'apache spark', 'data pipelines']"
1937,ARTS,0.3981416843995609,0.5687738348565156,0.0,"['mysql', 'aws', 'data warehousing', 'etl', 'data warehouse', 'linux', 'pandas', 'sql', 'python', 'git', 'data pipeline', 'spark', 'postgresql', 'apache spark', 'data pipelines']"
1938,FITNESS,0.3978768048448909,0.5683954354927013,0.0,"['mysql', 'aws', 'data warehousing', 'etl', 'data warehouse', 'linux', 'pandas', 'sql', 'python', 'git', 'data pipeline', 'spark', 'postgresql', 'apache spark', 'data pipelines']"
1939,BANKING,0.39732269049898844,0.5676038435699835,0.0,"['mysql', 'aws', 'data warehousing', 'etl', 'data warehouse', 'linux', 'pandas', 'sql', 'python', 'git', 'data pipeline', 'spark', 'postgresql', 'apache spark', 'data pipelines']"
1940,CONSULTANT,0.39726469891693056,0.5675209984527579,0.0,"['mysql', 'aws', 'data warehousing', 'etl', 'data warehouse', 'linux', 'pandas', 'sql', 'python', 'git', 'data pipeline', 'spark', 'postgresql', 'apache spark', 'data pipelines']"
1941,ARTS,0.39699881121236663,0.5671411588748095,0.0,"['mysql', 'aws', 'data warehousing', 'etl', 'data warehouse', 'linux', 'pandas', 'sql', 'python', 'git', 'data pipeline', 'spark', 'postgresql', 'apache spark', 'data pipelines']"
1942,FITNESS,0.396894126023498,0.5669916086049972,0.0,"['mysql', 'aws', 'data warehousing', 'etl', 'data warehouse', 'linux', 'pandas', 'sql', 'python', 'git', 'data pipeline', 'spark', 'postgresql', 'apache spark', 'data pipelines']"
1943,SALES,0.39655200710754523,0.5665028672964932,0.0,"['mysql', 'aws', 'data warehousing', 'etl', 'data warehouse', 'linux', 'pandas', 'sql', 'python', 'git', 'data pipeline', 'spark', 'postgresql', 'apache spark', 'data pipelines']"
1944,ARTS,0.3943885411185274,0.5634122015978963,0.0,"['mysql', 'aws', 'data warehousing', 'etl', 'data warehouse', 'linux', 'pandas', 'sql', 'python', 'git', 'data pipeline', 'spark', 'postgresql', 'apache spark', 'data pipelines']"
1945,HEALTHCARE,0.39431023367209866,0.5633003338172838,0.0,"['mysql', 'aws', 'data warehousing', 'etl', 'data warehouse', 'linux', 'pandas', 'sql', 'python', 'git', 'data pipeline', 'spark', 'postgresql', 'apache spark', 'data pipelines']"
1946,ARTS,0.3929099647319274,0.5612999496170392,0.0,"['mysql', 'aws', 'data warehousing', 'etl', 'data warehouse', 'linux', 'pandas', 'sql', 'python', 'git', 'data pipeline', 'spark', 'postgresql', 'apache spark', 'data pipelines']"
1947,CONSULTANT,0.3899588464764954,0.5570840663949935,0.0,"['mysql', 'aws', 'data warehousing', 'etl', 'data warehouse', 'linux', 'pandas', 'sql', 'python', 'git', 'data pipeline', 'spark', 'postgresql', 'apache spark', 'data pipelines']"
1948,SALES,0.3889913195598847,0.5557018850855496,0.0,"['mysql', 'aws', 'data warehousing', 'etl', 'data warehouse', 'linux', 'pandas', 'sql', 'python', 'git', 'data pipeline', 'spark', 'postgresql', 'apache spark', 'data pipelines']"
1949,ENGINEERING,0.38881300402518615,0.5554471486074088,0.0,"['mysql', 'aws', 'data warehousing', 'etl', 'data warehouse', 'linux', 'pandas', 'sql', 'python', 'git', 'data pipeline', 'spark', 'postgresql', 'apache spark', 'data pipelines']"
1950,CHEF,0.38876291420282133,0.5553755917183162,0.0,"['mysql', 'aws', 'data warehousing', 'etl', 'data warehouse', 'linux', 'pandas', 'sql', 'python', 'git', 'data pipeline', 'spark', 'postgresql', 'apache spark', 'data pipelines']"
1951,INFORMATION-TECHNOLOGY,0.3887230743965304,0.5553186777093292,0.0,"['mysql', 'aws', 'data warehousing', 'etl', 'data warehouse', 'linux', 'pandas', 'sql', 'python', 'git', 'data pipeline', 'spark', 'postgresql', 'apache spark', 'data pipelines']"
1952,FITNESS,0.3885001851106465,0.5550002644437807,0.0,"['mysql', 'aws', 'data warehousing', 'etl', 'data warehouse', 'linux', 'pandas', 'sql', 'python', 'git', 'data pipeline', 'spark', 'postgresql', 'apache spark', 'data pipelines']"
1953,PUBLIC-RELATIONS,0.3881079993820606,0.5544399991172294,0.0,"['mysql', 'aws', 'data warehousing', 'etl', 'data warehouse', 'linux', 'pandas', 'sql', 'python', 'git', 'data pipeline', 'spark', 'postgresql', 'apache spark', 'data pipelines']"
1954,SALES,0.38685289217151575,0.5526469888164511,0.0,"['mysql', 'aws', 'data warehousing', 'etl', 'data warehouse', 'linux', 'pandas', 'sql', 'python', 'git', 'data pipeline', 'spark', 'postgresql', 'apache spark', 'data pipelines']"
1955,BANKING,0.38678176581370366,0.5525453797338624,0.0,"['mysql', 'aws', 'data warehousing', 'etl', 'data warehouse', 'linux', 'pandas', 'sql', 'python', 'git', 'data pipeline', 'spark', 'postgresql', 'apache spark', 'data pipelines']"
1956,TEACHER,0.3860699600809514,0.5515285144013592,0.0,"['mysql', 'aws', 'data warehousing', 'etl', 'data warehouse', 'linux', 'pandas', 'sql', 'python', 'git', 'data pipeline', 'spark', 'postgresql', 'apache spark', 'data pipelines']"
1957,SALES,0.38600154481385274,0.5514307783055039,0.0,"['mysql', 'aws', 'data warehousing', 'etl', 'data warehouse', 'linux', 'pandas', 'sql', 'python', 'git', 'data pipeline', 'spark', 'postgresql', 'apache spark', 'data pipelines']"
1958,HEALTHCARE,0.3859358570683537,0.5513369386690767,0.0,"['mysql', 'aws', 'data warehousing', 'etl', 'data warehouse', 'linux', 'pandas', 'sql', 'python', 'git', 'data pipeline', 'spark', 'postgresql', 'apache spark', 'data pipelines']"
1959,ENGINEERING,0.38402238807996264,0.5486034115428038,0.0,"['mysql', 'aws', 'data warehousing', 'etl', 'data warehouse', 'linux', 'pandas', 'sql', 'python', 'git', 'data pipeline', 'spark', 'postgresql', 'apache spark', 'data pipelines']"
1960,AVIATION,0.38381834712402657,0.5483119244628951,0.0,"['mysql', 'aws', 'data warehousing', 'etl', 'data warehouse', 'linux', 'pandas', 'sql', 'python', 'git', 'data pipeline', 'spark', 'postgresql', 'apache spark', 'data pipelines']"
1961,SALES,0.3835735568371785,0.5479622240531121,0.0,"['mysql', 'aws', 'data warehousing', 'etl', 'data warehouse', 'linux', 'pandas', 'sql', 'python', 'git', 'data pipeline', 'spark', 'postgresql', 'apache spark', 'data pipelines']"
1962,BPO,0.38244039484233633,0.5463434212033377,0.0,"['mysql', 'aws', 'data warehousing', 'etl', 'data warehouse', 'linux', 'pandas', 'sql', 'python', 'git', 'data pipeline', 'spark', 'postgresql', 'apache spark', 'data pipelines']"
1963,FITNESS,0.3812328601779176,0.5446183716827394,0.0,"['mysql', 'aws', 'data warehousing', 'etl', 'data warehouse', 'linux', 'pandas', 'sql', 'python', 'git', 'data pipeline', 'spark', 'postgresql', 'apache spark', 'data pipelines']"
1964,SALES,0.3793997949334223,0.5419997070477461,0.0,"['mysql', 'aws', 'data warehousing', 'etl', 'data warehouse', 'linux', 'pandas', 'sql', 'python', 'git', 'data pipeline', 'spark', 'postgresql', 'apache spark', 'data pipelines']"
1965,BPO,0.37833491842578665,0.5404784548939809,0.0,"['mysql', 'aws', 'data warehousing', 'etl', 'data warehouse', 'linux', 'pandas', 'sql', 'python', 'git', 'data pipeline', 'spark', 'postgresql', 'apache spark', 'data pipelines']"
1966,ARTS,0.3782044852805639,0.540292121829377,0.0,"['mysql', 'aws', 'data warehousing', 'etl', 'data warehouse', 'linux', 'pandas', 'sql', 'python', 'git', 'data pipeline', 'spark', 'postgresql', 'apache spark', 'data pipelines']"
1967,PUBLIC-RELATIONS,0.37792344891480206,0.5398906413068602,0.0,"['mysql', 'aws', 'data warehousing', 'etl', 'data warehouse', 'linux', 'pandas', 'sql', 'python', 'git', 'data pipeline', 'spark', 'postgresql', 'apache spark', 'data pipelines']"
1968,AVIATION,0.37755610549012214,0.5393658649858888,0.0,"['mysql', 'aws', 'data warehousing', 'etl', 'data warehouse', 'linux', 'pandas', 'sql', 'python', 'git', 'data pipeline', 'spark', 'postgresql', 'apache spark', 'data pipelines']"
1969,TEACHER,0.3775379434724883,0.5393399192464119,0.0,"['mysql', 'aws', 'data warehousing', 'etl', 'data warehouse', 'linux', 'pandas', 'sql', 'python', 'git', 'data pipeline', 'spark', 'postgresql', 'apache spark', 'data pipelines']"
1970,AVIATION,0.3773361224295972,0.5390516034708531,0.0,"['mysql', 'aws', 'data warehousing', 'etl', 'data warehouse', 'linux', 'pandas', 'sql', 'python', 'git', 'data pipeline', 'spark', 'postgresql', 'apache spark', 'data pipelines']"
1971,SALES,0.37508929817826636,0.5358418545403806,0.0,"['mysql', 'aws', 'data warehousing', 'etl', 'data warehouse', 'linux', 'pandas', 'sql', 'python', 'git', 'data pipeline', 'spark', 'postgresql', 'apache spark', 'data pipelines']"
1972,HEALTHCARE,0.3743702490123907,0.5348146414462724,0.0,"['mysql', 'aws', 'data warehousing', 'etl', 'data warehouse', 'linux', 'pandas', 'sql', 'python', 'git', 'data pipeline', 'spark', 'postgresql', 'apache spark', 'data pipelines']"
1973,FITNESS,0.37420047758113895,0.5345721108301985,0.0,"['mysql', 'aws', 'data warehousing', 'etl', 'data warehouse', 'linux', 'pandas', 'sql', 'python', 'git', 'data pipeline', 'spark', 'postgresql', 'apache spark', 'data pipelines']"
1974,HEALTHCARE,0.3741791436812973,0.5345416338304247,0.0,"['mysql', 'aws', 'data warehousing', 'etl', 'data warehouse', 'linux', 'pandas', 'sql', 'python', 'git', 'data pipeline', 'spark', 'postgresql', 'apache spark', 'data pipelines']"
1975,HEALTHCARE,0.37401895411342595,0.5343127915906085,0.0,"['mysql', 'aws', 'data warehousing', 'etl', 'data warehouse', 'linux', 'pandas', 'sql', 'python', 'git', 'data pipeline', 'spark', 'postgresql', 'apache spark', 'data pipelines']"
1976,APPAREL,0.37185187082031984,0.5312169583147427,0.0,"['mysql', 'aws', 'data warehousing', 'etl', 'data warehouse', 'linux', 'pandas', 'sql', 'python', 'git', 'data pipeline', 'spark', 'postgresql', 'apache spark', 'data pipelines']"
1977,CONSTRUCTION,0.37157754471751603,0.5308250638821658,0.0,"['mysql', 'aws', 'data warehousing', 'etl', 'data warehouse', 'linux', 'pandas', 'sql', 'python', 'git', 'data pipeline', 'spark', 'postgresql', 'apache spark', 'data pipelines']"
1978,CHEF,0.37064644085232434,0.5294949155033205,0.0,"['mysql', 'aws', 'data warehousing', 'etl', 'data warehouse', 'linux', 'pandas', 'sql', 'python', 'git', 'data pipeline', 'spark', 'postgresql', 'apache spark', 'data pipelines']"
1979,FINANCE,0.36890508949178985,0.5270072707025569,0.0,"['mysql', 'aws', 'data warehousing', 'etl', 'data warehouse', 'linux', 'pandas', 'sql', 'python', 'git', 'data pipeline', 'spark', 'postgresql', 'apache spark', 'data pipelines']"
1980,ARTS,0.3687899965157447,0.5268428521653495,0.0,"['mysql', 'aws', 'data warehousing', 'etl', 'data warehouse', 'linux', 'pandas', 'sql', 'python', 'git', 'data pipeline', 'spark', 'postgresql', 'apache spark', 'data pipelines']"
1981,HR,0.36854190493410344,0.5264884356201478,0.0,"['mysql', 'aws', 'data warehousing', 'etl', 'data warehouse', 'linux', 'pandas', 'sql', 'python', 'git', 'data pipeline', 'spark', 'postgresql', 'apache spark', 'data pipelines']"
1982,AUTOMOBILE,0.3680342143150849,0.5257631633072641,0.0,"['mysql', 'aws', 'data warehousing', 'etl', 'data warehouse', 'linux', 'pandas', 'sql', 'python', 'git', 'data pipeline', 'spark', 'postgresql', 'apache spark', 'data pipelines']"
1983,ARTS,0.368016418176165,0.5257377402516643,0.0,"['mysql', 'aws', 'data warehousing', 'etl', 'data warehouse', 'linux', 'pandas', 'sql', 'python', 'git', 'data pipeline', 'spark', 'postgresql', 'apache spark', 'data pipelines']"
1984,CHEF,0.3678490662761462,0.5254986661087804,0.0,"['mysql', 'aws', 'data warehousing', 'etl', 'data warehouse', 'linux', 'pandas', 'sql', 'python', 'git', 'data pipeline', 'spark', 'postgresql', 'apache spark', 'data pipelines']"
1985,PUBLIC-RELATIONS,0.36550508332654036,0.5221501190379149,0.0,"['mysql', 'aws', 'data warehousing', 'etl', 'data warehouse', 'linux', 'pandas', 'sql', 'python', 'git', 'data pipeline', 'spark', 'postgresql', 'apache spark', 'data pipelines']"
1986,ACCOUNTANT,0.36441396056743885,0.5205913722391984,0.0,"['mysql', 'aws', 'data warehousing', 'etl', 'data warehouse', 'linux', 'pandas', 'sql', 'python', 'git', 'data pipeline', 'spark', 'postgresql', 'apache spark', 'data pipelines']"
1987,SALES,0.3631060985943589,0.5187229979919413,0.0,"['mysql', 'aws', 'data warehousing', 'etl', 'data warehouse', 'linux', 'pandas', 'sql', 'python', 'git', 'data pipeline', 'spark', 'postgresql', 'apache spark', 'data pipelines']"
1988,DESIGNER,0.3629078281004855,0.518439754429265,0.0,"['mysql', 'aws', 'data warehousing', 'etl', 'data warehouse', 'linux', 'pandas', 'sql', 'python', 'git', 'data pipeline', 'spark', 'postgresql', 'apache spark', 'data pipelines']"
1989,DESIGNER,0.36260845758882837,0.5180120822697548,0.0,"['mysql', 'aws', 'data warehousing', 'etl', 'data warehouse', 'linux', 'pandas', 'sql', 'python', 'git', 'data pipeline', 'spark', 'postgresql', 'apache spark', 'data pipelines']"
1990,ACCOUNTANT,0.36091640436532646,0.5155948633790378,0.0,"['mysql', 'aws', 'data warehousing', 'etl', 'data warehouse', 'linux', 'pandas', 'sql', 'python', 'git', 'data pipeline', 'spark', 'postgresql', 'apache spark', 'data pipelines']"
1991,TEACHER,0.3592068307715127,0.5131526153878754,0.0,"['mysql', 'aws', 'data warehousing', 'etl', 'data warehouse', 'linux', 'pandas', 'sql', 'python', 'git', 'data pipeline', 'spark', 'postgresql', 'apache spark', 'data pipelines']"
1992,AVIATION,0.35915158608186215,0.5130736944026603,0.0,"['mysql', 'aws', 'data warehousing', 'etl', 'data warehouse', 'linux', 'pandas', 'sql', 'python', 'git', 'data pipeline', 'spark', 'postgresql', 'apache spark', 'data pipelines']"
1993,TEACHER,0.358521237557264,0.5121731965103772,0.0,"['mysql', 'aws', 'data warehousing', 'etl', 'data warehouse', 'linux', 'pandas', 'sql', 'python', 'git', 'data pipeline', 'spark', 'postgresql', 'apache spark', 'data pipelines']"
1994,ADVOCATE,0.35817554673728313,0.511679352481833,0.0,"['mysql', 'aws', 'data warehousing', 'etl', 'data warehouse', 'linux', 'pandas', 'sql', 'python', 'git', 'data pipeline', 'spark', 'postgresql', 'apache spark', 'data pipelines']"
1995,PUBLIC-RELATIONS,0.35792075449989347,0.5113153635712764,0.0,"['mysql', 'aws', 'data warehousing', 'etl', 'data warehouse', 'linux', 'pandas', 'sql', 'python', 'git', 'data pipeline', 'spark', 'postgresql', 'apache spark', 'data pipelines']"
1996,APPAREL,0.35714892711509066,0.5102127530215581,0.0,"['mysql', 'aws', 'data warehousing', 'etl', 'data warehouse', 'linux', 'pandas', 'sql', 'python', 'git', 'data pipeline', 'spark', 'postgresql', 'apache spark', 'data pipelines']"
1997,HEALTHCARE,0.3566560074220894,0.5095085820315564,0.0,"['mysql', 'aws', 'data warehousing', 'etl', 'data warehouse', 'linux', 'pandas', 'sql', 'python', 'git', 'data pipeline', 'spark', 'postgresql', 'apache spark', 'data pipelines']"
1998,CONSTRUCTION,0.356577205351155,0.5093960076445072,0.0,"['mysql', 'aws', 'data warehousing', 'etl', 'data warehouse', 'linux', 'pandas', 'sql', 'python', 'git', 'data pipeline', 'spark', 'postgresql', 'apache spark', 'data pipelines']"
1999,HEALTHCARE,0.3560282715970353,0.5086118165671933,0.0,"['mysql', 'aws', 'data warehousing', 'etl', 'data warehouse', 'linux', 'pandas', 'sql', 'python', 'git', 'data pipeline', 'spark', 'postgresql', 'apache spark', 'data pipelines']"
2000,BUSINESS-DEVELOPMENT,0.35575053996103556,0.5082150570871937,0.0,"['mysql', 'aws', 'data warehousing', 'etl', 'data warehouse', 'linux', 'pandas', 'sql', 'python', 'git', 'data pipeline', 'spark', 'postgresql', 'apache spark', 'data pipelines']"
2001,ADVOCATE,0.35507182946145893,0.5072454706592271,0.0,"['mysql', 'aws', 'data warehousing', 'etl', 'data warehouse', 'linux', 'pandas', 'sql', 'python', 'git', 'data pipeline', 'spark', 'postgresql', 'apache spark', 'data pipelines']"
2002,BANKING,0.3543754121887179,0.5062505888410256,0.0,"['mysql', 'aws', 'data warehousing', 'etl', 'data warehouse', 'linux', 'pandas', 'sql', 'python', 'git', 'data pipeline', 'spark', 'postgresql', 'apache spark', 'data pipelines']"
2003,FINANCE,0.35396471529152995,0.5056638789879,0.0,"['mysql', 'aws', 'data warehousing', 'etl', 'data warehouse', 'linux', 'pandas', 'sql', 'python', 'git', 'data pipeline', 'spark', 'postgresql', 'apache spark', 'data pipelines']"
2004,PUBLIC-RELATIONS,0.35313879765974127,0.5044839966567732,0.0,"['mysql', 'aws', 'data warehousing', 'etl', 'data warehouse', 'linux', 'pandas', 'sql', 'python', 'git', 'data pipeline', 'spark', 'postgresql', 'apache spark', 'data pipelines']"
2005,INFORMATION-TECHNOLOGY,0.3527822472549467,0.5039746389356382,0.0,"['mysql', 'aws', 'data warehousing', 'etl', 'data warehouse', 'linux', 'pandas', 'sql', 'python', 'git', 'data pipeline', 'spark', 'postgresql', 'apache spark', 'data pipelines']"
2006,AUTOMOBILE,0.35135437744252085,0.501934824917887,0.0,"['mysql', 'aws', 'data warehousing', 'etl', 'data warehouse', 'linux', 'pandas', 'sql', 'python', 'git', 'data pipeline', 'spark', 'postgresql', 'apache spark', 'data pipelines']"
2007,DIGITAL-MEDIA,0.3510259083121864,0.5014655833031234,0.0,"['mysql', 'aws', 'data warehousing', 'etl', 'data warehouse', 'linux', 'pandas', 'sql', 'python', 'git', 'data pipeline', 'spark', 'postgresql', 'apache spark', 'data pipelines']"
2008,ADVOCATE,0.3497366912067134,0.49962384458101916,0.0,"['mysql', 'aws', 'data warehousing', 'etl', 'data warehouse', 'linux', 'pandas', 'sql', 'python', 'git', 'data pipeline', 'spark', 'postgresql', 'apache spark', 'data pipelines']"
2009,AUTOMOBILE,0.34862556168575315,0.4980365166939331,0.0,"['mysql', 'aws', 'data warehousing', 'etl', 'data warehouse', 'linux', 'pandas', 'sql', 'python', 'git', 'data pipeline', 'spark', 'postgresql', 'apache spark', 'data pipelines']"
2010,TEACHER,0.34850534221143015,0.4978647745877574,0.0,"['mysql', 'aws', 'data warehousing', 'etl', 'data warehouse', 'linux', 'pandas', 'sql', 'python', 'git', 'data pipeline', 'spark', 'postgresql', 'apache spark', 'data pipelines']"
2011,CHEF,0.34825936564950716,0.49751337949929597,0.0,"['mysql', 'aws', 'data warehousing', 'etl', 'data warehouse', 'linux', 'pandas', 'sql', 'python', 'git', 'data pipeline', 'spark', 'postgresql', 'apache spark', 'data pipelines']"
2012,PUBLIC-RELATIONS,0.34781629455997237,0.4968804207999606,0.0,"['mysql', 'aws', 'data warehousing', 'etl', 'data warehouse', 'linux', 'pandas', 'sql', 'python', 'git', 'data pipeline', 'spark', 'postgresql', 'apache spark', 'data pipelines']"
2013,AVIATION,0.3456736090523121,0.493819441503303,0.0,"['mysql', 'aws', 'data warehousing', 'etl', 'data warehouse', 'linux', 'pandas', 'sql', 'python', 'git', 'data pipeline', 'spark', 'postgresql', 'apache spark', 'data pipelines']"
2014,TEACHER,0.3455623367536479,0.4936604810766399,0.0,"['mysql', 'aws', 'data warehousing', 'etl', 'data warehouse', 'linux', 'pandas', 'sql', 'python', 'git', 'data pipeline', 'spark', 'postgresql', 'apache spark', 'data pipelines']"
2015,APPAREL,0.34441635704072954,0.4920233672010422,0.0,"['mysql', 'aws', 'data warehousing', 'etl', 'data warehouse', 'linux', 'pandas', 'sql', 'python', 'git', 'data pipeline', 'spark', 'postgresql', 'apache spark', 'data pipelines']"
2016,SALES,0.3442606530604245,0.49180093294346366,0.0,"['mysql', 'aws', 'data warehousing', 'etl', 'data warehouse', 'linux', 'pandas', 'sql', 'python', 'git', 'data pipeline', 'spark', 'postgresql', 'apache spark', 'data pipelines']"
2017,CONSULTANT,0.3428846657692298,0.48983523681318547,0.0,"['mysql', 'aws', 'data warehousing', 'etl', 'data warehouse', 'linux', 'pandas', 'sql', 'python', 'git', 'data pipeline', 'spark', 'postgresql', 'apache spark', 'data pipelines']"
2018,CHEF,0.3410882242465319,0.4872688917807599,0.0,"['mysql', 'aws', 'data warehousing', 'etl', 'data warehouse', 'linux', 'pandas', 'sql', 'python', 'git', 'data pipeline', 'spark', 'postgresql', 'apache spark', 'data pipelines']"
2019,TEACHER,0.3407223248718775,0.48674617838839646,0.0,"['mysql', 'aws', 'data warehousing', 'etl', 'data warehouse', 'linux', 'pandas', 'sql', 'python', 'git', 'data pipeline', 'spark', 'postgresql', 'apache spark', 'data pipelines']"
2020,SALES,0.3404835219667454,0.48640503138106495,0.0,"['mysql', 'aws', 'data warehousing', 'etl', 'data warehouse', 'linux', 'pandas', 'sql', 'python', 'git', 'data pipeline', 'spark', 'postgresql', 'apache spark', 'data pipelines']"
2021,APPAREL,0.3397678952640262,0.4853827075200374,0.0,"['mysql', 'aws', 'data warehousing', 'etl', 'data warehouse', 'linux', 'pandas', 'sql', 'python', 'git', 'data pipeline', 'spark', 'postgresql', 'apache spark', 'data pipelines']"
2022,APPAREL,0.33970274130855804,0.48528963044079726,0.0,"['mysql', 'aws', 'data warehousing', 'etl', 'data warehouse', 'linux', 'pandas', 'sql', 'python', 'git', 'data pipeline', 'spark', 'postgresql', 'apache spark', 'data pipelines']"
2023,CONSULTANT,0.3391628077974684,0.4845182968535263,0.0,"['mysql', 'aws', 'data warehousing', 'etl', 'data warehouse', 'linux', 'pandas', 'sql', 'python', 'git', 'data pipeline', 'spark', 'postgresql', 'apache spark', 'data pipelines']"
2024,FINANCE,0.33879740241589945,0.48399628916557064,0.0,"['mysql', 'aws', 'data warehousing', 'etl', 'data warehouse', 'linux', 'pandas', 'sql', 'python', 'git', 'data pipeline', 'spark', 'postgresql', 'apache spark', 'data pipelines']"
2025,CHEF,0.3378486385175826,0.48264091216797517,0.0,"['mysql', 'aws', 'data warehousing', 'etl', 'data warehouse', 'linux', 'pandas', 'sql', 'python', 'git', 'data pipeline', 'spark', 'postgresql', 'apache spark', 'data pipelines']"
2026,CONSTRUCTION,0.33685381176894663,0.4812197310984952,0.0,"['mysql', 'aws', 'data warehousing', 'etl', 'data warehouse', 'linux', 'pandas', 'sql', 'python', 'git', 'data pipeline', 'spark', 'postgresql', 'apache spark', 'data pipelines']"
2027,ARTS,0.3366931416157915,0.4809902023082736,0.0,"['mysql', 'aws', 'data warehousing', 'etl', 'data warehouse', 'linux', 'pandas', 'sql', 'python', 'git', 'data pipeline', 'spark', 'postgresql', 'apache spark', 'data pipelines']"
2028,FITNESS,0.3366777981572679,0.48096828308181133,0.0,"['mysql', 'aws', 'data warehousing', 'etl', 'data warehouse', 'linux', 'pandas', 'sql', 'python', 'git', 'data pipeline', 'spark', 'postgresql', 'apache spark', 'data pipelines']"
2029,INFORMATION-TECHNOLOGY,0.33590964156996644,0.47987091652852354,0.0,"['mysql', 'aws', 'data warehousing', 'etl', 'data warehouse', 'linux', 'pandas', 'sql', 'python', 'git', 'data pipeline', 'spark', 'postgresql', 'apache spark', 'data pipelines']"
2030,APPAREL,0.334604765193986,0.4780068074199801,0.0,"['mysql', 'aws', 'data warehousing', 'etl', 'data warehouse', 'linux', 'pandas', 'sql', 'python', 'git', 'data pipeline', 'spark', 'postgresql', 'apache spark', 'data pipelines']"
2031,ARTS,0.3337904468961681,0.47684349556595446,0.0,"['mysql', 'aws', 'data warehousing', 'etl', 'data warehouse', 'linux', 'pandas', 'sql', 'python', 'git', 'data pipeline', 'spark', 'postgresql', 'apache spark', 'data pipelines']"
2032,FITNESS,0.33378910538372647,0.4768415791196093,0.0,"['mysql', 'aws', 'data warehousing', 'etl', 'data warehouse', 'linux', 'pandas', 'sql', 'python', 'git', 'data pipeline', 'spark', 'postgresql', 'apache spark', 'data pipelines']"
2033,FINANCE,0.3314412770857372,0.47348753869391025,0.0,"['mysql', 'aws', 'data warehousing', 'etl', 'data warehouse', 'linux', 'pandas', 'sql', 'python', 'git', 'data pipeline', 'spark', 'postgresql', 'apache spark', 'data pipelines']"
2034,ARTS,0.3311172139270644,0.47302459132437774,0.0,"['mysql', 'aws', 'data warehousing', 'etl', 'data warehouse', 'linux', 'pandas', 'sql', 'python', 'git', 'data pipeline', 'spark', 'postgresql', 'apache spark', 'data pipelines']"
2035,BANKING,0.33067581132665874,0.47239401618094107,0.0,"['mysql', 'aws', 'data warehousing', 'etl', 'data warehouse', 'linux', 'pandas', 'sql', 'python', 'git', 'data pipeline', 'spark', 'postgresql', 'apache spark', 'data pipelines']"
2036,APPAREL,0.32933066909647946,0.4704723844235421,0.0,"['mysql', 'aws', 'data warehousing', 'etl', 'data warehouse', 'linux', 'pandas', 'sql', 'python', 'git', 'data pipeline', 'spark', 'postgresql', 'apache spark', 'data pipelines']"
2037,BPO,0.3289821129783953,0.4699744471119933,0.0,"['mysql', 'aws', 'data warehousing', 'etl', 'data warehouse', 'linux', 'pandas', 'sql', 'python', 'git', 'data pipeline', 'spark', 'postgresql', 'apache spark', 'data pipelines']"
2038,FITNESS,0.3287667885846351,0.46966684083519306,0.0,"['mysql', 'aws', 'data warehousing', 'etl', 'data warehouse', 'linux', 'pandas', 'sql', 'python', 'git', 'data pipeline', 'spark', 'postgresql', 'apache spark', 'data pipelines']"
2039,CHEF,0.32782549316916026,0.4683221330988004,0.0,"['mysql', 'aws', 'data warehousing', 'etl', 'data warehouse', 'linux', 'pandas', 'sql', 'python', 'git', 'data pipeline', 'spark', 'postgresql', 'apache spark', 'data pipelines']"
2040,ADVOCATE,0.32709198770945275,0.4672742681563611,0.0,"['mysql', 'aws', 'data warehousing', 'etl', 'data warehouse', 'linux', 'pandas', 'sql', 'python', 'git', 'data pipeline', 'spark', 'postgresql', 'apache spark', 'data pipelines']"
2041,ARTS,0.32663621885585986,0.4666231697940856,0.0,"['mysql', 'aws', 'data warehousing', 'etl', 'data warehouse', 'linux', 'pandas', 'sql', 'python', 'git', 'data pipeline', 'spark', 'postgresql', 'apache spark', 'data pipelines']"
2042,ADVOCATE,0.32620088211791837,0.46600126016845483,0.0,"['mysql', 'aws', 'data warehousing', 'etl', 'data warehouse', 'linux', 'pandas', 'sql', 'python', 'git', 'data pipeline', 'spark', 'postgresql', 'apache spark', 'data pipelines']"
2043,ARTS,0.32619513311545933,0.46599304730779906,0.0,"['mysql', 'aws', 'data warehousing', 'etl', 'data warehouse', 'linux', 'pandas', 'sql', 'python', 'git', 'data pipeline', 'spark', 'postgresql', 'apache spark', 'data pipelines']"
2044,TEACHER,0.3247650251238045,0.4639500358911493,0.0,"['mysql', 'aws', 'data warehousing', 'etl', 'data warehouse', 'linux', 'pandas', 'sql', 'python', 'git', 'data pipeline', 'spark', 'postgresql', 'apache spark', 'data pipelines']"
2045,HR,0.324295898267671,0.4632798546681015,0.0,"['mysql', 'aws', 'data warehousing', 'etl', 'data warehouse', 'linux', 'pandas', 'sql', 'python', 'git', 'data pipeline', 'spark', 'postgresql', 'apache spark', 'data pipelines']"
2046,FITNESS,0.3241466935578301,0.46306670508261444,0.0,"['mysql', 'aws', 'data warehousing', 'etl', 'data warehouse', 'linux', 'pandas', 'sql', 'python', 'git', 'data pipeline', 'spark', 'postgresql', 'apache spark', 'data pipelines']"
2047,TEACHER,0.3241179551719717,0.4630256502456739,0.0,"['mysql', 'aws', 'data warehousing', 'etl', 'data warehouse', 'linux', 'pandas', 'sql', 'python', 'git', 'data pipeline', 'spark', 'postgresql', 'apache spark', 'data pipelines']"
2048,CHEF,0.32382219742828294,0.4626031391832614,0.0,"['mysql', 'aws', 'data warehousing', 'etl', 'data warehouse', 'linux', 'pandas', 'sql', 'python', 'git', 'data pipeline', 'spark', 'postgresql', 'apache spark', 'data pipelines']"
2049,TEACHER,0.3232102285144029,0.4617288978777184,0.0,"['mysql', 'aws', 'data warehousing', 'etl', 'data warehouse', 'linux', 'pandas', 'sql', 'python', 'git', 'data pipeline', 'spark', 'postgresql', 'apache spark', 'data pipelines']"
2050,TEACHER,0.3221179842037582,0.46016854886251174,0.0,"['mysql', 'aws', 'data warehousing', 'etl', 'data warehouse', 'linux', 'pandas', 'sql', 'python', 'git', 'data pipeline', 'spark', 'postgresql', 'apache spark', 'data pipelines']"
2051,CHEF,0.3221086030233952,0.4601551471762789,0.0,"['mysql', 'aws', 'data warehousing', 'etl', 'data warehouse', 'linux', 'pandas', 'sql', 'python', 'git', 'data pipeline', 'spark', 'postgresql', 'apache spark', 'data pipelines']"
2052,FINANCE,0.32189017972588724,0.45984311389412463,0.0,"['mysql', 'aws', 'data warehousing', 'etl', 'data warehouse', 'linux', 'pandas', 'sql', 'python', 'git', 'data pipeline', 'spark', 'postgresql', 'apache spark', 'data pipelines']"
2053,BUSINESS-DEVELOPMENT,0.3218487986898033,0.4597839981282905,0.0,"['mysql', 'aws', 'data warehousing', 'etl', 'data warehouse', 'linux', 'pandas', 'sql', 'python', 'git', 'data pipeline', 'spark', 'postgresql', 'apache spark', 'data pipelines']"
2054,ADVOCATE,0.32159808992614314,0.45942584275163306,0.0,"['mysql', 'aws', 'data warehousing', 'etl', 'data warehouse', 'linux', 'pandas', 'sql', 'python', 'git', 'data pipeline', 'spark', 'postgresql', 'apache spark', 'data pipelines']"
2055,SALES,0.32128092131195046,0.4589727447313578,0.0,"['mysql', 'aws', 'data warehousing', 'etl', 'data warehouse', 'linux', 'pandas', 'sql', 'python', 'git', 'data pipeline', 'spark', 'postgresql', 'apache spark', 'data pipelines']"
2056,FITNESS,0.32122583631734336,0.4588940518819191,0.0,"['mysql', 'aws', 'data warehousing', 'etl', 'data warehouse', 'linux', 'pandas', 'sql', 'python', 'git', 'data pipeline', 'spark', 'postgresql', 'apache spark', 'data pipelines']"
2057,FITNESS,0.3201578649746901,0.4573683785352716,0.0,"['mysql', 'aws', 'data warehousing', 'etl', 'data warehouse', 'linux', 'pandas', 'sql', 'python', 'git', 'data pipeline', 'spark', 'postgresql', 'apache spark', 'data pipelines']"
2058,CHEF,0.3195542166242633,0.4565060237489476,0.0,"['mysql', 'aws', 'data warehousing', 'etl', 'data warehouse', 'linux', 'pandas', 'sql', 'python', 'git', 'data pipeline', 'spark', 'postgresql', 'apache spark', 'data pipelines']"
2059,ACCOUNTANT,0.31836806346671787,0.45481151923816837,0.0,"['mysql', 'aws', 'data warehousing', 'etl', 'data warehouse', 'linux', 'pandas', 'sql', 'python', 'git', 'data pipeline', 'spark', 'postgresql', 'apache spark', 'data pipelines']"
2060,BANKING,0.3180059533217508,0.4542942190310726,0.0,"['mysql', 'aws', 'data warehousing', 'etl', 'data warehouse', 'linux', 'pandas', 'sql', 'python', 'git', 'data pipeline', 'spark', 'postgresql', 'apache spark', 'data pipelines']"
2061,SALES,0.31683951091008605,0.4526278727286944,0.0,"['mysql', 'aws', 'data warehousing', 'etl', 'data warehouse', 'linux', 'pandas', 'sql', 'python', 'git', 'data pipeline', 'spark', 'postgresql', 'apache spark', 'data pipelines']"
2062,CHEF,0.31556306164175135,0.4508043737739305,0.0,"['mysql', 'aws', 'data warehousing', 'etl', 'data warehouse', 'linux', 'pandas', 'sql', 'python', 'git', 'data pipeline', 'spark', 'postgresql', 'apache spark', 'data pipelines']"
2063,DESIGNER,0.3142093613349511,0.4488705161927873,0.0,"['mysql', 'aws', 'data warehousing', 'etl', 'data warehouse', 'linux', 'pandas', 'sql', 'python', 'git', 'data pipeline', 'spark', 'postgresql', 'apache spark', 'data pipelines']"
2064,ARTS,0.3141897236290141,0.448842462327163,0.0,"['mysql', 'aws', 'data warehousing', 'etl', 'data warehouse', 'linux', 'pandas', 'sql', 'python', 'git', 'data pipeline', 'spark', 'postgresql', 'apache spark', 'data pipelines']"
2065,DESIGNER,0.3135982540576533,0.4479975057966476,0.0,"['mysql', 'aws', 'data warehousing', 'etl', 'data warehouse', 'linux', 'pandas', 'sql', 'python', 'git', 'data pipeline', 'spark', 'postgresql', 'apache spark', 'data pipelines']"
2066,FITNESS,0.3135820326097561,0.44797433229965156,0.0,"['mysql', 'aws', 'data warehousing', 'etl', 'data warehouse', 'linux', 'pandas', 'sql', 'python', 'git', 'data pipeline', 'spark', 'postgresql', 'apache spark', 'data pipelines']"
2067,CHEF,0.3127629216843729,0.44680417383481846,0.0,"['mysql', 'aws', 'data warehousing', 'etl', 'data warehouse', 'linux', 'pandas', 'sql', 'python', 'git', 'data pipeline', 'spark', 'postgresql', 'apache spark', 'data pipelines']"
2068,SALES,0.31154323030520803,0.4450617575788686,0.0,"['mysql', 'aws', 'data warehousing', 'etl', 'data warehouse', 'linux', 'pandas', 'sql', 'python', 'git', 'data pipeline', 'spark', 'postgresql', 'apache spark', 'data pipelines']"
2069,SALES,0.31123166481779324,0.44461666402541894,0.0,"['mysql', 'aws', 'data warehousing', 'etl', 'data warehouse', 'linux', 'pandas', 'sql', 'python', 'git', 'data pipeline', 'spark', 'postgresql', 'apache spark', 'data pipelines']"
2070,DESIGNER,0.3106587888895622,0.4437982698422318,0.0,"['mysql', 'aws', 'data warehousing', 'etl', 'data warehouse', 'linux', 'pandas', 'sql', 'python', 'git', 'data pipeline', 'spark', 'postgresql', 'apache spark', 'data pipelines']"
2071,APPAREL,0.3103364839027303,0.44333783414675754,0.0,"['mysql', 'aws', 'data warehousing', 'etl', 'data warehouse', 'linux', 'pandas', 'sql', 'python', 'git', 'data pipeline', 'spark', 'postgresql', 'apache spark', 'data pipelines']"
2072,HEALTHCARE,0.309269843821186,0.4418140626016943,0.0,"['mysql', 'aws', 'data warehousing', 'etl', 'data warehouse', 'linux', 'pandas', 'sql', 'python', 'git', 'data pipeline', 'spark', 'postgresql', 'apache spark', 'data pipelines']"
2073,CONSTRUCTION,0.30887141168625964,0.4412448738375138,0.0,"['mysql', 'aws', 'data warehousing', 'etl', 'data warehouse', 'linux', 'pandas', 'sql', 'python', 'git', 'data pipeline', 'spark', 'postgresql', 'apache spark', 'data pipelines']"
2074,AGRICULTURE,0.3083320770981057,0.4404743958544367,0.0,"['mysql', 'aws', 'data warehousing', 'etl', 'data warehouse', 'linux', 'pandas', 'sql', 'python', 'git', 'data pipeline', 'spark', 'postgresql', 'apache spark', 'data pipelines']"
2075,ARTS,0.30805828687809295,0.44008326696870426,0.0,"['mysql', 'aws', 'data warehousing', 'etl', 'data warehouse', 'linux', 'pandas', 'sql', 'python', 'git', 'data pipeline', 'spark', 'postgresql', 'apache spark', 'data pipelines']"
2076,ENGINEERING,0.30755844422388734,0.43936920603412477,0.0,"['mysql', 'aws', 'data warehousing', 'etl', 'data warehouse', 'linux', 'pandas', 'sql', 'python', 'git', 'data pipeline', 'spark', 'postgresql', 'apache spark', 'data pipelines']"
2077,FITNESS,0.3075456860546011,0.43935098007800155,0.0,"['mysql', 'aws', 'data warehousing', 'etl', 'data warehouse', 'linux', 'pandas', 'sql', 'python', 'git', 'data pipeline', 'spark', 'postgresql', 'apache spark', 'data pipelines']"
2078,INFORMATION-TECHNOLOGY,0.3075185615246243,0.43931223074946335,0.0,"['mysql', 'aws', 'data warehousing', 'etl', 'data warehouse', 'linux', 'pandas', 'sql', 'python', 'git', 'data pipeline', 'spark', 'postgresql', 'apache spark', 'data pipelines']"
2079,FITNESS,0.3070377407556061,0.43862534393658015,0.0,"['mysql', 'aws', 'data warehousing', 'etl', 'data warehouse', 'linux', 'pandas', 'sql', 'python', 'git', 'data pipeline', 'spark', 'postgresql', 'apache spark', 'data pipelines']"
2080,CHEF,0.306702162218441,0.43814594602634427,0.0,"['mysql', 'aws', 'data warehousing', 'etl', 'data warehouse', 'linux', 'pandas', 'sql', 'python', 'git', 'data pipeline', 'spark', 'postgresql', 'apache spark', 'data pipelines']"
2081,PUBLIC-RELATIONS,0.3060956234906481,0.4372794621294973,0.0,"['mysql', 'aws', 'data warehousing', 'etl', 'data warehouse', 'linux', 'pandas', 'sql', 'python', 'git', 'data pipeline', 'spark', 'postgresql', 'apache spark', 'data pipelines']"
2082,AUTOMOBILE,0.3059901146104443,0.4371287351577776,0.0,"['mysql', 'aws', 'data warehousing', 'etl', 'data warehouse', 'linux', 'pandas', 'sql', 'python', 'git', 'data pipeline', 'spark', 'postgresql', 'apache spark', 'data pipelines']"
2083,AVIATION,0.30580613037056553,0.43686590052937935,0.0,"['mysql', 'aws', 'data warehousing', 'etl', 'data warehouse', 'linux', 'pandas', 'sql', 'python', 'git', 'data pipeline', 'spark', 'postgresql', 'apache spark', 'data pipelines']"
2084,FINANCE,0.30310410477892147,0.4330058639698878,0.0,"['mysql', 'aws', 'data warehousing', 'etl', 'data warehouse', 'linux', 'pandas', 'sql', 'python', 'git', 'data pipeline', 'spark', 'postgresql', 'apache spark', 'data pipelines']"
2085,TEACHER,0.3028228308244527,0.43260404403493247,0.0,"['mysql', 'aws', 'data warehousing', 'etl', 'data warehouse', 'linux', 'pandas', 'sql', 'python', 'git', 'data pipeline', 'spark', 'postgresql', 'apache spark', 'data pipelines']"
2086,FITNESS,0.30038967296644614,0.42912810423778025,0.0,"['mysql', 'aws', 'data warehousing', 'etl', 'data warehouse', 'linux', 'pandas', 'sql', 'python', 'git', 'data pipeline', 'spark', 'postgresql', 'apache spark', 'data pipelines']"
2087,TEACHER,0.2989610243860866,0.4270871776944095,0.0,"['mysql', 'aws', 'data warehousing', 'etl', 'data warehouse', 'linux', 'pandas', 'sql', 'python', 'git', 'data pipeline', 'spark', 'postgresql', 'apache spark', 'data pipelines']"
2088,ACCOUNTANT,0.29832198363913776,0.4261742623416254,0.0,"['mysql', 'aws', 'data warehousing', 'etl', 'data warehouse', 'linux', 'pandas', 'sql', 'python', 'git', 'data pipeline', 'spark', 'postgresql', 'apache spark', 'data pipelines']"
2089,CHEF,0.2981392199858005,0.4259131714082865,0.0,"['mysql', 'aws', 'data warehousing', 'etl', 'data warehouse', 'linux', 'pandas', 'sql', 'python', 'git', 'data pipeline', 'spark', 'postgresql', 'apache spark', 'data pipelines']"
2090,CHEF,0.29805540981470513,0.4257934425924359,0.0,"['mysql', 'aws', 'data warehousing', 'etl', 'data warehouse', 'linux', 'pandas', 'sql', 'python', 'git', 'data pipeline', 'spark', 'postgresql', 'apache spark', 'data pipelines']"
2091,HEALTHCARE,0.29796775877661136,0.4256682268237305,0.0,"['mysql', 'aws', 'data warehousing', 'etl', 'data warehouse', 'linux', 'pandas', 'sql', 'python', 'git', 'data pipeline', 'spark', 'postgresql', 'apache spark', 'data pipelines']"
2092,ADVOCATE,0.2970369036329382,0.42433843376134034,0.0,"['mysql', 'aws', 'data warehousing', 'etl', 'data warehouse', 'linux', 'pandas', 'sql', 'python', 'git', 'data pipeline', 'spark', 'postgresql', 'apache spark', 'data pipelines']"
2093,APPAREL,0.29636260152808064,0.4233751450401152,0.0,"['mysql', 'aws', 'data warehousing', 'etl', 'data warehouse', 'linux', 'pandas', 'sql', 'python', 'git', 'data pipeline', 'spark', 'postgresql', 'apache spark', 'data pipelines']"
2094,BANKING,0.29545478026341004,0.42207825751915723,0.0,"['mysql', 'aws', 'data warehousing', 'etl', 'data warehouse', 'linux', 'pandas', 'sql', 'python', 'git', 'data pipeline', 'spark', 'postgresql', 'apache spark', 'data pipelines']"
2095,FITNESS,0.2950128902717264,0.42144698610246634,0.0,"['mysql', 'aws', 'data warehousing', 'etl', 'data warehouse', 'linux', 'pandas', 'sql', 'python', 'git', 'data pipeline', 'spark', 'postgresql', 'apache spark', 'data pipelines']"
2096,ARTS,0.2943611634428565,0.4205159477755093,0.0,"['mysql', 'aws', 'data warehousing', 'etl', 'data warehouse', 'linux', 'pandas', 'sql', 'python', 'git', 'data pipeline', 'spark', 'postgresql', 'apache spark', 'data pipelines']"
2097,TEACHER,0.2939966304079949,0.4199951862971356,0.0,"['mysql', 'aws', 'data warehousing', 'etl', 'data warehouse', 'linux', 'pandas', 'sql', 'python', 'git', 'data pipeline', 'spark', 'postgresql', 'apache spark', 'data pipelines']"
2098,CONSTRUCTION,0.29297442672291263,0.4185348953184466,0.0,"['mysql', 'aws', 'data warehousing', 'etl', 'data warehouse', 'linux', 'pandas', 'sql', 'python', 'git', 'data pipeline', 'spark', 'postgresql', 'apache spark', 'data pipelines']"
2099,BANKING,0.29085017607705466,0.41550025153864956,0.0,"['mysql', 'aws', 'data warehousing', 'etl', 'data warehouse', 'linux', 'pandas', 'sql', 'python', 'git', 'data pipeline', 'spark', 'postgresql', 'apache spark', 'data pipelines']"
2100,FITNESS,0.29077718875136255,0.41539598393051796,0.0,"['mysql', 'aws', 'data warehousing', 'etl', 'data warehouse', 'linux', 'pandas', 'sql', 'python', 'git', 'data pipeline', 'spark', 'postgresql', 'apache spark', 'data pipelines']"
2101,PUBLIC-RELATIONS,0.2906565592228015,0.41522365603257355,0.0,"['mysql', 'aws', 'data warehousing', 'etl', 'data warehouse', 'linux', 'pandas', 'sql', 'python', 'git', 'data pipeline', 'spark', 'postgresql', 'apache spark', 'data pipelines']"
2102,ARTS,0.2900363025284437,0.4143375750406339,0.0,"['mysql', 'aws', 'data warehousing', 'etl', 'data warehouse', 'linux', 'pandas', 'sql', 'python', 'git', 'data pipeline', 'spark', 'postgresql', 'apache spark', 'data pipelines']"
2103,HR,0.288341298406553,0.41191614058079,0.0,"['mysql', 'aws', 'data warehousing', 'etl', 'data warehouse', 'linux', 'pandas', 'sql', 'python', 'git', 'data pipeline', 'spark', 'postgresql', 'apache spark', 'data pipelines']"
2104,APPAREL,0.28821010989317375,0.41172872841881963,0.0,"['mysql', 'aws', 'data warehousing', 'etl', 'data warehouse', 'linux', 'pandas', 'sql', 'python', 'git', 'data pipeline', 'spark', 'postgresql', 'apache spark', 'data pipelines']"
2105,FITNESS,0.28820448058902126,0.4117206865557447,0.0,"['mysql', 'aws', 'data warehousing', 'etl', 'data warehouse', 'linux', 'pandas', 'sql', 'python', 'git', 'data pipeline', 'spark', 'postgresql', 'apache spark', 'data pipelines']"
2106,BUSINESS-DEVELOPMENT,0.2880413972673049,0.41148771038186416,0.0,"['mysql', 'aws', 'data warehousing', 'etl', 'data warehouse', 'linux', 'pandas', 'sql', 'python', 'git', 'data pipeline', 'spark', 'postgresql', 'apache spark', 'data pipelines']"
2107,ARTS,0.28769206159597926,0.4109886594228276,0.0,"['mysql', 'aws', 'data warehousing', 'etl', 'data warehouse', 'linux', 'pandas', 'sql', 'python', 'git', 'data pipeline', 'spark', 'postgresql', 'apache spark', 'data pipelines']"
2108,BANKING,0.2868573120331787,0.4097961600473982,0.0,"['mysql', 'aws', 'data warehousing', 'etl', 'data warehouse', 'linux', 'pandas', 'sql', 'python', 'git', 'data pipeline', 'spark', 'postgresql', 'apache spark', 'data pipelines']"
2109,SALES,0.28617529676350634,0.4088218525192948,0.0,"['mysql', 'aws', 'data warehousing', 'etl', 'data warehouse', 'linux', 'pandas', 'sql', 'python', 'git', 'data pipeline', 'spark', 'postgresql', 'apache spark', 'data pipelines']"
2110,BUSINESS-DEVELOPMENT,0.2852208369322852,0.4074583384746932,0.0,"['mysql', 'aws', 'data warehousing', 'etl', 'data warehouse', 'linux', 'pandas', 'sql', 'python', 'git', 'data pipeline', 'spark', 'postgresql', 'apache spark', 'data pipelines']"
2111,HR,0.28487412686006464,0.4069630383715209,0.0,"['mysql', 'aws', 'data warehousing', 'etl', 'data warehouse', 'linux', 'pandas', 'sql', 'python', 'git', 'data pipeline', 'spark', 'postgresql', 'apache spark', 'data pipelines']"
2112,PUBLIC-RELATIONS,0.28350834947379683,0.4050119278197098,0.0,"['mysql', 'aws', 'data warehousing', 'etl', 'data warehouse', 'linux', 'pandas', 'sql', 'python', 'git', 'data pipeline', 'spark', 'postgresql', 'apache spark', 'data pipelines']"
2113,CONSULTANT,0.28272693076316974,0.4038956153759568,0.0,"['mysql', 'aws', 'data warehousing', 'etl', 'data warehouse', 'linux', 'pandas', 'sql', 'python', 'git', 'data pipeline', 'spark', 'postgresql', 'apache spark', 'data pipelines']"
2114,FITNESS,0.2806091973752435,0.40087028196463353,0.0,"['mysql', 'aws', 'data warehousing', 'etl', 'data warehouse', 'linux', 'pandas', 'sql', 'python', 'git', 'data pipeline', 'spark', 'postgresql', 'apache spark', 'data pipelines']"
2115,BUSINESS-DEVELOPMENT,0.27976527462684525,0.3996646780383504,0.0,"['mysql', 'aws', 'data warehousing', 'etl', 'data warehouse', 'linux', 'pandas', 'sql', 'python', 'git', 'data pipeline', 'spark', 'postgresql', 'apache spark', 'data pipelines']"
2116,APPAREL,0.2777794649365538,0.39682780705221976,0.0,"['mysql', 'aws', 'data warehousing', 'etl', 'data warehouse', 'linux', 'pandas', 'sql', 'python', 'git', 'data pipeline', 'spark', 'postgresql', 'apache spark', 'data pipelines']"
2117,FITNESS,0.2770528164452498,0.39578973777892834,0.0,"['mysql', 'aws', 'data warehousing', 'etl', 'data warehouse', 'linux', 'pandas', 'sql', 'python', 'git', 'data pipeline', 'spark', 'postgresql', 'apache spark', 'data pipelines']"
2118,FITNESS,0.2768111951379609,0.3954445644828013,0.0,"['mysql', 'aws', 'data warehousing', 'etl', 'data warehouse', 'linux', 'pandas', 'sql', 'python', 'git', 'data pipeline', 'spark', 'postgresql', 'apache spark', 'data pipelines']"
2119,TEACHER,0.2749260117560211,0.39275144536574447,0.0,"['mysql', 'aws', 'data warehousing', 'etl', 'data warehouse', 'linux', 'pandas', 'sql', 'python', 'git', 'data pipeline', 'spark', 'postgresql', 'apache spark', 'data pipelines']"
2120,APPAREL,0.27180100847186295,0.38828715495980426,0.0,"['mysql', 'aws', 'data warehousing', 'etl', 'data warehouse', 'linux', 'pandas', 'sql', 'python', 'git', 'data pipeline', 'spark', 'postgresql', 'apache spark', 'data pipelines']"
2121,ADVOCATE,0.2695446104653324,0.38506372923618915,0.0,"['mysql', 'aws', 'data warehousing', 'etl', 'data warehouse', 'linux', 'pandas', 'sql', 'python', 'git', 'data pipeline', 'spark', 'postgresql', 'apache spark', 'data pipelines']"
2122,BUSINESS-DEVELOPMENT,0.2685881035681987,0.38369729081171244,0.0,"['mysql', 'aws', 'data warehousing', 'etl', 'data warehouse', 'linux', 'pandas', 'sql', 'python', 'git', 'data pipeline', 'spark', 'postgresql', 'apache spark', 'data pipelines']"
2123,PUBLIC-RELATIONS,0.26799326390438916,0.38284751986341314,0.0,"['mysql', 'aws', 'data warehousing', 'etl', 'data warehouse', 'linux', 'pandas', 'sql', 'python', 'git', 'data pipeline', 'spark', 'postgresql', 'apache spark', 'data pipelines']"
2124,HR,0.2678337825839762,0.38261968940568036,0.0,"['mysql', 'aws', 'data warehousing', 'etl', 'data warehouse', 'linux', 'pandas', 'sql', 'python', 'git', 'data pipeline', 'spark', 'postgresql', 'apache spark', 'data pipelines']"
2125,TEACHER,0.2667599121589425,0.38108558879848936,0.0,"['mysql', 'aws', 'data warehousing', 'etl', 'data warehouse', 'linux', 'pandas', 'sql', 'python', 'git', 'data pipeline', 'spark', 'postgresql', 'apache spark', 'data pipelines']"
2126,ACCOUNTANT,0.2664345362581445,0.3806207660830636,0.0,"['mysql', 'aws', 'data warehousing', 'etl', 'data warehouse', 'linux', 'pandas', 'sql', 'python', 'git', 'data pipeline', 'spark', 'postgresql', 'apache spark', 'data pipelines']"
2127,AVIATION,0.2659527801460109,0.37993254306572993,0.0,"['mysql', 'aws', 'data warehousing', 'etl', 'data warehouse', 'linux', 'pandas', 'sql', 'python', 'git', 'data pipeline', 'spark', 'postgresql', 'apache spark', 'data pipelines']"
2128,DESIGNER,0.26448799477485424,0.3778399925355061,0.0,"['mysql', 'aws', 'data warehousing', 'etl', 'data warehouse', 'linux', 'pandas', 'sql', 'python', 'git', 'data pipeline', 'spark', 'postgresql', 'apache spark', 'data pipelines']"
2129,FINANCE,0.2644461941833871,0.3777802774048387,0.0,"['mysql', 'aws', 'data warehousing', 'etl', 'data warehouse', 'linux', 'pandas', 'sql', 'python', 'git', 'data pipeline', 'spark', 'postgresql', 'apache spark', 'data pipelines']"
2130,CONSTRUCTION,0.26383248818347876,0.37690355454782687,0.0,"['mysql', 'aws', 'data warehousing', 'etl', 'data warehouse', 'linux', 'pandas', 'sql', 'python', 'git', 'data pipeline', 'spark', 'postgresql', 'apache spark', 'data pipelines']"
2131,ADVOCATE,0.26353703262787226,0.37648147518267466,0.0,"['mysql', 'aws', 'data warehousing', 'etl', 'data warehouse', 'linux', 'pandas', 'sql', 'python', 'git', 'data pipeline', 'spark', 'postgresql', 'apache spark', 'data pipelines']"
2132,HEALTHCARE,0.26349545507681554,0.3764220786811651,0.0,"['mysql', 'aws', 'data warehousing', 'etl', 'data warehouse', 'linux', 'pandas', 'sql', 'python', 'git', 'data pipeline', 'spark', 'postgresql', 'apache spark', 'data pipelines']"
2133,PUBLIC-RELATIONS,0.2633299860621448,0.3761856943744926,0.0,"['mysql', 'aws', 'data warehousing', 'etl', 'data warehouse', 'linux', 'pandas', 'sql', 'python', 'git', 'data pipeline', 'spark', 'postgresql', 'apache spark', 'data pipelines']"
2134,FITNESS,0.2632445285175536,0.3760636121679337,0.0,"['mysql', 'aws', 'data warehousing', 'etl', 'data warehouse', 'linux', 'pandas', 'sql', 'python', 'git', 'data pipeline', 'spark', 'postgresql', 'apache spark', 'data pipelines']"
2135,APPAREL,0.2629006848978269,0.37557240699689565,0.0,"['mysql', 'aws', 'data warehousing', 'etl', 'data warehouse', 'linux', 'pandas', 'sql', 'python', 'git', 'data pipeline', 'spark', 'postgresql', 'apache spark', 'data pipelines']"
2136,TEACHER,0.2626380623002756,0.37519723185753656,0.0,"['mysql', 'aws', 'data warehousing', 'etl', 'data warehouse', 'linux', 'pandas', 'sql', 'python', 'git', 'data pipeline', 'spark', 'postgresql', 'apache spark', 'data pipelines']"
2137,FITNESS,0.26252922189491107,0.3750417455641587,0.0,"['mysql', 'aws', 'data warehousing', 'etl', 'data warehouse', 'linux', 'pandas', 'sql', 'python', 'git', 'data pipeline', 'spark', 'postgresql', 'apache spark', 'data pipelines']"
2138,FITNESS,0.2618731559469435,0.3741045084956336,0.0,"['mysql', 'aws', 'data warehousing', 'etl', 'data warehouse', 'linux', 'pandas', 'sql', 'python', 'git', 'data pipeline', 'spark', 'postgresql', 'apache spark', 'data pipelines']"
2139,SALES,0.26163329562919146,0.37376185089884495,0.0,"['mysql', 'aws', 'data warehousing', 'etl', 'data warehouse', 'linux', 'pandas', 'sql', 'python', 'git', 'data pipeline', 'spark', 'postgresql', 'apache spark', 'data pipelines']"
2140,CHEF,0.25988265911924674,0.3712609415989239,0.0,"['mysql', 'aws', 'data warehousing', 'etl', 'data warehouse', 'linux', 'pandas', 'sql', 'python', 'git', 'data pipeline', 'spark', 'postgresql', 'apache spark', 'data pipelines']"
2141,APPAREL,0.2597775551152382,0.37111079302176886,0.0,"['mysql', 'aws', 'data warehousing', 'etl', 'data warehouse', 'linux', 'pandas', 'sql', 'python', 'git', 'data pipeline', 'spark', 'postgresql', 'apache spark', 'data pipelines']"
2142,PUBLIC-RELATIONS,0.2596268143262893,0.37089544903755617,0.0,"['mysql', 'aws', 'data warehousing', 'etl', 'data warehouse', 'linux', 'pandas', 'sql', 'python', 'git', 'data pipeline', 'spark', 'postgresql', 'apache spark', 'data pipelines']"
2143,CONSULTANT,0.25911538754792024,0.3701648393541718,0.0,"['mysql', 'aws', 'data warehousing', 'etl', 'data warehouse', 'linux', 'pandas', 'sql', 'python', 'git', 'data pipeline', 'spark', 'postgresql', 'apache spark', 'data pipelines']"
2144,DESIGNER,0.2586561164972298,0.36950873785318544,0.0,"['mysql', 'aws', 'data warehousing', 'etl', 'data warehouse', 'linux', 'pandas', 'sql', 'python', 'git', 'data pipeline', 'spark', 'postgresql', 'apache spark', 'data pipelines']"
2145,FITNESS,0.25833954336052495,0.3690564905150357,0.0,"['mysql', 'aws', 'data warehousing', 'etl', 'data warehouse', 'linux', 'pandas', 'sql', 'python', 'git', 'data pipeline', 'spark', 'postgresql', 'apache spark', 'data pipelines']"
2146,PUBLIC-RELATIONS,0.2573652455991947,0.3676646365702782,0.0,"['mysql', 'aws', 'data warehousing', 'etl', 'data warehouse', 'linux', 'pandas', 'sql', 'python', 'git', 'data pipeline', 'spark', 'postgresql', 'apache spark', 'data pipelines']"
2147,AGRICULTURE,0.25579200496381876,0.36541714994831254,0.0,"['mysql', 'aws', 'data warehousing', 'etl', 'data warehouse', 'linux', 'pandas', 'sql', 'python', 'git', 'data pipeline', 'spark', 'postgresql', 'apache spark', 'data pipelines']"
2148,CONSULTANT,0.2557621136071269,0.3653744480101813,0.0,"['mysql', 'aws', 'data warehousing', 'etl', 'data warehouse', 'linux', 'pandas', 'sql', 'python', 'git', 'data pipeline', 'spark', 'postgresql', 'apache spark', 'data pipelines']"
2149,CHEF,0.2556065167913551,0.365152166844793,0.0,"['mysql', 'aws', 'data warehousing', 'etl', 'data warehouse', 'linux', 'pandas', 'sql', 'python', 'git', 'data pipeline', 'spark', 'postgresql', 'apache spark', 'data pipelines']"
2150,CHEF,0.2549702265069662,0.36424318072423745,0.0,"['mysql', 'aws', 'data warehousing', 'etl', 'data warehouse', 'linux', 'pandas', 'sql', 'python', 'git', 'data pipeline', 'spark', 'postgresql', 'apache spark', 'data pipelines']"
2151,AVIATION,0.2541295919405392,0.3630422742007703,0.0,"['mysql', 'aws', 'data warehousing', 'etl', 'data warehouse', 'linux', 'pandas', 'sql', 'python', 'git', 'data pipeline', 'spark', 'postgresql', 'apache spark', 'data pipelines']"
2152,TEACHER,0.25384278241070335,0.3626325463010048,0.0,"['mysql', 'aws', 'data warehousing', 'etl', 'data warehouse', 'linux', 'pandas', 'sql', 'python', 'git', 'data pipeline', 'spark', 'postgresql', 'apache spark', 'data pipelines']"
2153,HEALTHCARE,0.25286903710203534,0.3612414815743362,0.0,"['mysql', 'aws', 'data warehousing', 'etl', 'data warehouse', 'linux', 'pandas', 'sql', 'python', 'git', 'data pipeline', 'spark', 'postgresql', 'apache spark', 'data pipelines']"
2154,APPAREL,0.25233959881764034,0.36048514116805763,0.0,"['mysql', 'aws', 'data warehousing', 'etl', 'data warehouse', 'linux', 'pandas', 'sql', 'python', 'git', 'data pipeline', 'spark', 'postgresql', 'apache spark', 'data pipelines']"
2155,FITNESS,0.2518158160939102,0.3597368801341574,0.0,"['mysql', 'aws', 'data warehousing', 'etl', 'data warehouse', 'linux', 'pandas', 'sql', 'python', 'git', 'data pipeline', 'spark', 'postgresql', 'apache spark', 'data pipelines']"
2156,CONSTRUCTION,0.2502196599656364,0.3574566570937663,0.0,"['mysql', 'aws', 'data warehousing', 'etl', 'data warehouse', 'linux', 'pandas', 'sql', 'python', 'git', 'data pipeline', 'spark', 'postgresql', 'apache spark', 'data pipelines']"
2157,ADVOCATE,0.2501011642526408,0.3572873775037726,0.0,"['mysql', 'aws', 'data warehousing', 'etl', 'data warehouse', 'linux', 'pandas', 'sql', 'python', 'git', 'data pipeline', 'spark', 'postgresql', 'apache spark', 'data pipelines']"
2158,HEALTHCARE,0.24936123229970933,0.35623033185672764,0.0,"['mysql', 'aws', 'data warehousing', 'etl', 'data warehouse', 'linux', 'pandas', 'sql', 'python', 'git', 'data pipeline', 'spark', 'postgresql', 'apache spark', 'data pipelines']"
2159,AGRICULTURE,0.24902928259987608,0.355756117999823,0.0,"['mysql', 'aws', 'data warehousing', 'etl', 'data warehouse', 'linux', 'pandas', 'sql', 'python', 'git', 'data pipeline', 'spark', 'postgresql', 'apache spark', 'data pipelines']"
2160,APPAREL,0.2479137613078643,0.3541625161540919,0.0,"['mysql', 'aws', 'data warehousing', 'etl', 'data warehouse', 'linux', 'pandas', 'sql', 'python', 'git', 'data pipeline', 'spark', 'postgresql', 'apache spark', 'data pipelines']"
2161,TEACHER,0.24775013746937144,0.3539287678133878,0.0,"['mysql', 'aws', 'data warehousing', 'etl', 'data warehouse', 'linux', 'pandas', 'sql', 'python', 'git', 'data pipeline', 'spark', 'postgresql', 'apache spark', 'data pipelines']"
2162,INFORMATION-TECHNOLOGY,0.24714359986959994,0.35306228552799995,0.0,"['mysql', 'aws', 'data warehousing', 'etl', 'data warehouse', 'linux', 'pandas', 'sql', 'python', 'git', 'data pipeline', 'spark', 'postgresql', 'apache spark', 'data pipelines']"
2163,PUBLIC-RELATIONS,0.24693131010698577,0.3527590144385511,0.0,"['mysql', 'aws', 'data warehousing', 'etl', 'data warehouse', 'linux', 'pandas', 'sql', 'python', 'git', 'data pipeline', 'spark', 'postgresql', 'apache spark', 'data pipelines']"
2164,FITNESS,0.2466599237584991,0.35237131965499874,0.0,"['mysql', 'aws', 'data warehousing', 'etl', 'data warehouse', 'linux', 'pandas', 'sql', 'python', 'git', 'data pipeline', 'spark', 'postgresql', 'apache spark', 'data pipelines']"
2165,PUBLIC-RELATIONS,0.2463469143875661,0.35192416341080873,0.0,"['mysql', 'aws', 'data warehousing', 'etl', 'data warehouse', 'linux', 'pandas', 'sql', 'python', 'git', 'data pipeline', 'spark', 'postgresql', 'apache spark', 'data pipelines']"
2166,AGRICULTURE,0.24565655765877295,0.3509379395125328,0.0,"['mysql', 'aws', 'data warehousing', 'etl', 'data warehouse', 'linux', 'pandas', 'sql', 'python', 'git', 'data pipeline', 'spark', 'postgresql', 'apache spark', 'data pipelines']"
2167,CONSULTANT,0.24506536187155015,0.3500933741022145,0.0,"['mysql', 'aws', 'data warehousing', 'etl', 'data warehouse', 'linux', 'pandas', 'sql', 'python', 'git', 'data pipeline', 'spark', 'postgresql', 'apache spark', 'data pipelines']"
2168,BUSINESS-DEVELOPMENT,0.24439467265437587,0.3491352466491084,0.0,"['mysql', 'aws', 'data warehousing', 'etl', 'data warehouse', 'linux', 'pandas', 'sql', 'python', 'git', 'data pipeline', 'spark', 'postgresql', 'apache spark', 'data pipelines']"
2169,ADVOCATE,0.24296118507535022,0.34708740725050036,0.0,"['mysql', 'aws', 'data warehousing', 'etl', 'data warehouse', 'linux', 'pandas', 'sql', 'python', 'git', 'data pipeline', 'spark', 'postgresql', 'apache spark', 'data pipelines']"
2170,ARTS,0.24212362786070019,0.34589089694385744,0.0,"['mysql', 'aws', 'data warehousing', 'etl', 'data warehouse', 'linux', 'pandas', 'sql', 'python', 'git', 'data pipeline', 'spark', 'postgresql', 'apache spark', 'data pipelines']"
2171,TEACHER,0.24201649852454563,0.3457378550350652,0.0,"['mysql', 'aws', 'data warehousing', 'etl', 'data warehouse', 'linux', 'pandas', 'sql', 'python', 'git', 'data pipeline', 'spark', 'postgresql', 'apache spark', 'data pipelines']"
2172,HR,0.24194347571029814,0.3456335367289974,0.0,"['mysql', 'aws', 'data warehousing', 'etl', 'data warehouse', 'linux', 'pandas', 'sql', 'python', 'git', 'data pipeline', 'spark', 'postgresql', 'apache spark', 'data pipelines']"
2173,ARTS,0.2418875368811081,0.3455536241158687,0.0,"['mysql', 'aws', 'data warehousing', 'etl', 'data warehouse', 'linux', 'pandas', 'sql', 'python', 'git', 'data pipeline', 'spark', 'postgresql', 'apache spark', 'data pipelines']"
2174,CHEF,0.24139089760613802,0.34484413943734005,0.0,"['mysql', 'aws', 'data warehousing', 'etl', 'data warehouse', 'linux', 'pandas', 'sql', 'python', 'git', 'data pipeline', 'spark', 'postgresql', 'apache spark', 'data pipelines']"
2175,SALES,0.2410749945824552,0.34439284940350745,0.0,"['mysql', 'aws', 'data warehousing', 'etl', 'data warehouse', 'linux', 'pandas', 'sql', 'python', 'git', 'data pipeline', 'spark', 'postgresql', 'apache spark', 'data pipelines']"
2176,SALES,0.24103870626434187,0.34434100894905983,0.0,"['mysql', 'aws', 'data warehousing', 'etl', 'data warehouse', 'linux', 'pandas', 'sql', 'python', 'git', 'data pipeline', 'spark', 'postgresql', 'apache spark', 'data pipelines']"
2177,HEALTHCARE,0.24067117764251494,0.34381596806073567,0.0,"['mysql', 'aws', 'data warehousing', 'etl', 'data warehouse', 'linux', 'pandas', 'sql', 'python', 'git', 'data pipeline', 'spark', 'postgresql', 'apache spark', 'data pipelines']"
2178,CHEF,0.2406303224085963,0.3437576034408519,0.0,"['mysql', 'aws', 'data warehousing', 'etl', 'data warehouse', 'linux', 'pandas', 'sql', 'python', 'git', 'data pipeline', 'spark', 'postgresql', 'apache spark', 'data pipelines']"
2179,CHEF,0.2394896083607811,0.342128011943973,0.0,"['mysql', 'aws', 'data warehousing', 'etl', 'data warehouse', 'linux', 'pandas', 'sql', 'python', 'git', 'data pipeline', 'spark', 'postgresql', 'apache spark', 'data pipelines']"
2180,HEALTHCARE,0.23901871019061657,0.3414553002723094,0.0,"['mysql', 'aws', 'data warehousing', 'etl', 'data warehouse', 'linux', 'pandas', 'sql', 'python', 'git', 'data pipeline', 'spark', 'postgresql', 'apache spark', 'data pipelines']"
2181,FITNESS,0.23747378428388663,0.3392482632626952,0.0,"['mysql', 'aws', 'data warehousing', 'etl', 'data warehouse', 'linux', 'pandas', 'sql', 'python', 'git', 'data pipeline', 'spark', 'postgresql', 'apache spark', 'data pipelines']"
2182,CONSTRUCTION,0.23701667202679302,0.3385952457525615,0.0,"['mysql', 'aws', 'data warehousing', 'etl', 'data warehouse', 'linux', 'pandas', 'sql', 'python', 'git', 'data pipeline', 'spark', 'postgresql', 'apache spark', 'data pipelines']"
2183,DESIGNER,0.23697998262959438,0.338542832327992,0.0,"['mysql', 'aws', 'data warehousing', 'etl', 'data warehouse', 'linux', 'pandas', 'sql', 'python', 'git', 'data pipeline', 'spark', 'postgresql', 'apache spark', 'data pipelines']"
2184,SALES,0.23557222193377578,0.3365317456196797,0.0,"['mysql', 'aws', 'data warehousing', 'etl', 'data warehouse', 'linux', 'pandas', 'sql', 'python', 'git', 'data pipeline', 'spark', 'postgresql', 'apache spark', 'data pipelines']"
2185,ADVOCATE,0.2347760680187057,0.3353943828838653,0.0,"['mysql', 'aws', 'data warehousing', 'etl', 'data warehouse', 'linux', 'pandas', 'sql', 'python', 'git', 'data pipeline', 'spark', 'postgresql', 'apache spark', 'data pipelines']"
2186,HR,0.233535175529911,0.3336216793284443,0.0,"['mysql', 'aws', 'data warehousing', 'etl', 'data warehouse', 'linux', 'pandas', 'sql', 'python', 'git', 'data pipeline', 'spark', 'postgresql', 'apache spark', 'data pipelines']"
2187,APPAREL,0.23223260740650783,0.33176086772358265,0.0,"['mysql', 'aws', 'data warehousing', 'etl', 'data warehouse', 'linux', 'pandas', 'sql', 'python', 'git', 'data pipeline', 'spark', 'postgresql', 'apache spark', 'data pipelines']"
2188,HR,0.2320805766159239,0.33154368087989133,0.0,"['mysql', 'aws', 'data warehousing', 'etl', 'data warehouse', 'linux', 'pandas', 'sql', 'python', 'git', 'data pipeline', 'spark', 'postgresql', 'apache spark', 'data pipelines']"
2189,FITNESS,0.23095471082921515,0.3299353011845931,0.0,"['mysql', 'aws', 'data warehousing', 'etl', 'data warehouse', 'linux', 'pandas', 'sql', 'python', 'git', 'data pipeline', 'spark', 'postgresql', 'apache spark', 'data pipelines']"
2190,AUTOMOBILE,0.23079378753631122,0.3297054107661589,0.0,"['mysql', 'aws', 'data warehousing', 'etl', 'data warehouse', 'linux', 'pandas', 'sql', 'python', 'git', 'data pipeline', 'spark', 'postgresql', 'apache spark', 'data pipelines']"
2191,ARTS,0.23049095316424592,0.32927279023463707,0.0,"['mysql', 'aws', 'data warehousing', 'etl', 'data warehouse', 'linux', 'pandas', 'sql', 'python', 'git', 'data pipeline', 'spark', 'postgresql', 'apache spark', 'data pipelines']"
2192,HEALTHCARE,0.2301984764631635,0.32885496637594785,0.0,"['mysql', 'aws', 'data warehousing', 'etl', 'data warehouse', 'linux', 'pandas', 'sql', 'python', 'git', 'data pipeline', 'spark', 'postgresql', 'apache spark', 'data pipelines']"
2193,TEACHER,0.2298532729371332,0.3283618184816189,0.0,"['mysql', 'aws', 'data warehousing', 'etl', 'data warehouse', 'linux', 'pandas', 'sql', 'python', 'git', 'data pipeline', 'spark', 'postgresql', 'apache spark', 'data pipelines']"
2194,PUBLIC-RELATIONS,0.22887334434582646,0.3269619204940378,0.0,"['mysql', 'aws', 'data warehousing', 'etl', 'data warehouse', 'linux', 'pandas', 'sql', 'python', 'git', 'data pipeline', 'spark', 'postgresql', 'apache spark', 'data pipelines']"
2195,AVIATION,0.22876424294429215,0.3268060613489888,0.0,"['mysql', 'aws', 'data warehousing', 'etl', 'data warehouse', 'linux', 'pandas', 'sql', 'python', 'git', 'data pipeline', 'spark', 'postgresql', 'apache spark', 'data pipelines']"
2196,FINANCE,0.22874442173172937,0.326777745331042,0.0,"['mysql', 'aws', 'data warehousing', 'etl', 'data warehouse', 'linux', 'pandas', 'sql', 'python', 'git', 'data pipeline', 'spark', 'postgresql', 'apache spark', 'data pipelines']"
2197,ARTS,0.2286762745313941,0.3266803921877059,0.0,"['mysql', 'aws', 'data warehousing', 'etl', 'data warehouse', 'linux', 'pandas', 'sql', 'python', 'git', 'data pipeline', 'spark', 'postgresql', 'apache spark', 'data pipelines']"
2198,BANKING,0.2283873903915994,0.3262677005594277,0.0,"['mysql', 'aws', 'data warehousing', 'etl', 'data warehouse', 'linux', 'pandas', 'sql', 'python', 'git', 'data pipeline', 'spark', 'postgresql', 'apache spark', 'data pipelines']"
2199,FITNESS,0.22833353344867277,0.32619076206953257,0.0,"['mysql', 'aws', 'data warehousing', 'etl', 'data warehouse', 'linux', 'pandas', 'sql', 'python', 'git', 'data pipeline', 'spark', 'postgresql', 'apache spark', 'data pipelines']"
2200,ADVOCATE,0.22710904049466274,0.3244414864209468,0.0,"['mysql', 'aws', 'data warehousing', 'etl', 'data warehouse', 'linux', 'pandas', 'sql', 'python', 'git', 'data pipeline', 'spark', 'postgresql', 'apache spark', 'data pipelines']"
2201,INFORMATION-TECHNOLOGY,0.22683403653729553,0.32404862362470793,0.0,"['mysql', 'aws', 'data warehousing', 'etl', 'data warehouse', 'linux', 'pandas', 'sql', 'python', 'git', 'data pipeline', 'spark', 'postgresql', 'apache spark', 'data pipelines']"
2202,APPAREL,0.2268234799568545,0.32403354279550645,0.0,"['mysql', 'aws', 'data warehousing', 'etl', 'data warehouse', 'linux', 'pandas', 'sql', 'python', 'git', 'data pipeline', 'spark', 'postgresql', 'apache spark', 'data pipelines']"
2203,PUBLIC-RELATIONS,0.22484394297364466,0.3212056328194924,0.0,"['mysql', 'aws', 'data warehousing', 'etl', 'data warehouse', 'linux', 'pandas', 'sql', 'python', 'git', 'data pipeline', 'spark', 'postgresql', 'apache spark', 'data pipelines']"
2204,APPAREL,0.22352824267445637,0.31932606096350913,0.0,"['mysql', 'aws', 'data warehousing', 'etl', 'data warehouse', 'linux', 'pandas', 'sql', 'python', 'git', 'data pipeline', 'spark', 'postgresql', 'apache spark', 'data pipelines']"
2205,ACCOUNTANT,0.2233617135637753,0.31908816223396474,0.0,"['mysql', 'aws', 'data warehousing', 'etl', 'data warehouse', 'linux', 'pandas', 'sql', 'python', 'git', 'data pipeline', 'spark', 'postgresql', 'apache spark', 'data pipelines']"
2206,FITNESS,0.22297164205770184,0.31853091722528837,0.0,"['mysql', 'aws', 'data warehousing', 'etl', 'data warehouse', 'linux', 'pandas', 'sql', 'python', 'git', 'data pipeline', 'spark', 'postgresql', 'apache spark', 'data pipelines']"
2207,FINANCE,0.22181133549098803,0.3168733364156972,0.0,"['mysql', 'aws', 'data warehousing', 'etl', 'data warehouse', 'linux', 'pandas', 'sql', 'python', 'git', 'data pipeline', 'spark', 'postgresql', 'apache spark', 'data pipelines']"
2208,APPAREL,0.22154941782075896,0.31649916831536995,0.0,"['mysql', 'aws', 'data warehousing', 'etl', 'data warehouse', 'linux', 'pandas', 'sql', 'python', 'git', 'data pipeline', 'spark', 'postgresql', 'apache spark', 'data pipelines']"
2209,HEALTHCARE,0.22143042010979946,0.31632917158542784,0.0,"['mysql', 'aws', 'data warehousing', 'etl', 'data warehouse', 'linux', 'pandas', 'sql', 'python', 'git', 'data pipeline', 'spark', 'postgresql', 'apache spark', 'data pipelines']"
2210,HEALTHCARE,0.2213672986844147,0.3162389981205925,0.0,"['mysql', 'aws', 'data warehousing', 'etl', 'data warehouse', 'linux', 'pandas', 'sql', 'python', 'git', 'data pipeline', 'spark', 'postgresql', 'apache spark', 'data pipelines']"
2211,AVIATION,0.2194205022911239,0.3134578604158913,0.0,"['mysql', 'aws', 'data warehousing', 'etl', 'data warehouse', 'linux', 'pandas', 'sql', 'python', 'git', 'data pipeline', 'spark', 'postgresql', 'apache spark', 'data pipelines']"
2212,CHEF,0.2167395036391009,0.30962786234157275,0.0,"['mysql', 'aws', 'data warehousing', 'etl', 'data warehouse', 'linux', 'pandas', 'sql', 'python', 'git', 'data pipeline', 'spark', 'postgresql', 'apache spark', 'data pipelines']"
2213,TEACHER,0.21614798641559993,0.30878283773657134,0.0,"['mysql', 'aws', 'data warehousing', 'etl', 'data warehouse', 'linux', 'pandas', 'sql', 'python', 'git', 'data pipeline', 'spark', 'postgresql', 'apache spark', 'data pipelines']"
2214,ARTS,0.21536924334952112,0.30767034764217305,0.0,"['mysql', 'aws', 'data warehousing', 'etl', 'data warehouse', 'linux', 'pandas', 'sql', 'python', 'git', 'data pipeline', 'spark', 'postgresql', 'apache spark', 'data pipelines']"
2215,APPAREL,0.21382152195956544,0.3054593170850935,0.0,"['mysql', 'aws', 'data warehousing', 'etl', 'data warehouse', 'linux', 'pandas', 'sql', 'python', 'git', 'data pipeline', 'spark', 'postgresql', 'apache spark', 'data pipelines']"
2216,AVIATION,0.21301749931595232,0.30431071330850334,0.0,"['mysql', 'aws', 'data warehousing', 'etl', 'data warehouse', 'linux', 'pandas', 'sql', 'python', 'git', 'data pipeline', 'spark', 'postgresql', 'apache spark', 'data pipelines']"
2217,FITNESS,0.21252457415476758,0.30360653450681085,0.0,"['mysql', 'aws', 'data warehousing', 'etl', 'data warehouse', 'linux', 'pandas', 'sql', 'python', 'git', 'data pipeline', 'spark', 'postgresql', 'apache spark', 'data pipelines']"
2218,BANKING,0.2124241617600345,0.3034630882286207,0.0,"['mysql', 'aws', 'data warehousing', 'etl', 'data warehouse', 'linux', 'pandas', 'sql', 'python', 'git', 'data pipeline', 'spark', 'postgresql', 'apache spark', 'data pipelines']"
2219,CONSTRUCTION,0.21223743204847706,0.3031963314978244,0.0,"['mysql', 'aws', 'data warehousing', 'etl', 'data warehouse', 'linux', 'pandas', 'sql', 'python', 'git', 'data pipeline', 'spark', 'postgresql', 'apache spark', 'data pipelines']"
2220,CONSTRUCTION,0.21197019617952387,0.3028145659707484,0.0,"['mysql', 'aws', 'data warehousing', 'etl', 'data warehouse', 'linux', 'pandas', 'sql', 'python', 'git', 'data pipeline', 'spark', 'postgresql', 'apache spark', 'data pipelines']"
2221,CONSTRUCTION,0.21162805046604388,0.3023257863800627,0.0,"['mysql', 'aws', 'data warehousing', 'etl', 'data warehouse', 'linux', 'pandas', 'sql', 'python', 'git', 'data pipeline', 'spark', 'postgresql', 'apache spark', 'data pipelines']"
2222,SALES,0.20895640340688187,0.29850914772411696,0.0,"['mysql', 'aws', 'data warehousing', 'etl', 'data warehouse', 'linux', 'pandas', 'sql', 'python', 'git', 'data pipeline', 'spark', 'postgresql', 'apache spark', 'data pipelines']"
2223,APPAREL,0.20872394251171475,0.29817706073102107,0.0,"['mysql', 'aws', 'data warehousing', 'etl', 'data warehouse', 'linux', 'pandas', 'sql', 'python', 'git', 'data pipeline', 'spark', 'postgresql', 'apache spark', 'data pipelines']"
2224,CONSTRUCTION,0.20860716188440395,0.29801023126343423,0.0,"['mysql', 'aws', 'data warehousing', 'etl', 'data warehouse', 'linux', 'pandas', 'sql', 'python', 'git', 'data pipeline', 'spark', 'postgresql', 'apache spark', 'data pipelines']"
2225,ADVOCATE,0.20799378314472197,0.2971339759210314,0.0,"['mysql', 'aws', 'data warehousing', 'etl', 'data warehouse', 'linux', 'pandas', 'sql', 'python', 'git', 'data pipeline', 'spark', 'postgresql', 'apache spark', 'data pipelines']"
2226,ACCOUNTANT,0.20760397926838098,0.29657711324054425,0.0,"['mysql', 'aws', 'data warehousing', 'etl', 'data warehouse', 'linux', 'pandas', 'sql', 'python', 'git', 'data pipeline', 'spark', 'postgresql', 'apache spark', 'data pipelines']"
2227,TEACHER,0.2074225217937882,0.2963178882768403,0.0,"['mysql', 'aws', 'data warehousing', 'etl', 'data warehouse', 'linux', 'pandas', 'sql', 'python', 'git', 'data pipeline', 'spark', 'postgresql', 'apache spark', 'data pipelines']"
2228,AGRICULTURE,0.20622504977851672,0.2946072139693096,0.0,"['mysql', 'aws', 'data warehousing', 'etl', 'data warehouse', 'linux', 'pandas', 'sql', 'python', 'git', 'data pipeline', 'spark', 'postgresql', 'apache spark', 'data pipelines']"
2229,DESIGNER,0.20569110341384353,0.29384443344834793,0.0,"['mysql', 'aws', 'data warehousing', 'etl', 'data warehouse', 'linux', 'pandas', 'sql', 'python', 'git', 'data pipeline', 'spark', 'postgresql', 'apache spark', 'data pipelines']"
2230,FITNESS,0.20267269459283366,0.2895324208469052,0.0,"['mysql', 'aws', 'data warehousing', 'etl', 'data warehouse', 'linux', 'pandas', 'sql', 'python', 'git', 'data pipeline', 'spark', 'postgresql', 'apache spark', 'data pipelines']"
2231,BPO,0.20250820058242014,0.2892974294034574,0.0,"['mysql', 'aws', 'data warehousing', 'etl', 'data warehouse', 'linux', 'pandas', 'sql', 'python', 'git', 'data pipeline', 'spark', 'postgresql', 'apache spark', 'data pipelines']"
2232,PUBLIC-RELATIONS,0.20205006394987415,0.28864294849982025,0.0,"['mysql', 'aws', 'data warehousing', 'etl', 'data warehouse', 'linux', 'pandas', 'sql', 'python', 'git', 'data pipeline', 'spark', 'postgresql', 'apache spark', 'data pipelines']"
2233,CONSULTANT,0.20124481918711185,0.28749259883873124,0.0,"['mysql', 'aws', 'data warehousing', 'etl', 'data warehouse', 'linux', 'pandas', 'sql', 'python', 'git', 'data pipeline', 'spark', 'postgresql', 'apache spark', 'data pipelines']"
2234,CHEF,0.19755676338460873,0.2822239476922982,0.0,"['mysql', 'aws', 'data warehousing', 'etl', 'data warehouse', 'linux', 'pandas', 'sql', 'python', 'git', 'data pipeline', 'spark', 'postgresql', 'apache spark', 'data pipelines']"
2235,SALES,0.19658060315502346,0.280829433078605,0.0,"['mysql', 'aws', 'data warehousing', 'etl', 'data warehouse', 'linux', 'pandas', 'sql', 'python', 'git', 'data pipeline', 'spark', 'postgresql', 'apache spark', 'data pipelines']"
2236,HEALTHCARE,0.19599815661521253,0.27999736659316077,0.0,"['mysql', 'aws', 'data warehousing', 'etl', 'data warehouse', 'linux', 'pandas', 'sql', 'python', 'git', 'data pipeline', 'spark', 'postgresql', 'apache spark', 'data pipelines']"
2237,SALES,0.1958942791663258,0.2798489702376083,0.0,"['mysql', 'aws', 'data warehousing', 'etl', 'data warehouse', 'linux', 'pandas', 'sql', 'python', 'git', 'data pipeline', 'spark', 'postgresql', 'apache spark', 'data pipelines']"
2238,BUSINESS-DEVELOPMENT,0.1949733359984127,0.2785333371405896,0.0,"['mysql', 'aws', 'data warehousing', 'etl', 'data warehouse', 'linux', 'pandas', 'sql', 'python', 'git', 'data pipeline', 'spark', 'postgresql', 'apache spark', 'data pipelines']"
2239,CHEF,0.19379804551045524,0.27685435072922177,0.0,"['mysql', 'aws', 'data warehousing', 'etl', 'data warehouse', 'linux', 'pandas', 'sql', 'python', 'git', 'data pipeline', 'spark', 'postgresql', 'apache spark', 'data pipelines']"
2240,CHEF,0.19354272349172547,0.27648960498817926,0.0,"['mysql', 'aws', 'data warehousing', 'etl', 'data warehouse', 'linux', 'pandas', 'sql', 'python', 'git', 'data pipeline', 'spark', 'postgresql', 'apache spark', 'data pipelines']"
2241,DESIGNER,0.19273037918503869,0.27532911312148384,0.0,"['mysql', 'aws', 'data warehousing', 'etl', 'data warehouse', 'linux', 'pandas', 'sql', 'python', 'git', 'data pipeline', 'spark', 'postgresql', 'apache spark', 'data pipelines']"
2242,FITNESS,0.19256096759633062,0.27508709656618663,0.0,"['mysql', 'aws', 'data warehousing', 'etl', 'data warehouse', 'linux', 'pandas', 'sql', 'python', 'git', 'data pipeline', 'spark', 'postgresql', 'apache spark', 'data pipelines']"
2243,HEALTHCARE,0.19239297866508057,0.27484711237868653,0.0,"['mysql', 'aws', 'data warehousing', 'etl', 'data warehouse', 'linux', 'pandas', 'sql', 'python', 'git', 'data pipeline', 'spark', 'postgresql', 'apache spark', 'data pipelines']"
2244,DESIGNER,0.1917060968117095,0.27386585258815643,0.0,"['mysql', 'aws', 'data warehousing', 'etl', 'data warehouse', 'linux', 'pandas', 'sql', 'python', 'git', 'data pipeline', 'spark', 'postgresql', 'apache spark', 'data pipelines']"
2245,PUBLIC-RELATIONS,0.19037361686817436,0.2719623098116777,0.0,"['mysql', 'aws', 'data warehousing', 'etl', 'data warehouse', 'linux', 'pandas', 'sql', 'python', 'git', 'data pipeline', 'spark', 'postgresql', 'apache spark', 'data pipelines']"
2246,ACCOUNTANT,0.18949861122908485,0.2707123017558355,0.0,"['mysql', 'aws', 'data warehousing', 'etl', 'data warehouse', 'linux', 'pandas', 'sql', 'python', 'git', 'data pipeline', 'spark', 'postgresql', 'apache spark', 'data pipelines']"
2247,AGRICULTURE,0.1894793251361829,0.270684750194547,0.0,"['mysql', 'aws', 'data warehousing', 'etl', 'data warehouse', 'linux', 'pandas', 'sql', 'python', 'git', 'data pipeline', 'spark', 'postgresql', 'apache spark', 'data pipelines']"
2248,TEACHER,0.18830931038647802,0.2690133005521115,0.0,"['mysql', 'aws', 'data warehousing', 'etl', 'data warehouse', 'linux', 'pandas', 'sql', 'python', 'git', 'data pipeline', 'spark', 'postgresql', 'apache spark', 'data pipelines']"
2249,DESIGNER,0.18722396305210923,0.26746280436015607,0.0,"['mysql', 'aws', 'data warehousing', 'etl', 'data warehouse', 'linux', 'pandas', 'sql', 'python', 'git', 'data pipeline', 'spark', 'postgresql', 'apache spark', 'data pipelines']"
2250,BUSINESS-DEVELOPMENT,0.18539385453004553,0.26484836361435077,0.0,"['mysql', 'aws', 'data warehousing', 'etl', 'data warehouse', 'linux', 'pandas', 'sql', 'python', 'git', 'data pipeline', 'spark', 'postgresql', 'apache spark', 'data pipelines']"
2251,TEACHER,0.18271169081716535,0.2610167011673791,0.0,"['mysql', 'aws', 'data warehousing', 'etl', 'data warehouse', 'linux', 'pandas', 'sql', 'python', 'git', 'data pipeline', 'spark', 'postgresql', 'apache spark', 'data pipelines']"
2252,SALES,0.18255569676691,0.26079385252415715,0.0,"['mysql', 'aws', 'data warehousing', 'etl', 'data warehouse', 'linux', 'pandas', 'sql', 'python', 'git', 'data pipeline', 'spark', 'postgresql', 'apache spark', 'data pipelines']"
2253,SALES,0.18179172908000535,0.25970247011429337,0.0,"['mysql', 'aws', 'data warehousing', 'etl', 'data warehouse', 'linux', 'pandas', 'sql', 'python', 'git', 'data pipeline', 'spark', 'postgresql', 'apache spark', 'data pipelines']"
2254,CONSTRUCTION,0.18141642868517907,0.25916632669311296,0.0,"['mysql', 'aws', 'data warehousing', 'etl', 'data warehouse', 'linux', 'pandas', 'sql', 'python', 'git', 'data pipeline', 'spark', 'postgresql', 'apache spark', 'data pipelines']"
2255,AVIATION,0.18136148028700538,0.2590878289814363,0.0,"['mysql', 'aws', 'data warehousing', 'etl', 'data warehouse', 'linux', 'pandas', 'sql', 'python', 'git', 'data pipeline', 'spark', 'postgresql', 'apache spark', 'data pipelines']"
2256,ADVOCATE,0.18056320701978146,0.25794743859968783,0.0,"['mysql', 'aws', 'data warehousing', 'etl', 'data warehouse', 'linux', 'pandas', 'sql', 'python', 'git', 'data pipeline', 'spark', 'postgresql', 'apache spark', 'data pipelines']"
2257,ENGINEERING,0.1801410339012877,0.2573443341446967,0.0,"['mysql', 'aws', 'data warehousing', 'etl', 'data warehouse', 'linux', 'pandas', 'sql', 'python', 'git', 'data pipeline', 'spark', 'postgresql', 'apache spark', 'data pipelines']"
2258,SALES,0.18004476773453912,0.2572068110493416,0.0,"['mysql', 'aws', 'data warehousing', 'etl', 'data warehouse', 'linux', 'pandas', 'sql', 'python', 'git', 'data pipeline', 'spark', 'postgresql', 'apache spark', 'data pipelines']"
2259,FINANCE,0.1798307941362054,0.25690113448029345,0.0,"['mysql', 'aws', 'data warehousing', 'etl', 'data warehouse', 'linux', 'pandas', 'sql', 'python', 'git', 'data pipeline', 'spark', 'postgresql', 'apache spark', 'data pipelines']"
2260,CONSULTANT,0.17952936950326165,0.25647052786180236,0.0,"['mysql', 'aws', 'data warehousing', 'etl', 'data warehouse', 'linux', 'pandas', 'sql', 'python', 'git', 'data pipeline', 'spark', 'postgresql', 'apache spark', 'data pipelines']"
2261,AGRICULTURE,0.1792886701017674,0.25612667157395347,0.0,"['mysql', 'aws', 'data warehousing', 'etl', 'data warehouse', 'linux', 'pandas', 'sql', 'python', 'git', 'data pipeline', 'spark', 'postgresql', 'apache spark', 'data pipelines']"
2262,DESIGNER,0.1785586025365691,0.25508371790938444,0.0,"['mysql', 'aws', 'data warehousing', 'etl', 'data warehouse', 'linux', 'pandas', 'sql', 'python', 'git', 'data pipeline', 'spark', 'postgresql', 'apache spark', 'data pipelines']"
2263,CHEF,0.17525623131834994,0.25036604474049995,0.0,"['mysql', 'aws', 'data warehousing', 'etl', 'data warehouse', 'linux', 'pandas', 'sql', 'python', 'git', 'data pipeline', 'spark', 'postgresql', 'apache spark', 'data pipelines']"
2264,FINANCE,0.17514795242939152,0.2502113606134165,0.0,"['mysql', 'aws', 'data warehousing', 'etl', 'data warehouse', 'linux', 'pandas', 'sql', 'python', 'git', 'data pipeline', 'spark', 'postgresql', 'apache spark', 'data pipelines']"
2265,BANKING,0.17429023011007444,0.2489860430143921,0.0,"['mysql', 'aws', 'data warehousing', 'etl', 'data warehouse', 'linux', 'pandas', 'sql', 'python', 'git', 'data pipeline', 'spark', 'postgresql', 'apache spark', 'data pipelines']"
2266,CHEF,0.1736453784359398,0.24806482633705687,0.0,"['mysql', 'aws', 'data warehousing', 'etl', 'data warehouse', 'linux', 'pandas', 'sql', 'python', 'git', 'data pipeline', 'spark', 'postgresql', 'apache spark', 'data pipelines']"
2267,CHEF,0.17358514030820452,0.2479787718688636,0.0,"['mysql', 'aws', 'data warehousing', 'etl', 'data warehouse', 'linux', 'pandas', 'sql', 'python', 'git', 'data pipeline', 'spark', 'postgresql', 'apache spark', 'data pipelines']"
2268,DESIGNER,0.17302210043031124,0.24717442918615892,0.0,"['mysql', 'aws', 'data warehousing', 'etl', 'data warehouse', 'linux', 'pandas', 'sql', 'python', 'git', 'data pipeline', 'spark', 'postgresql', 'apache spark', 'data pipelines']"
2269,SALES,0.17276244520789555,0.2468034931541365,0.0,"['mysql', 'aws', 'data warehousing', 'etl', 'data warehouse', 'linux', 'pandas', 'sql', 'python', 'git', 'data pipeline', 'spark', 'postgresql', 'apache spark', 'data pipelines']"
2270,DESIGNER,0.1721221973507369,0.24588885335819557,0.0,"['mysql', 'aws', 'data warehousing', 'etl', 'data warehouse', 'linux', 'pandas', 'sql', 'python', 'git', 'data pipeline', 'spark', 'postgresql', 'apache spark', 'data pipelines']"
2271,CONSULTANT,0.1714638090072154,0.24494829858173628,0.0,"['mysql', 'aws', 'data warehousing', 'etl', 'data warehouse', 'linux', 'pandas', 'sql', 'python', 'git', 'data pipeline', 'spark', 'postgresql', 'apache spark', 'data pipelines']"
2272,BUSINESS-DEVELOPMENT,0.16971992312318684,0.24245703303312408,0.0,"['mysql', 'aws', 'data warehousing', 'etl', 'data warehouse', 'linux', 'pandas', 'sql', 'python', 'git', 'data pipeline', 'spark', 'postgresql', 'apache spark', 'data pipelines']"
2273,CHEF,0.16897607951677734,0.24139439930968193,0.0,"['mysql', 'aws', 'data warehousing', 'etl', 'data warehouse', 'linux', 'pandas', 'sql', 'python', 'git', 'data pipeline', 'spark', 'postgresql', 'apache spark', 'data pipelines']"
2274,CONSTRUCTION,0.16864181770364903,0.24091688243378434,0.0,"['mysql', 'aws', 'data warehousing', 'etl', 'data warehouse', 'linux', 'pandas', 'sql', 'python', 'git', 'data pipeline', 'spark', 'postgresql', 'apache spark', 'data pipelines']"
2275,TEACHER,0.16809914729545977,0.24014163899351398,0.0,"['mysql', 'aws', 'data warehousing', 'etl', 'data warehouse', 'linux', 'pandas', 'sql', 'python', 'git', 'data pipeline', 'spark', 'postgresql', 'apache spark', 'data pipelines']"
2276,ADVOCATE,0.16799787593332827,0.2399969656190404,0.0,"['mysql', 'aws', 'data warehousing', 'etl', 'data warehouse', 'linux', 'pandas', 'sql', 'python', 'git', 'data pipeline', 'spark', 'postgresql', 'apache spark', 'data pipelines']"
2277,FITNESS,0.1678272232279568,0.2397531760399383,0.0,"['mysql', 'aws', 'data warehousing', 'etl', 'data warehouse', 'linux', 'pandas', 'sql', 'python', 'git', 'data pipeline', 'spark', 'postgresql', 'apache spark', 'data pipelines']"
2278,HR,0.16760643952713541,0.23943777075305062,0.0,"['mysql', 'aws', 'data warehousing', 'etl', 'data warehouse', 'linux', 'pandas', 'sql', 'python', 'git', 'data pipeline', 'spark', 'postgresql', 'apache spark', 'data pipelines']"
2279,DESIGNER,0.16737769247657205,0.2391109892522458,0.0,"['mysql', 'aws', 'data warehousing', 'etl', 'data warehouse', 'linux', 'pandas', 'sql', 'python', 'git', 'data pipeline', 'spark', 'postgresql', 'apache spark', 'data pipelines']"
2280,SALES,0.16643394106277581,0.2377627729468226,0.0,"['mysql', 'aws', 'data warehousing', 'etl', 'data warehouse', 'linux', 'pandas', 'sql', 'python', 'git', 'data pipeline', 'spark', 'postgresql', 'apache spark', 'data pipelines']"
2281,AGRICULTURE,0.16575937473679833,0.23679910676685478,0.0,"['mysql', 'aws', 'data warehousing', 'etl', 'data warehouse', 'linux', 'pandas', 'sql', 'python', 'git', 'data pipeline', 'spark', 'postgresql', 'apache spark', 'data pipelines']"
2282,TEACHER,0.16498772432236347,0.23569674903194784,0.0,"['mysql', 'aws', 'data warehousing', 'etl', 'data warehouse', 'linux', 'pandas', 'sql', 'python', 'git', 'data pipeline', 'spark', 'postgresql', 'apache spark', 'data pipelines']"
2283,DESIGNER,0.1640967164483895,0.23442388064055644,0.0,"['mysql', 'aws', 'data warehousing', 'etl', 'data warehouse', 'linux', 'pandas', 'sql', 'python', 'git', 'data pipeline', 'spark', 'postgresql', 'apache spark', 'data pipelines']"
2284,SALES,0.16392205533859194,0.23417436476941708,0.0,"['mysql', 'aws', 'data warehousing', 'etl', 'data warehouse', 'linux', 'pandas', 'sql', 'python', 'git', 'data pipeline', 'spark', 'postgresql', 'apache spark', 'data pipelines']"
2285,SALES,0.16387655346921068,0.23410936209887243,0.0,"['mysql', 'aws', 'data warehousing', 'etl', 'data warehouse', 'linux', 'pandas', 'sql', 'python', 'git', 'data pipeline', 'spark', 'postgresql', 'apache spark', 'data pipelines']"
2286,CONSULTANT,0.16329696629215218,0.23328138041736027,0.0,"['mysql', 'aws', 'data warehousing', 'etl', 'data warehouse', 'linux', 'pandas', 'sql', 'python', 'git', 'data pipeline', 'spark', 'postgresql', 'apache spark', 'data pipelines']"
2287,SALES,0.1623973521761065,0.2319962173944379,0.0,"['mysql', 'aws', 'data warehousing', 'etl', 'data warehouse', 'linux', 'pandas', 'sql', 'python', 'git', 'data pipeline', 'spark', 'postgresql', 'apache spark', 'data pipelines']"
2288,DIGITAL-MEDIA,0.16158134000305016,0.2308304857186431,0.0,"['mysql', 'aws', 'data warehousing', 'etl', 'data warehouse', 'linux', 'pandas', 'sql', 'python', 'git', 'data pipeline', 'spark', 'postgresql', 'apache spark', 'data pipelines']"
2289,AVIATION,0.16153697239534665,0.2307671034219238,0.0,"['mysql', 'aws', 'data warehousing', 'etl', 'data warehouse', 'linux', 'pandas', 'sql', 'python', 'git', 'data pipeline', 'spark', 'postgresql', 'apache spark', 'data pipelines']"
2290,HR,0.1609882890773552,0.22998327011050745,0.0,"['mysql', 'aws', 'data warehousing', 'etl', 'data warehouse', 'linux', 'pandas', 'sql', 'python', 'git', 'data pipeline', 'spark', 'postgresql', 'apache spark', 'data pipelines']"
2291,AUTOMOBILE,0.16093609994536312,0.22990871420766162,0.0,"['mysql', 'aws', 'data warehousing', 'etl', 'data warehouse', 'linux', 'pandas', 'sql', 'python', 'git', 'data pipeline', 'spark', 'postgresql', 'apache spark', 'data pipelines']"
2292,CONSULTANT,0.1601857919838582,0.22883684569122603,0.0,"['mysql', 'aws', 'data warehousing', 'etl', 'data warehouse', 'linux', 'pandas', 'sql', 'python', 'git', 'data pipeline', 'spark', 'postgresql', 'apache spark', 'data pipelines']"
2293,DESIGNER,0.16006223415520662,0.22866033450743806,0.0,"['mysql', 'aws', 'data warehousing', 'etl', 'data warehouse', 'linux', 'pandas', 'sql', 'python', 'git', 'data pipeline', 'spark', 'postgresql', 'apache spark', 'data pipelines']"
2294,ACCOUNTANT,0.1597179654706828,0.22816852210097543,0.0,"['mysql', 'aws', 'data warehousing', 'etl', 'data warehouse', 'linux', 'pandas', 'sql', 'python', 'git', 'data pipeline', 'spark', 'postgresql', 'apache spark', 'data pipelines']"
2295,PUBLIC-RELATIONS,0.15883247243662518,0.2269035320523217,0.0,"['mysql', 'aws', 'data warehousing', 'etl', 'data warehouse', 'linux', 'pandas', 'sql', 'python', 'git', 'data pipeline', 'spark', 'postgresql', 'apache spark', 'data pipelines']"
2296,BANKING,0.15832231147930365,0.2261747306847195,0.0,"['mysql', 'aws', 'data warehousing', 'etl', 'data warehouse', 'linux', 'pandas', 'sql', 'python', 'git', 'data pipeline', 'spark', 'postgresql', 'apache spark', 'data pipelines']"
2297,DESIGNER,0.1566533000649168,0.22379042866416685,0.0,"['mysql', 'aws', 'data warehousing', 'etl', 'data warehouse', 'linux', 'pandas', 'sql', 'python', 'git', 'data pipeline', 'spark', 'postgresql', 'apache spark', 'data pipelines']"
2298,ARTS,0.15584527763215644,0.22263611090308066,0.0,"['mysql', 'aws', 'data warehousing', 'etl', 'data warehouse', 'linux', 'pandas', 'sql', 'python', 'git', 'data pipeline', 'spark', 'postgresql', 'apache spark', 'data pipelines']"
2299,TEACHER,0.1557315545277194,0.22247364932531344,0.0,"['mysql', 'aws', 'data warehousing', 'etl', 'data warehouse', 'linux', 'pandas', 'sql', 'python', 'git', 'data pipeline', 'spark', 'postgresql', 'apache spark', 'data pipelines']"
2300,BANKING,0.15496173938464874,0.22137391340664106,0.0,"['mysql', 'aws', 'data warehousing', 'etl', 'data warehouse', 'linux', 'pandas', 'sql', 'python', 'git', 'data pipeline', 'spark', 'postgresql', 'apache spark', 'data pipelines']"
2301,ACCOUNTANT,0.15493937870678026,0.22134196958111468,0.0,"['mysql', 'aws', 'data warehousing', 'etl', 'data warehouse', 'linux', 'pandas', 'sql', 'python', 'git', 'data pipeline', 'spark', 'postgresql', 'apache spark', 'data pipelines']"
2302,ADVOCATE,0.15378879961599892,0.21969828516571274,0.0,"['mysql', 'aws', 'data warehousing', 'etl', 'data warehouse', 'linux', 'pandas', 'sql', 'python', 'git', 'data pipeline', 'spark', 'postgresql', 'apache spark', 'data pipelines']"
2303,TEACHER,0.15219607327953896,0.21742296182791282,0.0,"['mysql', 'aws', 'data warehousing', 'etl', 'data warehouse', 'linux', 'pandas', 'sql', 'python', 'git', 'data pipeline', 'spark', 'postgresql', 'apache spark', 'data pipelines']"
2304,PUBLIC-RELATIONS,0.15002608940958267,0.2143229848708324,0.0,"['mysql', 'aws', 'data warehousing', 'etl', 'data warehouse', 'linux', 'pandas', 'sql', 'python', 'git', 'data pipeline', 'spark', 'postgresql', 'apache spark', 'data pipelines']"
2305,BUSINESS-DEVELOPMENT,0.14891724014579694,0.21273891449399562,0.0,"['mysql', 'aws', 'data warehousing', 'etl', 'data warehouse', 'linux', 'pandas', 'sql', 'python', 'git', 'data pipeline', 'spark', 'postgresql', 'apache spark', 'data pipelines']"
2306,ACCOUNTANT,0.14877809537418707,0.2125401362488387,0.0,"['mysql', 'aws', 'data warehousing', 'etl', 'data warehouse', 'linux', 'pandas', 'sql', 'python', 'git', 'data pipeline', 'spark', 'postgresql', 'apache spark', 'data pipelines']"
2307,HEALTHCARE,0.14875363384765752,0.21250519121093933,0.0,"['mysql', 'aws', 'data warehousing', 'etl', 'data warehouse', 'linux', 'pandas', 'sql', 'python', 'git', 'data pipeline', 'spark', 'postgresql', 'apache spark', 'data pipelines']"
2308,CONSULTANT,0.14681971561622045,0.20974245088031496,0.0,"['mysql', 'aws', 'data warehousing', 'etl', 'data warehouse', 'linux', 'pandas', 'sql', 'python', 'git', 'data pipeline', 'spark', 'postgresql', 'apache spark', 'data pipelines']"
2309,DESIGNER,0.14681954136731734,0.2097422019533105,0.0,"['mysql', 'aws', 'data warehousing', 'etl', 'data warehouse', 'linux', 'pandas', 'sql', 'python', 'git', 'data pipeline', 'spark', 'postgresql', 'apache spark', 'data pipelines']"
2310,FITNESS,0.1447122052716992,0.20673172181671315,0.0,"['mysql', 'aws', 'data warehousing', 'etl', 'data warehouse', 'linux', 'pandas', 'sql', 'python', 'git', 'data pipeline', 'spark', 'postgresql', 'apache spark', 'data pipelines']"
2311,APPAREL,0.14451377837443838,0.2064482548206263,0.0,"['mysql', 'aws', 'data warehousing', 'etl', 'data warehouse', 'linux', 'pandas', 'sql', 'python', 'git', 'data pipeline', 'spark', 'postgresql', 'apache spark', 'data pipelines']"
2312,CHEF,0.14410980104522508,0.20587114435032156,0.0,"['mysql', 'aws', 'data warehousing', 'etl', 'data warehouse', 'linux', 'pandas', 'sql', 'python', 'git', 'data pipeline', 'spark', 'postgresql', 'apache spark', 'data pipelines']"
2313,DESIGNER,0.14337838437598763,0.20482626339426804,0.0,"['mysql', 'aws', 'data warehousing', 'etl', 'data warehouse', 'linux', 'pandas', 'sql', 'python', 'git', 'data pipeline', 'spark', 'postgresql', 'apache spark', 'data pipelines']"
2314,TEACHER,0.14324429813335768,0.2046347116190824,0.0,"['mysql', 'aws', 'data warehousing', 'etl', 'data warehouse', 'linux', 'pandas', 'sql', 'python', 'git', 'data pipeline', 'spark', 'postgresql', 'apache spark', 'data pipelines']"
2315,DESIGNER,0.1429183871842284,0.2041691245488977,0.0,"['mysql', 'aws', 'data warehousing', 'etl', 'data warehouse', 'linux', 'pandas', 'sql', 'python', 'git', 'data pipeline', 'spark', 'postgresql', 'apache spark', 'data pipelines']"
2316,CHEF,0.14183609241343528,0.2026229891620504,0.0,"['mysql', 'aws', 'data warehousing', 'etl', 'data warehouse', 'linux', 'pandas', 'sql', 'python', 'git', 'data pipeline', 'spark', 'postgresql', 'apache spark', 'data pipelines']"
2317,ARTS,0.14102646855661277,0.20146638365230396,0.0,"['mysql', 'aws', 'data warehousing', 'etl', 'data warehouse', 'linux', 'pandas', 'sql', 'python', 'git', 'data pipeline', 'spark', 'postgresql', 'apache spark', 'data pipelines']"
2318,TEACHER,0.1408035853938246,0.20114797913403515,0.0,"['mysql', 'aws', 'data warehousing', 'etl', 'data warehouse', 'linux', 'pandas', 'sql', 'python', 'git', 'data pipeline', 'spark', 'postgresql', 'apache spark', 'data pipelines']"
2319,BPO,0.14025119057483562,0.20035884367833662,0.0,"['mysql', 'aws', 'data warehousing', 'etl', 'data warehouse', 'linux', 'pandas', 'sql', 'python', 'git', 'data pipeline', 'spark', 'postgresql', 'apache spark', 'data pipelines']"
2320,APPAREL,0.1387663727397066,0.19823767534243802,0.0,"['mysql', 'aws', 'data warehousing', 'etl', 'data warehouse', 'linux', 'pandas', 'sql', 'python', 'git', 'data pipeline', 'spark', 'postgresql', 'apache spark', 'data pipelines']"
2321,BUSINESS-DEVELOPMENT,0.13656969493049662,0.19509956418642374,0.0,"['mysql', 'aws', 'data warehousing', 'etl', 'data warehouse', 'linux', 'pandas', 'sql', 'python', 'git', 'data pipeline', 'spark', 'postgresql', 'apache spark', 'data pipelines']"
2322,ARTS,0.13646625023890518,0.19495178605557886,0.0,"['mysql', 'aws', 'data warehousing', 'etl', 'data warehouse', 'linux', 'pandas', 'sql', 'python', 'git', 'data pipeline', 'spark', 'postgresql', 'apache spark', 'data pipelines']"
2323,CHEF,0.13611441508357724,0.19444916440511037,0.0,"['mysql', 'aws', 'data warehousing', 'etl', 'data warehouse', 'linux', 'pandas', 'sql', 'python', 'git', 'data pipeline', 'spark', 'postgresql', 'apache spark', 'data pipelines']"
2324,CONSTRUCTION,0.1360829651088938,0.1944042358698483,0.0,"['mysql', 'aws', 'data warehousing', 'etl', 'data warehouse', 'linux', 'pandas', 'sql', 'python', 'git', 'data pipeline', 'spark', 'postgresql', 'apache spark', 'data pipelines']"
2325,DESIGNER,0.135900013447923,0.1941428763541757,0.0,"['mysql', 'aws', 'data warehousing', 'etl', 'data warehouse', 'linux', 'pandas', 'sql', 'python', 'git', 'data pipeline', 'spark', 'postgresql', 'apache spark', 'data pipelines']"
2326,PUBLIC-RELATIONS,0.13570030303839745,0.19385757576913923,0.0,"['mysql', 'aws', 'data warehousing', 'etl', 'data warehouse', 'linux', 'pandas', 'sql', 'python', 'git', 'data pipeline', 'spark', 'postgresql', 'apache spark', 'data pipelines']"
2327,DESIGNER,0.13484896767594884,0.19264138239421263,0.0,"['mysql', 'aws', 'data warehousing', 'etl', 'data warehouse', 'linux', 'pandas', 'sql', 'python', 'git', 'data pipeline', 'spark', 'postgresql', 'apache spark', 'data pipelines']"
2328,BANKING,0.13070002682480225,0.1867143240354318,0.0,"['mysql', 'aws', 'data warehousing', 'etl', 'data warehouse', 'linux', 'pandas', 'sql', 'python', 'git', 'data pipeline', 'spark', 'postgresql', 'apache spark', 'data pipelines']"
2329,APPAREL,0.12993977095180687,0.18562824421686697,0.0,"['mysql', 'aws', 'data warehousing', 'etl', 'data warehouse', 'linux', 'pandas', 'sql', 'python', 'git', 'data pipeline', 'spark', 'postgresql', 'apache spark', 'data pipelines']"
2330,ACCOUNTANT,0.1293634440935974,0.18480492013371058,0.0,"['mysql', 'aws', 'data warehousing', 'etl', 'data warehouse', 'linux', 'pandas', 'sql', 'python', 'git', 'data pipeline', 'spark', 'postgresql', 'apache spark', 'data pipelines']"
2331,FINANCE,0.12688199818225734,0.1812599974032248,0.0,"['mysql', 'aws', 'data warehousing', 'etl', 'data warehouse', 'linux', 'pandas', 'sql', 'python', 'git', 'data pipeline', 'spark', 'postgresql', 'apache spark', 'data pipelines']"
2332,ENGINEERING,0.12587844186675712,0.17982634552393875,0.0,"['mysql', 'aws', 'data warehousing', 'etl', 'data warehouse', 'linux', 'pandas', 'sql', 'python', 'git', 'data pipeline', 'spark', 'postgresql', 'apache spark', 'data pipelines']"
2333,BUSINESS-DEVELOPMENT,0.12580701294153185,0.17972430420218835,0.0,"['mysql', 'aws', 'data warehousing', 'etl', 'data warehouse', 'linux', 'pandas', 'sql', 'python', 'git', 'data pipeline', 'spark', 'postgresql', 'apache spark', 'data pipelines']"
2334,ENGINEERING,0.12532586556676104,0.17903695080965862,0.0,"['mysql', 'aws', 'data warehousing', 'etl', 'data warehouse', 'linux', 'pandas', 'sql', 'python', 'git', 'data pipeline', 'spark', 'postgresql', 'apache spark', 'data pipelines']"
2335,CHEF,0.12488954200110566,0.17841363143015096,0.0,"['mysql', 'aws', 'data warehousing', 'etl', 'data warehouse', 'linux', 'pandas', 'sql', 'python', 'git', 'data pipeline', 'spark', 'postgresql', 'apache spark', 'data pipelines']"
2336,BUSINESS-DEVELOPMENT,0.12480511644154135,0.17829302348791623,0.0,"['mysql', 'aws', 'data warehousing', 'etl', 'data warehouse', 'linux', 'pandas', 'sql', 'python', 'git', 'data pipeline', 'spark', 'postgresql', 'apache spark', 'data pipelines']"
2337,APPAREL,0.12454223606222947,0.17791748008889927,0.0,"['mysql', 'aws', 'data warehousing', 'etl', 'data warehouse', 'linux', 'pandas', 'sql', 'python', 'git', 'data pipeline', 'spark', 'postgresql', 'apache spark', 'data pipelines']"
2338,CONSULTANT,0.1239372838082414,0.177053262583202,0.0,"['mysql', 'aws', 'data warehousing', 'etl', 'data warehouse', 'linux', 'pandas', 'sql', 'python', 'git', 'data pipeline', 'spark', 'postgresql', 'apache spark', 'data pipelines']"
2339,HEALTHCARE,0.12373416626983348,0.1767630946711907,0.0,"['mysql', 'aws', 'data warehousing', 'etl', 'data warehouse', 'linux', 'pandas', 'sql', 'python', 'git', 'data pipeline', 'spark', 'postgresql', 'apache spark', 'data pipelines']"
2340,ARTS,0.12367241502235812,0.17667487860336875,0.0,"['mysql', 'aws', 'data warehousing', 'etl', 'data warehouse', 'linux', 'pandas', 'sql', 'python', 'git', 'data pipeline', 'spark', 'postgresql', 'apache spark', 'data pipelines']"
2341,CHEF,0.1236626523621,0.17666093194585716,0.0,"['mysql', 'aws', 'data warehousing', 'etl', 'data warehouse', 'linux', 'pandas', 'sql', 'python', 'git', 'data pipeline', 'spark', 'postgresql', 'apache spark', 'data pipelines']"
2342,HEALTHCARE,0.12362217712283659,0.17660311017548086,0.0,"['mysql', 'aws', 'data warehousing', 'etl', 'data warehouse', 'linux', 'pandas', 'sql', 'python', 'git', 'data pipeline', 'spark', 'postgresql', 'apache spark', 'data pipelines']"
2343,ARTS,0.1230313545892518,0.17575907798464543,0.0,"['mysql', 'aws', 'data warehousing', 'etl', 'data warehouse', 'linux', 'pandas', 'sql', 'python', 'git', 'data pipeline', 'spark', 'postgresql', 'apache spark', 'data pipelines']"
2344,CONSULTANT,0.12270943203862109,0.17529918862660157,0.0,"['mysql', 'aws', 'data warehousing', 'etl', 'data warehouse', 'linux', 'pandas', 'sql', 'python', 'git', 'data pipeline', 'spark', 'postgresql', 'apache spark', 'data pipelines']"
2345,CHEF,0.12246081512786475,0.17494402161123537,0.0,"['mysql', 'aws', 'data warehousing', 'etl', 'data warehouse', 'linux', 'pandas', 'sql', 'python', 'git', 'data pipeline', 'spark', 'postgresql', 'apache spark', 'data pipelines']"
2346,FITNESS,0.12086717161370436,0.17266738801957768,0.0,"['mysql', 'aws', 'data warehousing', 'etl', 'data warehouse', 'linux', 'pandas', 'sql', 'python', 'git', 'data pipeline', 'spark', 'postgresql', 'apache spark', 'data pipelines']"
2347,SALES,0.11981386734596726,0.1711626676370961,0.0,"['mysql', 'aws', 'data warehousing', 'etl', 'data warehouse', 'linux', 'pandas', 'sql', 'python', 'git', 'data pipeline', 'spark', 'postgresql', 'apache spark', 'data pipelines']"
2348,ARTS,0.11850595467922267,0.16929422097031813,0.0,"['mysql', 'aws', 'data warehousing', 'etl', 'data warehouse', 'linux', 'pandas', 'sql', 'python', 'git', 'data pipeline', 'spark', 'postgresql', 'apache spark', 'data pipelines']"
2349,PUBLIC-RELATIONS,0.11840973450407691,0.16915676357725273,0.0,"['mysql', 'aws', 'data warehousing', 'etl', 'data warehouse', 'linux', 'pandas', 'sql', 'python', 'git', 'data pipeline', 'spark', 'postgresql', 'apache spark', 'data pipelines']"
2350,DESIGNER,0.11823768827315727,0.16891098324736753,0.0,"['mysql', 'aws', 'data warehousing', 'etl', 'data warehouse', 'linux', 'pandas', 'sql', 'python', 'git', 'data pipeline', 'spark', 'postgresql', 'apache spark', 'data pipelines']"
2351,BUSINESS-DEVELOPMENT,0.1179777216924726,0.168539602417818,0.0,"['mysql', 'aws', 'data warehousing', 'etl', 'data warehouse', 'linux', 'pandas', 'sql', 'python', 'git', 'data pipeline', 'spark', 'postgresql', 'apache spark', 'data pipelines']"
2352,ENGINEERING,0.11775700183713825,0.16822428833876893,0.0,"['mysql', 'aws', 'data warehousing', 'etl', 'data warehouse', 'linux', 'pandas', 'sql', 'python', 'git', 'data pipeline', 'spark', 'postgresql', 'apache spark', 'data pipelines']"
2353,CHEF,0.11724725167261867,0.16749607381802667,0.0,"['mysql', 'aws', 'data warehousing', 'etl', 'data warehouse', 'linux', 'pandas', 'sql', 'python', 'git', 'data pipeline', 'spark', 'postgresql', 'apache spark', 'data pipelines']"
2354,FINANCE,0.11554384775523041,0.16506263965032916,0.0,"['mysql', 'aws', 'data warehousing', 'etl', 'data warehouse', 'linux', 'pandas', 'sql', 'python', 'git', 'data pipeline', 'spark', 'postgresql', 'apache spark', 'data pipelines']"
2355,TEACHER,0.1153994748726383,0.16485639267519758,0.0,"['mysql', 'aws', 'data warehousing', 'etl', 'data warehouse', 'linux', 'pandas', 'sql', 'python', 'git', 'data pipeline', 'spark', 'postgresql', 'apache spark', 'data pipelines']"
2356,CHEF,0.11538600539506798,0.16483715056438283,0.0,"['mysql', 'aws', 'data warehousing', 'etl', 'data warehouse', 'linux', 'pandas', 'sql', 'python', 'git', 'data pipeline', 'spark', 'postgresql', 'apache spark', 'data pipelines']"
2357,CONSULTANT,0.11488100053725551,0.16411571505322217,0.0,"['mysql', 'aws', 'data warehousing', 'etl', 'data warehouse', 'linux', 'pandas', 'sql', 'python', 'git', 'data pipeline', 'spark', 'postgresql', 'apache spark', 'data pipelines']"
2358,AVIATION,0.11484666778813833,0.16406666826876906,0.0,"['mysql', 'aws', 'data warehousing', 'etl', 'data warehouse', 'linux', 'pandas', 'sql', 'python', 'git', 'data pipeline', 'spark', 'postgresql', 'apache spark', 'data pipelines']"
2359,FITNESS,0.11468118960831543,0.16383027086902205,0.0,"['mysql', 'aws', 'data warehousing', 'etl', 'data warehouse', 'linux', 'pandas', 'sql', 'python', 'git', 'data pipeline', 'spark', 'postgresql', 'apache spark', 'data pipelines']"
2360,FITNESS,0.11440567761612482,0.16343668230874975,0.0,"['mysql', 'aws', 'data warehousing', 'etl', 'data warehouse', 'linux', 'pandas', 'sql', 'python', 'git', 'data pipeline', 'spark', 'postgresql', 'apache spark', 'data pipelines']"
2361,HEALTHCARE,0.11214393277118792,0.16020561824455418,0.0,"['mysql', 'aws', 'data warehousing', 'etl', 'data warehouse', 'linux', 'pandas', 'sql', 'python', 'git', 'data pipeline', 'spark', 'postgresql', 'apache spark', 'data pipelines']"
2362,ARTS,0.11201672317722415,0.16002389025317737,0.0,"['mysql', 'aws', 'data warehousing', 'etl', 'data warehouse', 'linux', 'pandas', 'sql', 'python', 'git', 'data pipeline', 'spark', 'postgresql', 'apache spark', 'data pipelines']"
2363,BUSINESS-DEVELOPMENT,0.11178814130115937,0.15969734471594196,0.0,"['mysql', 'aws', 'data warehousing', 'etl', 'data warehouse', 'linux', 'pandas', 'sql', 'python', 'git', 'data pipeline', 'spark', 'postgresql', 'apache spark', 'data pipelines']"
2364,FITNESS,0.11139763448657639,0.15913947783796628,0.0,"['mysql', 'aws', 'data warehousing', 'etl', 'data warehouse', 'linux', 'pandas', 'sql', 'python', 'git', 'data pipeline', 'spark', 'postgresql', 'apache spark', 'data pipelines']"
2365,DESIGNER,0.11042748642902694,0.15775355204146707,0.0,"['mysql', 'aws', 'data warehousing', 'etl', 'data warehouse', 'linux', 'pandas', 'sql', 'python', 'git', 'data pipeline', 'spark', 'postgresql', 'apache spark', 'data pipelines']"
2366,APPAREL,0.10991825091207817,0.15702607273154026,0.0,"['mysql', 'aws', 'data warehousing', 'etl', 'data warehouse', 'linux', 'pandas', 'sql', 'python', 'git', 'data pipeline', 'spark', 'postgresql', 'apache spark', 'data pipelines']"
2367,TEACHER,0.10946324720323698,0.1563760674331957,0.0,"['mysql', 'aws', 'data warehousing', 'etl', 'data warehouse', 'linux', 'pandas', 'sql', 'python', 'git', 'data pipeline', 'spark', 'postgresql', 'apache spark', 'data pipelines']"
2368,AGRICULTURE,0.10919711683814586,0.15599588119735122,0.0,"['mysql', 'aws', 'data warehousing', 'etl', 'data warehouse', 'linux', 'pandas', 'sql', 'python', 'git', 'data pipeline', 'spark', 'postgresql', 'apache spark', 'data pipelines']"
2369,PUBLIC-RELATIONS,0.10861802835785421,0.15516861193979173,0.0,"['mysql', 'aws', 'data warehousing', 'etl', 'data warehouse', 'linux', 'pandas', 'sql', 'python', 'git', 'data pipeline', 'spark', 'postgresql', 'apache spark', 'data pipelines']"
2370,CONSULTANT,0.10851571066192159,0.15502244380274513,0.0,"['mysql', 'aws', 'data warehousing', 'etl', 'data warehouse', 'linux', 'pandas', 'sql', 'python', 'git', 'data pipeline', 'spark', 'postgresql', 'apache spark', 'data pipelines']"
2371,DESIGNER,0.10726070403695008,0.15322957719564298,0.0,"['mysql', 'aws', 'data warehousing', 'etl', 'data warehouse', 'linux', 'pandas', 'sql', 'python', 'git', 'data pipeline', 'spark', 'postgresql', 'apache spark', 'data pipelines']"
2372,DESIGNER,0.10715567211836151,0.1530795315976593,0.0,"['mysql', 'aws', 'data warehousing', 'etl', 'data warehouse', 'linux', 'pandas', 'sql', 'python', 'git', 'data pipeline', 'spark', 'postgresql', 'apache spark', 'data pipelines']"
2373,AGRICULTURE,0.10702608732645663,0.15289441046636662,0.0,"['mysql', 'aws', 'data warehousing', 'etl', 'data warehouse', 'linux', 'pandas', 'sql', 'python', 'git', 'data pipeline', 'spark', 'postgresql', 'apache spark', 'data pipelines']"
2374,FITNESS,0.10662625883151473,0.1523232269021639,0.0,"['mysql', 'aws', 'data warehousing', 'etl', 'data warehouse', 'linux', 'pandas', 'sql', 'python', 'git', 'data pipeline', 'spark', 'postgresql', 'apache spark', 'data pipelines']"
2375,TEACHER,0.1056153386864048,0.15087905526629258,0.0,"['mysql', 'aws', 'data warehousing', 'etl', 'data warehouse', 'linux', 'pandas', 'sql', 'python', 'git', 'data pipeline', 'spark', 'postgresql', 'apache spark', 'data pipelines']"
2376,ACCOUNTANT,0.10465385356676948,0.149505505095385,0.0,"['mysql', 'aws', 'data warehousing', 'etl', 'data warehouse', 'linux', 'pandas', 'sql', 'python', 'git', 'data pipeline', 'spark', 'postgresql', 'apache spark', 'data pipelines']"
2377,ENGINEERING,0.10398360967268713,0.1485480138181245,0.0,"['mysql', 'aws', 'data warehousing', 'etl', 'data warehouse', 'linux', 'pandas', 'sql', 'python', 'git', 'data pipeline', 'spark', 'postgresql', 'apache spark', 'data pipelines']"
2378,FITNESS,0.10320399735754063,0.14743428193934377,0.0,"['mysql', 'aws', 'data warehousing', 'etl', 'data warehouse', 'linux', 'pandas', 'sql', 'python', 'git', 'data pipeline', 'spark', 'postgresql', 'apache spark', 'data pipelines']"
2379,FITNESS,0.10261884016940327,0.14659834309914754,0.0,"['mysql', 'aws', 'data warehousing', 'etl', 'data warehouse', 'linux', 'pandas', 'sql', 'python', 'git', 'data pipeline', 'spark', 'postgresql', 'apache spark', 'data pipelines']"
2380,PUBLIC-RELATIONS,0.10229485533491973,0.14613550762131391,0.0,"['mysql', 'aws', 'data warehousing', 'etl', 'data warehouse', 'linux', 'pandas', 'sql', 'python', 'git', 'data pipeline', 'spark', 'postgresql', 'apache spark', 'data pipelines']"
2381,DESIGNER,0.1006076853208929,0.14372526474413272,0.0,"['mysql', 'aws', 'data warehousing', 'etl', 'data warehouse', 'linux', 'pandas', 'sql', 'python', 'git', 'data pipeline', 'spark', 'postgresql', 'apache spark', 'data pipelines']"
2382,FITNESS,0.09957284485929238,0.14224692122756055,0.0,"['mysql', 'aws', 'data warehousing', 'etl', 'data warehouse', 'linux', 'pandas', 'sql', 'python', 'git', 'data pipeline', 'spark', 'postgresql', 'apache spark', 'data pipelines']"
2383,CHEF,0.09938148806582642,0.14197355437975204,0.0,"['mysql', 'aws', 'data warehousing', 'etl', 'data warehouse', 'linux', 'pandas', 'sql', 'python', 'git', 'data pipeline', 'spark', 'postgresql', 'apache spark', 'data pipelines']"
2384,SALES,0.09916266297562656,0.14166094710803795,0.0,"['mysql', 'aws', 'data warehousing', 'etl', 'data warehouse', 'linux', 'pandas', 'sql', 'python', 'git', 'data pipeline', 'spark', 'postgresql', 'apache spark', 'data pipelines']"
2385,ENGINEERING,0.09888226206714024,0.14126037438162892,0.0,"['mysql', 'aws', 'data warehousing', 'etl', 'data warehouse', 'linux', 'pandas', 'sql', 'python', 'git', 'data pipeline', 'spark', 'postgresql', 'apache spark', 'data pipelines']"
2386,TEACHER,0.09839637402477519,0.1405662486068217,0.0,"['mysql', 'aws', 'data warehousing', 'etl', 'data warehouse', 'linux', 'pandas', 'sql', 'python', 'git', 'data pipeline', 'spark', 'postgresql', 'apache spark', 'data pipelines']"
2387,FITNESS,0.09807479467304506,0.14010684953292152,0.0,"['mysql', 'aws', 'data warehousing', 'etl', 'data warehouse', 'linux', 'pandas', 'sql', 'python', 'git', 'data pipeline', 'spark', 'postgresql', 'apache spark', 'data pipelines']"
2388,AUTOMOBILE,0.09708370650853965,0.13869100929791378,0.0,"['mysql', 'aws', 'data warehousing', 'etl', 'data warehouse', 'linux', 'pandas', 'sql', 'python', 'git', 'data pipeline', 'spark', 'postgresql', 'apache spark', 'data pipelines']"
2389,PUBLIC-RELATIONS,0.09693764416824645,0.13848234881178065,0.0,"['mysql', 'aws', 'data warehousing', 'etl', 'data warehouse', 'linux', 'pandas', 'sql', 'python', 'git', 'data pipeline', 'spark', 'postgresql', 'apache spark', 'data pipelines']"
2390,BUSINESS-DEVELOPMENT,0.09608750452478777,0.13726786360683968,0.0,"['mysql', 'aws', 'data warehousing', 'etl', 'data warehouse', 'linux', 'pandas', 'sql', 'python', 'git', 'data pipeline', 'spark', 'postgresql', 'apache spark', 'data pipelines']"
2391,AVIATION,0.09509846349736721,0.13585494785338173,0.0,"['mysql', 'aws', 'data warehousing', 'etl', 'data warehouse', 'linux', 'pandas', 'sql', 'python', 'git', 'data pipeline', 'spark', 'postgresql', 'apache spark', 'data pipelines']"
2392,ADVOCATE,0.09470340973418512,0.13529058533455018,0.0,"['mysql', 'aws', 'data warehousing', 'etl', 'data warehouse', 'linux', 'pandas', 'sql', 'python', 'git', 'data pipeline', 'spark', 'postgresql', 'apache spark', 'data pipelines']"
2393,FINANCE,0.09424542873810215,0.13463632676871737,0.0,"['mysql', 'aws', 'data warehousing', 'etl', 'data warehouse', 'linux', 'pandas', 'sql', 'python', 'git', 'data pipeline', 'spark', 'postgresql', 'apache spark', 'data pipelines']"
2394,APPAREL,0.09198350459765486,0.13140500656807838,0.0,"['mysql', 'aws', 'data warehousing', 'etl', 'data warehouse', 'linux', 'pandas', 'sql', 'python', 'git', 'data pipeline', 'spark', 'postgresql', 'apache spark', 'data pipelines']"
2395,BANKING,0.0918603764175491,0.1312291091679273,0.0,"['mysql', 'aws', 'data warehousing', 'etl', 'data warehouse', 'linux', 'pandas', 'sql', 'python', 'git', 'data pipeline', 'spark', 'postgresql', 'apache spark', 'data pipelines']"
2396,ADVOCATE,0.09178808273739889,0.1311258324819984,0.0,"['mysql', 'aws', 'data warehousing', 'etl', 'data warehouse', 'linux', 'pandas', 'sql', 'python', 'git', 'data pipeline', 'spark', 'postgresql', 'apache spark', 'data pipelines']"
2397,FITNESS,0.09130629693917032,0.1304375670559576,0.0,"['mysql', 'aws', 'data warehousing', 'etl', 'data warehouse', 'linux', 'pandas', 'sql', 'python', 'git', 'data pipeline', 'spark', 'postgresql', 'apache spark', 'data pipelines']"
2398,CHEF,0.09109241060022591,0.13013201514317987,0.0,"['mysql', 'aws', 'data warehousing', 'etl', 'data warehouse', 'linux', 'pandas', 'sql', 'python', 'git', 'data pipeline', 'spark', 'postgresql', 'apache spark', 'data pipelines']"
2399,CHEF,0.09041066353543839,0.129158090764912,0.0,"['mysql', 'aws', 'data warehousing', 'etl', 'data warehouse', 'linux', 'pandas', 'sql', 'python', 'git', 'data pipeline', 'spark', 'postgresql', 'apache spark', 'data pipelines']"
2400,SALES,0.09016024430908892,0.12880034901298418,0.0,"['mysql', 'aws', 'data warehousing', 'etl', 'data warehouse', 'linux', 'pandas', 'sql', 'python', 'git', 'data pipeline', 'spark', 'postgresql', 'apache spark', 'data pipelines']"
2401,BUSINESS-DEVELOPMENT,0.08978215860665997,0.12826022658094283,0.0,"['mysql', 'aws', 'data warehousing', 'etl', 'data warehouse', 'linux', 'pandas', 'sql', 'python', 'git', 'data pipeline', 'spark', 'postgresql', 'apache spark', 'data pipelines']"
2402,CHEF,0.08939538325853938,0.127707690369342,0.0,"['mysql', 'aws', 'data warehousing', 'etl', 'data warehouse', 'linux', 'pandas', 'sql', 'python', 'git', 'data pipeline', 'spark', 'postgresql', 'apache spark', 'data pipelines']"
2403,TEACHER,0.0877378797786148,0.12533982825516402,0.0,"['mysql', 'aws', 'data warehousing', 'etl', 'data warehouse', 'linux', 'pandas', 'sql', 'python', 'git', 'data pipeline', 'spark', 'postgresql', 'apache spark', 'data pipelines']"
2404,CHEF,0.08660372322325686,0.12371960460465267,0.0,"['mysql', 'aws', 'data warehousing', 'etl', 'data warehouse', 'linux', 'pandas', 'sql', 'python', 'git', 'data pipeline', 'spark', 'postgresql', 'apache spark', 'data pipelines']"
2405,SALES,0.08504390479069818,0.12149129255814026,0.0,"['mysql', 'aws', 'data warehousing', 'etl', 'data warehouse', 'linux', 'pandas', 'sql', 'python', 'git', 'data pipeline', 'spark', 'postgresql', 'apache spark', 'data pipelines']"
2406,ACCOUNTANT,0.08409636753219975,0.1201376679031425,0.0,"['mysql', 'aws', 'data warehousing', 'etl', 'data warehouse', 'linux', 'pandas', 'sql', 'python', 'git', 'data pipeline', 'spark', 'postgresql', 'apache spark', 'data pipelines']"
2407,APPAREL,0.08369998309803453,0.11957140442576362,0.0,"['mysql', 'aws', 'data warehousing', 'etl', 'data warehouse', 'linux', 'pandas', 'sql', 'python', 'git', 'data pipeline', 'spark', 'postgresql', 'apache spark', 'data pipelines']"
2408,AGRICULTURE,0.08299979158177939,0.11857113083111342,0.0,"['mysql', 'aws', 'data warehousing', 'etl', 'data warehouse', 'linux', 'pandas', 'sql', 'python', 'git', 'data pipeline', 'spark', 'postgresql', 'apache spark', 'data pipelines']"
2409,TEACHER,0.08158254734449086,0.11654649620641551,0.0,"['mysql', 'aws', 'data warehousing', 'etl', 'data warehouse', 'linux', 'pandas', 'sql', 'python', 'git', 'data pipeline', 'spark', 'postgresql', 'apache spark', 'data pipelines']"
2410,ARTS,0.08142584004007342,0.11632262862867632,0.0,"['mysql', 'aws', 'data warehousing', 'etl', 'data warehouse', 'linux', 'pandas', 'sql', 'python', 'git', 'data pipeline', 'spark', 'postgresql', 'apache spark', 'data pipelines']"
2411,ACCOUNTANT,0.0812011037441443,0.11600157677734901,0.0,"['mysql', 'aws', 'data warehousing', 'etl', 'data warehouse', 'linux', 'pandas', 'sql', 'python', 'git', 'data pipeline', 'spark', 'postgresql', 'apache spark', 'data pipelines']"
2412,BANKING,0.08099049011710663,0.11570070016729518,0.0,"['mysql', 'aws', 'data warehousing', 'etl', 'data warehouse', 'linux', 'pandas', 'sql', 'python', 'git', 'data pipeline', 'spark', 'postgresql', 'apache spark', 'data pipelines']"
2413,AUTOMOBILE,0.0794960169480777,0.11356573849725386,0.0,"['mysql', 'aws', 'data warehousing', 'etl', 'data warehouse', 'linux', 'pandas', 'sql', 'python', 'git', 'data pipeline', 'spark', 'postgresql', 'apache spark', 'data pipelines']"
2414,HR,0.07894440127501606,0.11277771610716582,0.0,"['mysql', 'aws', 'data warehousing', 'etl', 'data warehouse', 'linux', 'pandas', 'sql', 'python', 'git', 'data pipeline', 'spark', 'postgresql', 'apache spark', 'data pipelines']"
2415,TEACHER,0.07891294427397426,0.11273277753424894,0.0,"['mysql', 'aws', 'data warehousing', 'etl', 'data warehouse', 'linux', 'pandas', 'sql', 'python', 'git', 'data pipeline', 'spark', 'postgresql', 'apache spark', 'data pipelines']"
2416,HEALTHCARE,0.07879582456266022,0.11256546366094318,0.0,"['mysql', 'aws', 'data warehousing', 'etl', 'data warehouse', 'linux', 'pandas', 'sql', 'python', 'git', 'data pipeline', 'spark', 'postgresql', 'apache spark', 'data pipelines']"
2417,TEACHER,0.07851607350732151,0.1121658192961736,0.0,"['mysql', 'aws', 'data warehousing', 'etl', 'data warehouse', 'linux', 'pandas', 'sql', 'python', 'git', 'data pipeline', 'spark', 'postgresql', 'apache spark', 'data pipelines']"
2418,FINANCE,0.07800816004591761,0.11144022863702517,0.0,"['mysql', 'aws', 'data warehousing', 'etl', 'data warehouse', 'linux', 'pandas', 'sql', 'python', 'git', 'data pipeline', 'spark', 'postgresql', 'apache spark', 'data pipelines']"
2419,AUTOMOBILE,0.07747696211945704,0.11068137445636721,0.0,"['mysql', 'aws', 'data warehousing', 'etl', 'data warehouse', 'linux', 'pandas', 'sql', 'python', 'git', 'data pipeline', 'spark', 'postgresql', 'apache spark', 'data pipelines']"
2420,HR,0.0771804289727932,0.11025775567541887,0.0,"['mysql', 'aws', 'data warehousing', 'etl', 'data warehouse', 'linux', 'pandas', 'sql', 'python', 'git', 'data pipeline', 'spark', 'postgresql', 'apache spark', 'data pipelines']"
2421,TEACHER,0.07712277809369109,0.11017539727670156,0.0,"['mysql', 'aws', 'data warehousing', 'etl', 'data warehouse', 'linux', 'pandas', 'sql', 'python', 'git', 'data pipeline', 'spark', 'postgresql', 'apache spark', 'data pipelines']"
2422,BUSINESS-DEVELOPMENT,0.07675223410000678,0.10964604871429541,0.0,"['mysql', 'aws', 'data warehousing', 'etl', 'data warehouse', 'linux', 'pandas', 'sql', 'python', 'git', 'data pipeline', 'spark', 'postgresql', 'apache spark', 'data pipelines']"
2423,FINANCE,0.07673105187260504,0.10961578838943577,0.0,"['mysql', 'aws', 'data warehousing', 'etl', 'data warehouse', 'linux', 'pandas', 'sql', 'python', 'git', 'data pipeline', 'spark', 'postgresql', 'apache spark', 'data pipelines']"
2424,CHEF,0.0763008391862469,0.10900119883749558,0.0,"['mysql', 'aws', 'data warehousing', 'etl', 'data warehouse', 'linux', 'pandas', 'sql', 'python', 'git', 'data pipeline', 'spark', 'postgresql', 'apache spark', 'data pipelines']"
2425,ACCOUNTANT,0.0756209708924982,0.10802995841785457,0.0,"['mysql', 'aws', 'data warehousing', 'etl', 'data warehouse', 'linux', 'pandas', 'sql', 'python', 'git', 'data pipeline', 'spark', 'postgresql', 'apache spark', 'data pipelines']"
2426,APPAREL,0.07514298216860991,0.10734711738372846,0.0,"['mysql', 'aws', 'data warehousing', 'etl', 'data warehouse', 'linux', 'pandas', 'sql', 'python', 'git', 'data pipeline', 'spark', 'postgresql', 'apache spark', 'data pipelines']"
2427,CHEF,0.07502956411335794,0.10718509159051136,0.0,"['mysql', 'aws', 'data warehousing', 'etl', 'data warehouse', 'linux', 'pandas', 'sql', 'python', 'git', 'data pipeline', 'spark', 'postgresql', 'apache spark', 'data pipelines']"
2428,CONSTRUCTION,0.07499664060000048,0.1071380580000007,0.0,"['mysql', 'aws', 'data warehousing', 'etl', 'data warehouse', 'linux', 'pandas', 'sql', 'python', 'git', 'data pipeline', 'spark', 'postgresql', 'apache spark', 'data pipelines']"
2429,CONSTRUCTION,0.07491163735935584,0.10701662479907978,0.0,"['mysql', 'aws', 'data warehousing', 'etl', 'data warehouse', 'linux', 'pandas', 'sql', 'python', 'git', 'data pipeline', 'spark', 'postgresql', 'apache spark', 'data pipelines']"
2430,CHEF,0.07434708565265577,0.10621012236093683,0.0,"['mysql', 'aws', 'data warehousing', 'etl', 'data warehouse', 'linux', 'pandas', 'sql', 'python', 'git', 'data pipeline', 'spark', 'postgresql', 'apache spark', 'data pipelines']"
2431,APPAREL,0.07378158076903588,0.10540225824147982,0.0,"['mysql', 'aws', 'data warehousing', 'etl', 'data warehouse', 'linux', 'pandas', 'sql', 'python', 'git', 'data pipeline', 'spark', 'postgresql', 'apache spark', 'data pipelines']"
2432,ACCOUNTANT,0.07253750259742324,0.10362500371060464,0.0,"['mysql', 'aws', 'data warehousing', 'etl', 'data warehouse', 'linux', 'pandas', 'sql', 'python', 'git', 'data pipeline', 'spark', 'postgresql', 'apache spark', 'data pipelines']"
2433,CHEF,0.0723864226873193,0.10340917526759902,0.0,"['mysql', 'aws', 'data warehousing', 'etl', 'data warehouse', 'linux', 'pandas', 'sql', 'python', 'git', 'data pipeline', 'spark', 'postgresql', 'apache spark', 'data pipelines']"
2434,TEACHER,0.07237444688256116,0.10339206697508738,0.0,"['mysql', 'aws', 'data warehousing', 'etl', 'data warehouse', 'linux', 'pandas', 'sql', 'python', 'git', 'data pipeline', 'spark', 'postgresql', 'apache spark', 'data pipelines']"
2435,ADVOCATE,0.07005629232680757,0.10008041760972511,0.0,"['mysql', 'aws', 'data warehousing', 'etl', 'data warehouse', 'linux', 'pandas', 'sql', 'python', 'git', 'data pipeline', 'spark', 'postgresql', 'apache spark', 'data pipelines']"
2436,TEACHER,0.06874415773250102,0.0982059396178586,0.0,"['mysql', 'aws', 'data warehousing', 'etl', 'data warehouse', 'linux', 'pandas', 'sql', 'python', 'git', 'data pipeline', 'spark', 'postgresql', 'apache spark', 'data pipelines']"
2437,CHEF,0.06821760956877526,0.09745372795539324,0.0,"['mysql', 'aws', 'data warehousing', 'etl', 'data warehouse', 'linux', 'pandas', 'sql', 'python', 'git', 'data pipeline', 'spark', 'postgresql', 'apache spark', 'data pipelines']"
2438,FITNESS,0.06819486029230269,0.09742122898900385,0.0,"['mysql', 'aws', 'data warehousing', 'etl', 'data warehouse', 'linux', 'pandas', 'sql', 'python', 'git', 'data pipeline', 'spark', 'postgresql', 'apache spark', 'data pipelines']"
2439,PUBLIC-RELATIONS,0.0679396375308459,0.09705662504406558,0.0,"['mysql', 'aws', 'data warehousing', 'etl', 'data warehouse', 'linux', 'pandas', 'sql', 'python', 'git', 'data pipeline', 'spark', 'postgresql', 'apache spark', 'data pipelines']"
2440,DESIGNER,0.06647815063445645,0.09496878662065207,0.0,"['mysql', 'aws', 'data warehousing', 'etl', 'data warehouse', 'linux', 'pandas', 'sql', 'python', 'git', 'data pipeline', 'spark', 'postgresql', 'apache spark', 'data pipelines']"
2441,TEACHER,0.06629597249479954,0.09470853213542792,0.0,"['mysql', 'aws', 'data warehousing', 'etl', 'data warehouse', 'linux', 'pandas', 'sql', 'python', 'git', 'data pipeline', 'spark', 'postgresql', 'apache spark', 'data pipelines']"
2442,TEACHER,0.06556523196771727,0.09366461709673896,0.0,"['mysql', 'aws', 'data warehousing', 'etl', 'data warehouse', 'linux', 'pandas', 'sql', 'python', 'git', 'data pipeline', 'spark', 'postgresql', 'apache spark', 'data pipelines']"
2443,BPO,0.06515985153855398,0.09308550219793427,0.0,"['mysql', 'aws', 'data warehousing', 'etl', 'data warehouse', 'linux', 'pandas', 'sql', 'python', 'git', 'data pipeline', 'spark', 'postgresql', 'apache spark', 'data pipelines']"
2444,TEACHER,0.0646169423150573,0.092309917592939,0.0,"['mysql', 'aws', 'data warehousing', 'etl', 'data warehouse', 'linux', 'pandas', 'sql', 'python', 'git', 'data pipeline', 'spark', 'postgresql', 'apache spark', 'data pipelines']"
2445,ACCOUNTANT,0.06444739268457358,0.09206770383510512,0.0,"['mysql', 'aws', 'data warehousing', 'etl', 'data warehouse', 'linux', 'pandas', 'sql', 'python', 'git', 'data pipeline', 'spark', 'postgresql', 'apache spark', 'data pipelines']"
2446,AUTOMOBILE,0.06437907919948944,0.09197011314212779,0.0,"['mysql', 'aws', 'data warehousing', 'etl', 'data warehouse', 'linux', 'pandas', 'sql', 'python', 'git', 'data pipeline', 'spark', 'postgresql', 'apache spark', 'data pipelines']"
2447,FITNESS,0.0638110985680268,0.0911587122400383,0.0,"['mysql', 'aws', 'data warehousing', 'etl', 'data warehouse', 'linux', 'pandas', 'sql', 'python', 'git', 'data pipeline', 'spark', 'postgresql', 'apache spark', 'data pipelines']"
2448,FITNESS,0.06343194973077397,0.09061707104396281,0.0,"['mysql', 'aws', 'data warehousing', 'etl', 'data warehouse', 'linux', 'pandas', 'sql', 'python', 'git', 'data pipeline', 'spark', 'postgresql', 'apache spark', 'data pipelines']"
2449,ARTS,0.06284316946308337,0.0897759563758334,0.0,"['mysql', 'aws', 'data warehousing', 'etl', 'data warehouse', 'linux', 'pandas', 'sql', 'python', 'git', 'data pipeline', 'spark', 'postgresql', 'apache spark', 'data pipelines']"
2450,CHEF,0.061486710899688775,0.08783815842812683,0.0,"['mysql', 'aws', 'data warehousing', 'etl', 'data warehouse', 'linux', 'pandas', 'sql', 'python', 'git', 'data pipeline', 'spark', 'postgresql', 'apache spark', 'data pipelines']"
2451,APPAREL,0.061462307061477504,0.08780329580211073,0.0,"['mysql', 'aws', 'data warehousing', 'etl', 'data warehouse', 'linux', 'pandas', 'sql', 'python', 'git', 'data pipeline', 'spark', 'postgresql', 'apache spark', 'data pipelines']"
2452,DESIGNER,0.06121539837488667,0.08745056910698096,0.0,"['mysql', 'aws', 'data warehousing', 'etl', 'data warehouse', 'linux', 'pandas', 'sql', 'python', 'git', 'data pipeline', 'spark', 'postgresql', 'apache spark', 'data pipelines']"
2453,CONSULTANT,0.06076095736172491,0.08680136765960703,0.0,"['mysql', 'aws', 'data warehousing', 'etl', 'data warehouse', 'linux', 'pandas', 'sql', 'python', 'git', 'data pipeline', 'spark', 'postgresql', 'apache spark', 'data pipelines']"
2454,FITNESS,0.06019009535069996,0.08598585050099995,0.0,"['mysql', 'aws', 'data warehousing', 'etl', 'data warehouse', 'linux', 'pandas', 'sql', 'python', 'git', 'data pipeline', 'spark', 'postgresql', 'apache spark', 'data pipelines']"
2455,CONSTRUCTION,0.059872210893163365,0.08553172984737624,0.0,"['mysql', 'aws', 'data warehousing', 'etl', 'data warehouse', 'linux', 'pandas', 'sql', 'python', 'git', 'data pipeline', 'spark', 'postgresql', 'apache spark', 'data pipelines']"
2456,FITNESS,0.05805273150229845,0.08293247357471208,0.0,"['mysql', 'aws', 'data warehousing', 'etl', 'data warehouse', 'linux', 'pandas', 'sql', 'python', 'git', 'data pipeline', 'spark', 'postgresql', 'apache spark', 'data pipelines']"
2457,PUBLIC-RELATIONS,0.05796476451893907,0.08280680645562724,0.0,"['mysql', 'aws', 'data warehousing', 'etl', 'data warehouse', 'linux', 'pandas', 'sql', 'python', 'git', 'data pipeline', 'spark', 'postgresql', 'apache spark', 'data pipelines']"
2458,APPAREL,0.05683388955483768,0.08119127079262527,0.0,"['mysql', 'aws', 'data warehousing', 'etl', 'data warehouse', 'linux', 'pandas', 'sql', 'python', 'git', 'data pipeline', 'spark', 'postgresql', 'apache spark', 'data pipelines']"
2459,BUSINESS-DEVELOPMENT,0.055740856363674485,0.07962979480524927,0.0,"['mysql', 'aws', 'data warehousing', 'etl', 'data warehouse', 'linux', 'pandas', 'sql', 'python', 'git', 'data pipeline', 'spark', 'postgresql', 'apache spark', 'data pipelines']"
2460,BUSINESS-DEVELOPMENT,0.05431452333910121,0.07759217619871601,0.0,"['mysql', 'aws', 'data warehousing', 'etl', 'data warehouse', 'linux', 'pandas', 'sql', 'python', 'git', 'data pipeline', 'spark', 'postgresql', 'apache spark', 'data pipelines']"
2461,DESIGNER,0.05374625467282845,0.07678036381832637,0.0,"['mysql', 'aws', 'data warehousing', 'etl', 'data warehouse', 'linux', 'pandas', 'sql', 'python', 'git', 'data pipeline', 'spark', 'postgresql', 'apache spark', 'data pipelines']"
2462,BANKING,0.052925637947592315,0.07560805421084617,0.0,"['mysql', 'aws', 'data warehousing', 'etl', 'data warehouse', 'linux', 'pandas', 'sql', 'python', 'git', 'data pipeline', 'spark', 'postgresql', 'apache spark', 'data pipelines']"
2463,ENGINEERING,0.051449846982816065,0.07349978140402295,0.0,"['mysql', 'aws', 'data warehousing', 'etl', 'data warehouse', 'linux', 'pandas', 'sql', 'python', 'git', 'data pipeline', 'spark', 'postgresql', 'apache spark', 'data pipelines']"
2464,AVIATION,0.050055342497743564,0.07150763213963367,0.0,"['mysql', 'aws', 'data warehousing', 'etl', 'data warehouse', 'linux', 'pandas', 'sql', 'python', 'git', 'data pipeline', 'spark', 'postgresql', 'apache spark', 'data pipelines']"
2465,BUSINESS-DEVELOPMENT,0.04886937960808824,0.06981339944012606,0.0,"['mysql', 'aws', 'data warehousing', 'etl', 'data warehouse', 'linux', 'pandas', 'sql', 'python', 'git', 'data pipeline', 'spark', 'postgresql', 'apache spark', 'data pipelines']"
2466,FITNESS,0.04775375268505058,0.0682196466929294,0.0,"['mysql', 'aws', 'data warehousing', 'etl', 'data warehouse', 'linux', 'pandas', 'sql', 'python', 'git', 'data pipeline', 'spark', 'postgresql', 'apache spark', 'data pipelines']"
2467,BANKING,0.04737480428116183,0.06767829183023119,0.0,"['mysql', 'aws', 'data warehousing', 'etl', 'data warehouse', 'linux', 'pandas', 'sql', 'python', 'git', 'data pipeline', 'spark', 'postgresql', 'apache spark', 'data pipelines']"
2468,CONSULTANT,0.046280366328522025,0.06611480904074575,0.0,"['mysql', 'aws', 'data warehousing', 'etl', 'data warehouse', 'linux', 'pandas', 'sql', 'python', 'git', 'data pipeline', 'spark', 'postgresql', 'apache spark', 'data pipelines']"
2469,BUSINESS-DEVELOPMENT,0.042884184516444525,0.06126312073777789,0.0,"['mysql', 'aws', 'data warehousing', 'etl', 'data warehouse', 'linux', 'pandas', 'sql', 'python', 'git', 'data pipeline', 'spark', 'postgresql', 'apache spark', 'data pipelines']"
2470,TEACHER,0.03635231442813018,0.051931877754471695,0.0,"['mysql', 'aws', 'data warehousing', 'etl', 'data warehouse', 'linux', 'pandas', 'sql', 'python', 'git', 'data pipeline', 'spark', 'postgresql', 'apache spark', 'data pipelines']"
2471,DESIGNER,0.03562883852536625,0.05089834075052322,0.0,"['mysql', 'aws', 'data warehousing', 'etl', 'data warehouse', 'linux', 'pandas', 'sql', 'python', 'git', 'data pipeline', 'spark', 'postgresql', 'apache spark', 'data pipelines']"
2472,CONSTRUCTION,0.035189662765518936,0.050270946807884194,0.0,"['mysql', 'aws', 'data warehousing', 'etl', 'data warehouse', 'linux', 'pandas', 'sql', 'python', 'git', 'data pipeline', 'spark', 'postgresql', 'apache spark', 'data pipelines']"
2473,FITNESS,0.0351772121298754,0.05025316018553629,0.0,"['mysql', 'aws', 'data warehousing', 'etl', 'data warehouse', 'linux', 'pandas', 'sql', 'python', 'git', 'data pipeline', 'spark', 'postgresql', 'apache spark', 'data pipelines']"
2474,PUBLIC-RELATIONS,0.03510704304227706,0.050152918631824375,0.0,"['mysql', 'aws', 'data warehousing', 'etl', 'data warehouse', 'linux', 'pandas', 'sql', 'python', 'git', 'data pipeline', 'spark', 'postgresql', 'apache spark', 'data pipelines']"
2475,APPAREL,0.033857909419389175,0.04836844202769882,0.0,"['mysql', 'aws', 'data warehousing', 'etl', 'data warehouse', 'linux', 'pandas', 'sql', 'python', 'git', 'data pipeline', 'spark', 'postgresql', 'apache spark', 'data pipelines']"
2476,SALES,0.030892428337304576,0.044132040481863685,0.0,"['mysql', 'aws', 'data warehousing', 'etl', 'data warehouse', 'linux', 'pandas', 'sql', 'python', 'git', 'data pipeline', 'spark', 'postgresql', 'apache spark', 'data pipelines']"
2477,CHEF,0.030019492747820616,0.04288498963974374,0.0,"['mysql', 'aws', 'data warehousing', 'etl', 'data warehouse', 'linux', 'pandas', 'sql', 'python', 'git', 'data pipeline', 'spark', 'postgresql', 'apache spark', 'data pipelines']"
2478,ADVOCATE,0.02921773517724628,0.0417396216817804,0.0,"['mysql', 'aws', 'data warehousing', 'etl', 'data warehouse', 'linux', 'pandas', 'sql', 'python', 'git', 'data pipeline', 'spark', 'postgresql', 'apache spark', 'data pipelines']"
2479,DESIGNER,0.028098928498301916,0.040141326426145596,0.0,"['mysql', 'aws', 'data warehousing', 'etl', 'data warehouse', 'linux', 'pandas', 'sql', 'python', 'git', 'data pipeline', 'spark', 'postgresql', 'apache spark', 'data pipelines']"
2480,PUBLIC-RELATIONS,0.027639225492198535,0.03948460784599791,0.0,"['mysql', 'aws', 'data warehousing', 'etl', 'data warehouse', 'linux', 'pandas', 'sql', 'python', 'git', 'data pipeline', 'spark', 'postgresql', 'apache spark', 'data pipelines']"
2481,ARTS,0.027424871435750658,0.039178387765358084,0.0,"['mysql', 'aws', 'data warehousing', 'etl', 'data warehouse', 'linux', 'pandas', 'sql', 'python', 'git', 'data pipeline', 'spark', 'postgresql', 'apache spark', 'data pipelines']"
2482,BANKING,0.026280378668587706,0.03754339809798244,0.0,"['mysql', 'aws', 'data warehousing', 'etl', 'data warehouse', 'linux', 'pandas', 'sql', 'python', 'git', 'data pipeline', 'spark', 'postgresql', 'apache spark', 'data pipelines']"
2483,SALES,0.026162808197697278,0.037375440282424684,0.0,"['mysql', 'aws', 'data warehousing', 'etl', 'data warehouse', 'linux', 'pandas', 'sql', 'python', 'git', 'data pipeline', 'spark', 'postgresql', 'apache spark', 'data pipelines']"
2484,BUSINESS-DEVELOPMENT,0.0,0.0,0.0,"['mysql', 'aws', 'data warehousing', 'etl', 'data warehouse', 'linux', 'pandas', 'sql', 'python', 'git', 'data pipeline', 'spark', 'postgresql', 'apache spark', 'data pipelines']"
